{
"type": "FeatureCollection",
"name": "Scoraig",
"crs": { "type": "name", "properties": { "name": "urn:ogc:def:crs:OGC:1.3:CRS84" } },
"features": [
{ "type": "Feature", "properties": { "name": "24 Apr 2026 08:11:59", "cmt": null, "desc": null, "src": "FitoTrack", "link1_href": null, "link1_text": null, "link1_type": null, "link2_href": null, "link2_text": null, "link2_type": null, "number": 0, "type": "hiking" }, "geometry": { "type": "MultiLineString", "coordinates": [ [ [ -5.26269458, 57.87305424, 82.841896943838179 ], [ -5.26262483, 57.87302214, 82.941925663059024 ], [ -5.26253942, 57.87302128, 83.464802614488605 ], [ -5.26245554, 57.87304255, 83.604079670017029 ], [ -5.26235975, 57.8730617, 84.15472976378922 ], [ -5.26229302, 57.87309782, 84.370955763563572 ], [ -5.2622661, 57.87314989, 84.749851400880161 ], [ -5.26227492, 57.8731973, 84.911930425981041 ], [ -5.26227348, 57.87324912, 85.252406325813624 ], [ -5.26224074, 57.87329562, 85.363759518824239 ], [ -5.26221537, 57.87334138, 85.664223603994429 ], [ -5.26214124, 57.87337683, 86.314222950046329 ], [ -5.26206525, 57.87340503, 86.714716026915752 ], [ -5.26211255, 57.87344775, 87.114077228610782 ], [ -5.26225171, 57.87343752, 87.270349026880879 ], [ -5.26235849, 57.87343252, 87.657253607133384 ], [ -5.26244439, 57.87342646, 87.893925599844039 ], [ -5.26253827, 57.87342051, 88.048310212881148 ], [ -5.26263389, 57.87341485, 88.116631985865254 ], [ -5.2627311, 57.87341179, 88.418229036123336 ], [ -5.26283587, 57.87341685, 88.179291658193648 ], [ -5.262984, 57.8734166, 88.422380516661846 ], [ -5.26308917, 57.87342494, 88.801358155996382 ], [ -5.26318831, 57.87343018, 89.261491299830098 ], [ -5.2632776, 57.87343297, 89.705770561827862 ], [ -5.2633701, 57.87344056, 89.97452742828294 ], [ -5.26345768, 57.87344599, 90.289335320128643 ], [ -5.26354532, 57.8734507, 90.306321077138961 ], [ -5.26365173, 57.87345431, 90.577720438885621 ], [ -5.26374875, 57.87345897, 90.786460128303858 ], [ -5.26385216, 57.87346587, 90.919328758849346 ], [ -5.26395489, 57.87347094, 91.510065692966251 ], [ -5.2640546, 57.8734782, 91.709368366306094 ], [ -5.26415887, 57.87348513, 91.419473172388692 ], [ -5.26424472, 57.87348876, 91.866394929678023 ], [ -5.26435483, 57.8734924, 92.024176803108546 ], [ -5.26445044, 57.87349244, 91.986052718635889 ], [ -5.26454746, 57.87350046, 92.265001366271221 ], [ -5.26464953, 57.87350985, 92.290669374258101 ], [ -5.26474742, 57.87351652, 92.034746239318096 ], [ -5.26484634, 57.87351762, 92.086459365364405 ], [ -5.26495484, 57.87352175, 92.645866735795494 ], [ -5.26506151, 57.87352816, 92.926325458591251 ], [ -5.2651637, 57.87353643, 92.571883407112452 ], [ -5.26527451, 57.87354445, 92.627748558654034 ], [ -5.26537522, 57.873547, 92.458643028868877 ], [ -5.26547762, 57.87355347, 92.519037860935001 ], [ -5.26558582, 57.87356179, 93.050889493189473 ], [ -5.26569409, 57.87356282, 92.890088559351582 ], [ -5.26580006, 57.87356382, 93.054664408612183 ], [ -5.26591359, 57.87357066, 93.168281896928306 ], [ -5.26601717, 57.87357894, 93.181493283472676 ], [ -5.26611919, 57.8735825, 93.122608526566978 ], [ -5.26622206, 57.87358177, 93.518572467868594 ], [ -5.26632105, 57.87358211, 93.660878114492476 ], [ -5.26641632, 57.87358305, 93.148654189583155 ], [ -5.2665094, 57.87358504, 92.759862424097676 ], [ -5.26660612, 57.87359139, 92.978038584637574 ], [ -5.26669158, 57.87360003, 93.030507020742476 ], [ -5.2667761, 57.87360807, 93.144879819117207 ], [ -5.26687857, 57.8736148, 93.019560474460391 ], [ -5.26696847, 57.87362513, 93.068253995142598 ], [ -5.26706333, 57.87362828, 93.599728517324507 ], [ -5.26717033, 57.87363401, 93.634455341403751 ], [ -5.26725652, 57.87363887, 93.766191551818096 ], [ -5.26734649, 57.87364035, 93.563491618084839 ], [ -5.26743145, 57.87363915, 93.870372569012574 ], [ -5.26753553, 57.87364437, 93.975308351308882 ], [ -5.26763424, 57.87364419, 93.99682378884377 ], [ -5.26773564, 57.87364648, 94.643048764429707 ], [ -5.26783694, 57.87365189, 94.627572537623067 ], [ -5.26791998, 57.87366337, 95.055998462741641 ], [ -5.26801773, 57.87367005, 95.117902825011456 ], [ -5.2681011, 57.87368139, 95.342495851308882 ], [ -5.26818799, 57.87367604, 95.733552457056661 ], [ -5.26827348, 57.87367818, 95.925305844507832 ], [ -5.26837707, 57.87368606, 95.984945366515362 ], [ -5.26847044, 57.87369268, 96.122343677585391 ], [ -5.26856785, 57.87370045, 96.221617904182764 ], [ -5.26866148, 57.87371101, 96.798388141696719 ], [ -5.26874738, 57.87371554, 97.021093982761172 ], [ -5.26884962, 57.87372323, 97.452917168273174 ], [ -5.26895481, 57.87373189, 97.203410899090699 ], [ -5.26906903, 57.87374082, 97.237005303038799 ], [ -5.2691766, 57.87374518, 97.95796837240961 ], [ -5.26926203, 57.87374939, 98.218043532844874 ], [ -5.26936384, 57.87375184, 98.670627390789917 ], [ -5.26945714, 57.87375536, 98.375070096216817 ], [ -5.26954738, 57.87376367, 98.470191752362183 ], [ -5.26963484, 57.87376122, 98.576637609818931 ], [ -5.26972661, 57.87376352, 98.647601878094605 ], [ -5.26982859, 57.87376919, 98.768013887197554 ], [ -5.26991979, 57.87376908, 98.885406290936402 ], [ -5.27000717, 57.87376852, 98.718565601413516 ], [ -5.27009489, 57.87376333, 98.227857658995831 ], [ -5.27019552, 57.87376477, 97.887381759163233 ], [ -5.27028622, 57.87376378, 98.146325044424117 ], [ -5.27037425, 57.87375908, 98.075361321105206 ], [ -5.27048249, 57.87375682, 97.737150261534893 ], [ -5.27056802, 57.87375472, 97.475187915866641 ], [ -5.2706763, 57.87375376, 97.265693461346558 ], [ -5.27076577, 57.87375164, 97.555211000234664 ], [ -5.2708517, 57.87375499, 97.57899182298857 ], [ -5.27093821, 57.87375622, 97.725827150137007 ], [ -5.27102292, 57.87375733, 97.178121091089864 ], [ -5.27110932, 57.87375486, 97.059219157147339 ], [ -5.27121541, 57.873741, 96.856896333486617 ], [ -5.27130429, 57.87374119, 96.691565719124171 ], [ -5.2714009, 57.87374601, 97.018452577383101 ], [ -5.27149373, 57.87374464, 96.917291165552754 ], [ -5.27159118, 57.87374226, 96.769701073302471 ], [ -5.27169163, 57.87374291, 96.749695165971275 ], [ -5.2717867, 57.87373519, 96.953527519835674 ], [ -5.27188524, 57.87373294, 96.959944385593204 ], [ -5.27200366, 57.87373406, 96.892000267638409 ], [ -5.27211646, 57.87372921, 96.721385207649561 ], [ -5.27220626, 57.87371354, 96.003441743642867 ], [ -5.2723028, 57.87370132, 95.487442903310836 ], [ -5.27239421, 57.87370061, 95.708261559142315 ], [ -5.27248656, 57.87368313, 95.390055861946436 ], [ -5.27258505, 57.87367412, 95.404022013592652 ], [ -5.27269609, 57.87367257, 95.390055861946436 ], [ -5.27279827, 57.87366739, 95.129603591438624 ], [ -5.27289287, 57.87366059, 94.769121784274844 ], [ -5.27299133, 57.87365204, 94.795166902334273 ], [ -5.27308717, 57.87364345, 94.537734237190577 ], [ -5.27318062, 57.87363646, 94.240289757384502 ], [ -5.27326549, 57.87362977, 94.090434824871949 ], [ -5.27335436, 57.87362649, 93.817148277892315 ], [ -5.2734659, 57.87362709, 93.712589605668541 ], [ -5.27363777, 57.87361484, 94.646066734923565 ], [ -5.27374475, 57.87361076, 94.750248297074791 ], [ -5.27384999, 57.87360181, 94.598883834358546 ], [ -5.27395253, 57.87359918, 94.733262540064473 ], [ -5.27405295, 57.87359806, 94.7204288085494 ], [ -5.27414635, 57.8735976, 94.446009296481876 ], [ -5.27423147, 57.87360743, 93.998332229133936 ], [ -5.27435124, 57.87361074, 94.213488784309718 ], [ -5.27448235, 57.87362121, 94.152339187141749 ], [ -5.27457695, 57.87363045, 94.327106272625855 ], [ -5.27466339, 57.8736397, 94.596996104168824 ], [ -5.27475255, 57.87364565, 94.181781565594605 ], [ -5.27487465, 57.87365434, 94.085904599390645 ], [ -5.27496948, 57.87366564, 94.051177775311402 ], [ -5.27506222, 57.8736755, 93.637850966926905 ], [ -5.27515222, 57.87368468, 93.825452328882832 ], [ -5.27526228, 57.87369494, 93.397781713822837 ], [ -5.27535079, 57.87370059, 93.666161470205367 ], [ -5.27543986, 57.87370794, 93.636341436723228 ], [ -5.2755283, 57.87371287, 93.980969907007832 ], [ -5.27563358, 57.87371711, 94.582276277334273 ], [ -5.27572134, 57.87372392, 94.735905580312789 ], [ -5.27584144, 57.8737232, 94.861979690071436 ], [ -5.27593771, 57.87372898, 94.901236739631983 ], [ -5.27602165, 57.87373652, 94.857827664576192 ], [ -5.27611074, 57.87374228, 95.433843681945049 ], [ -5.27619718, 57.87374473, 95.650887422353804 ], [ -5.27628227, 57.87374936, 96.140085289611065 ], [ -5.2764381, 57.87375975, 96.172547273428023 ], [ -5.27652693, 57.87376689, 96.14725692047044 ], [ -5.27661227, 57.8737737, 97.056576116899009 ], [ -5.27670148, 57.87378091, 97.12527499995565 ], [ -5.27679037, 57.87378579, 97.226814066815308 ], [ -5.27690917, 57.87379213, 97.311743941780421 ], [ -5.27700047, 57.87379673, 97.44159242200503 ], [ -5.27709931, 57.87380639, 97.595977035042139 ], [ -5.27718926, 57.87380616, 97.688079085823389 ], [ -5.27727638, 57.87380822, 98.039878642010621 ], [ -5.2773715, 57.87381724, 97.944756985865254 ], [ -5.2774799, 57.87382228, 98.191620759756148 ], [ -5.27756862, 57.87381445, 98.575882844717086 ], [ -5.27769031, 57.87381873, 98.526434558933047 ], [ -5.27779167, 57.87383157, 98.800853526043824 ], [ -5.2778899, 57.87383597, 98.600795542645386 ], [ -5.27798774, 57.87384123, 98.670249735760621 ], [ -5.2780834, 57.87384236, 98.905034543238301 ], [ -5.27817401, 57.87384981, 99.283634527543541 ], [ -5.27827455, 57.87386127, 99.487089771335391 ], [ -5.27836645, 57.873869, 99.490864686758101 ], [ -5.2784656, 57.87387648, 99.699604376176353 ], [ -5.27855669, 57.87388325, 99.983082704336226 ], [ -5.27865894, 57.87389158, 99.95817000640794 ], [ -5.27876183, 57.87389412, 100.397164822779317 ], [ -5.27884754, 57.87390188, 100.525503772800235 ], [ -5.27894625, 57.87390407, 100.585521494793824 ], [ -5.27904752, 57.87390755, 100.663657393928858 ], [ -5.27915087, 57.87391359, 100.936944485865254 ], [ -5.27924503, 57.87392031, 101.425010477948121 ], [ -5.27935292, 57.87392289, 101.652623654566426 ], [ -5.27944233, 57.87392609, 101.820974419249737 ], [ -5.27953512, 57.87392972, 102.095771041389796 ], [ -5.2796321, 57.87393264, 101.883256981505596 ], [ -5.27976174, 57.87393548, 102.216938360551353 ], [ -5.27986564, 57.87394082, 102.177681310990806 ], [ -5.27996708, 57.87394808, 102.367547513209004 ], [ -5.28006195, 57.87395774, 103.289323603558472 ], [ -5.28015823, 57.87396395, 103.490514007088038 ], [ -5.28026336, 57.87397368, 103.963103772364278 ], [ -5.28036849, 57.87398641, 104.746726514063496 ], [ -5.28046009, 57.87400237, 105.614147255553448 ], [ -5.28056174, 57.87401875, 105.08342749847337 ], [ -5.28064973, 57.87402713, 105.665859836643008 ], [ -5.28075344, 57.87403114, 106.253954547946719 ], [ -5.28086177, 57.87404702, 106.718994754855899 ], [ -5.28093423, 57.8740709, 107.231218134808472 ], [ -5.28102813, 57.87408883, 108.233394692076885 ], [ -5.2811025, 57.87411056, 108.668237482953003 ], [ -5.28118645, 57.87413393, 109.298231466630455 ], [ -5.28126595, 57.87415049, 110.27662774610171 ], [ -5.28135747, 57.87417155, 110.393642767289634 ], [ -5.28143855, 57.87418747, 111.079123975000996 ], [ -5.28153647, 57.87420261, 111.575871400625289 ], [ -5.28161918, 57.87421388, 111.770267283368042 ], [ -5.28171909, 57.87423058, 111.927671501769268 ], [ -5.28182176, 57.87424933, 113.12575401694086 ], [ -5.28191151, 57.87427547, 113.46283265638003 ], [ -5.28201356, 57.8742909, 113.718378136290752 ], [ -5.28209486, 57.87430737, 113.965241910181661 ], [ -5.28219341, 57.87432243, 114.024881977145938 ], [ -5.28230009, 57.87432747, 114.457459927759786 ], [ -5.28239328, 57.87434837, 114.734521390162129 ], [ -5.28248943, 57.87436535, 115.273545198232711 ], [ -5.28257812, 57.87437993, 115.369799546987593 ], [ -5.2826616, 57.87439157, 115.604962009494571 ], [ -5.28281439, 57.87441508, 115.619683198720992 ], [ -5.28290463, 57.87443417, 115.872586455818507 ], [ -5.28299468, 57.87445357, 116.234955448215274 ], [ -5.28308596, 57.8744731, 116.163236414837769 ], [ -5.28317687, 57.87449324, 116.223631246903892 ], [ -5.2832676, 57.87451182, 116.559577466211934 ], [ -5.28335721, 57.87452335, 116.914019790169093 ], [ -5.28344327, 57.87453676, 117.163903441902491 ], [ -5.28353596, 57.87454681, 117.374907971583028 ], [ -5.28361911, 57.87455569, 117.471162320337911 ], [ -5.28371794, 57.87456677, 117.986783233162257 ], [ -5.28381383, 57.87457829, 118.092474053038799 ], [ -5.2839121, 57.87459023, 118.192880427288941 ], [ -5.28401399, 57.87460013, 118.38350139460897 ], [ -5.28411766, 57.87460945, 118.491457327226158 ], [ -5.28421712, 57.87462305, 118.372932503356182 ], [ -5.28432274, 57.87463233, 118.40916940259585 ], [ -5.28443061, 57.87464502, 119.096160685467652 ], [ -5.28453054, 57.87465172, 119.658210006233546 ], [ -5.28463644, 57.87466071, 119.290556568210391 ], [ -5.28473498, 57.87466751, 119.292821408472676 ], [ -5.28483835, 57.87468168, 119.635939531118453 ], [ -5.28493596, 57.8746938, 120.145520688257832 ], [ -5.28503661, 57.87470818, 120.175718104290894 ], [ -5.28513752, 57.87472422, 120.495055676661153 ], [ -5.28524479, 57.87473755, 120.254608768527774 ], [ -5.28534462, 57.87475009, 120.416542394975181 ], [ -5.28544685, 57.87476476, 120.592819828098087 ], [ -5.28554799, 57.87477554, 121.163928237434718 ], [ -5.28565662, 57.87477349, 121.690873079092086 ], [ -5.285759, 57.87479162, 121.505536557398457 ], [ -5.28585455, 57.87481531, 121.645954473832603 ], [ -5.2859458, 57.87482104, 121.8305362304244 ], [ -5.28603855, 57.87481443, 122.683613165238853 ], [ -5.28614038, 57.87482519, 122.937271459916587 ], [ -5.28621558, 57.87484776, 123.0203144221271 ], [ -5.28630038, 57.87487627, 123.214710304869854 ], [ -5.28639017, 57.87489888, 123.220749788076461 ], [ -5.28648749, 57.87492529, 123.005593232900679 ], [ -5.28656909, 57.87495162, 123.770720414907515 ], [ -5.28665694, 57.87498199, 124.047781877309859 ], [ -5.28674218, 57.8750048, 123.943223477564473 ], [ -5.28683413, 57.87502937, 123.956434864108829 ], [ -5.2869279, 57.87505085, 124.093833175178858 ], [ -5.2870156, 57.87506487, 124.816683702261031 ], [ -5.28711536, 57.87508258, 124.620778016836226 ], [ -5.2871993, 57.87509663, 124.587183340409752 ], [ -5.28730708, 57.87511188, 124.638141428875855 ], [ -5.28740452, 57.87513073, 124.877833299429 ], [ -5.28750187, 57.8751525, 124.939737934177188 ], [ -5.28759518, 57.875169, 124.803849698267598 ], [ -5.28769032, 57.87518365, 125.375713145184449 ], [ -5.28778658, 57.87520394, 125.753935746938765 ], [ -5.2878908, 57.87522292, 125.921908856592793 ], [ -5.28797635, 57.87523608, 125.592379503042281 ], [ -5.28807458, 57.87525172, 125.834336213857711 ], [ -5.28817394, 57.875263, 126.097808634686402 ], [ -5.28827266, 57.87527693, 126.180851596896915 ], [ -5.28836899, 57.87529037, 126.125741210457178 ], [ -5.28846214, 57.87530658, 126.429980211050093 ], [ -5.28855967, 57.87532498, 126.385061605790611 ], [ -5.28865897, 57.87534223, 126.27823836578294 ], [ -5.28875378, 57.87536524, 126.51377821084084 ], [ -5.28885393, 57.87538247, 126.940316678248067 ], [ -5.2889459, 57.875406, 127.183028426643702 ], [ -5.28904161, 57.87543147, 127.233986515109805 ], [ -5.28914069, 57.8754536, 127.626175540988712 ], [ -5.28924437, 57.87546921, 127.480095523898868 ], [ -5.28933492, 57.87548169, 127.975333146841109 ], [ -5.28943837, 57.87549839, 128.316564084253912 ], [ -5.28953215, 57.87551414, 128.537760395114702 ], [ -5.2896266, 57.8755291, 128.384508474687095 ], [ -5.28971981, 57.87554549, 128.489822184491089 ], [ -5.28981315, 57.87556225, 128.683463029653609 ], [ -5.28991458, 57.87557922, 129.048096862312661 ], [ -5.2900195, 57.87559398, 129.382910661489547 ], [ -5.29009917, 57.87560944, 129.397631850715982 ], [ -5.29019722, 57.87562557, 128.958637034344605 ], [ -5.29029797, 57.87564744, 129.076406820634361 ], [ -5.29037908, 57.87566028, 129.225129060537398 ], [ -5.29047703, 57.8756811, 128.927684308252935 ], [ -5.29056319, 57.87569289, 129.275709493974205 ], [ -5.29066879, 57.87571099, 129.570511750967086 ], [ -5.29076741, 57.87572663, 129.287788460387418 ], [ -5.29085878, 57.87574399, 129.37007638501774 ], [ -5.29095514, 57.87575938, 129.827567033559859 ], [ -5.29104967, 57.87576584, 130.026492324348794 ], [ -5.29114907, 57.87577533, 130.177857059543413 ], [ -5.29124164, 57.8757952, 130.078205450395103 ], [ -5.29133611, 57.8758154, 130.135203022067827 ], [ -5.29143379, 57.87583318, 130.244668757367066 ], [ -5.29152782, 57.87584476, 130.7338668971027 ], [ -5.29163037, 57.87585658, 130.933547497950201 ], [ -5.29172536, 57.87587182, 130.767084190978238 ], [ -5.29182786, 57.87588706, 131.152856351099615 ], [ -5.29193026, 57.87590297, 131.326113906380044 ], [ -5.29203138, 57.8759158, 131.280062880989419 ], [ -5.29211319, 57.87592726, 131.562031133988853 ], [ -5.29219225, 57.87594327, 131.685085638383384 ], [ -5.29229092, 57.87595721, 131.711508411472124 ], [ -5.29238983, 57.87597756, 131.889295647277066 ], [ -5.29249299, 57.87599133, 132.028958526131021 ], [ -5.29259085, 57.87600976, 132.472483023026939 ], [ -5.29268862, 57.87602496, 132.621205535408365 ], [ -5.29278545, 57.87604175, 132.473238060607144 ], [ -5.29289147, 57.8760569, 132.205235959253912 ], [ -5.2929895, 57.87607953, 132.24902214438228 ], [ -5.29308549, 57.87609875, 132.664991720536705 ], [ -5.29318633, 57.87611676, 132.567227569099771 ], [ -5.29329063, 57.87613362, 132.540050030909185 ], [ -5.29337607, 57.87614624, 132.494753770620406 ], [ -5.29347347, 57.87616614, 132.611013754228111 ], [ -5.29357881, 57.87618475, 132.605729036123336 ], [ -5.29368472, 57.87620263, 132.400009224547574 ], [ -5.29378533, 57.87622142, 132.279597215444625 ], [ -5.2938854, 57.87624033, 131.967431546412115 ], [ -5.29397501, 57.87623183, 131.603552751333297 ], [ -5.29412283, 57.87626864, 131.502768722053872 ], [ -5.29419651, 57.87629229, 131.572977952749312 ], [ -5.29428774, 57.87631508, 131.897977625775269 ], [ -5.29438454, 57.87633914, 131.461247377187789 ], [ -5.29448352, 57.87635942, 131.317809582911138 ], [ -5.29458167, 57.87638018, 131.484272889883101 ], [ -5.29466128, 57.87639875, 131.377449377397056 ], [ -5.29475651, 57.87642303, 131.448035990643433 ], [ -5.29485627, 57.87643517, 131.427652700761314 ], [ -5.29495734, 57.87645381, 131.034331527229654 ], [ -5.29505151, 57.87647337, 130.96336753143234 ], [ -5.29514709, 57.87649193, 130.605527947081754 ], [ -5.29524001, 57.87650555, 130.665545124118609 ], [ -5.29537623, 57.8765227, 130.767838956080084 ], [ -5.29547664, 57.87653831, 130.690835477076178 ], [ -5.29557463, 57.87655471, 130.376404695303023 ], [ -5.29567785, 57.87656893, 129.898908139429693 ], [ -5.29576038, 57.87658055, 130.092171602041304 ], [ -5.29585264, 57.8765997, 130.094436442303589 ], [ -5.29594842, 57.87661041, 129.013746330870816 ], [ -5.2960573, 57.87662722, 128.644205435136314 ], [ -5.29615846, 57.87664752, 128.618915082178717 ], [ -5.29626243, 57.87666268, 128.729890620160035 ], [ -5.29634504, 57.87667756, 129.117927348065308 ], [ -5.29643689, 57.87669924, 129.596178941518843 ], [ -5.29652948, 57.87672653, 129.662235874240679 ], [ -5.29662347, 57.87674995, 129.791707516871099 ], [ -5.29672419, 57.87676929, 129.853989534170211 ], [ -5.29680584, 57.87679303, 130.040081093444059 ], [ -5.2969765, 57.87680405, 130.348472392010621 ], [ -5.29706466, 57.87682992, 130.781050342624468 ], [ -5.2971592, 57.87685482, 130.862960884703824 ], [ -5.29725738, 57.87687664, 130.761422090322554 ], [ -5.29735615, 57.87689564, 131.637902192861617 ], [ -5.29745571, 57.87690907, 132.028958798609381 ], [ -5.2975528, 57.87691825, 132.118418626577437 ], [ -5.2976481, 57.87692348, 131.85117156280441 ], [ -5.29774615, 57.8769274, 131.845886844699663 ], [ -5.29784861, 57.87692627, 131.799835819309038 ], [ -5.29795952, 57.87692735, 131.893825327801636 ], [ -5.29806406, 57.87692297, 131.880991323808189 ], [ -5.29816787, 57.87692598, 131.991212096687661 ], [ -5.29826974, 57.87694499, 132.093883311200074 ], [ -5.29836169, 57.87696945, 132.341502122671187 ], [ -5.2984386, 57.87699543, 132.350183828691002 ], [ -5.29852361, 57.87702293, 132.569492681840416 ], [ -5.29862229, 57.87703874, 132.863539901253091 ], [ -5.29872097, 57.8770602, 133.069259712828824 ], [ -5.29881831, 57.87707301, 133.362552167139654 ], [ -5.29890837, 57.87708113, 133.701895646841109 ], [ -5.29901254, 57.87708701, 134.053318092955777 ], [ -5.29915001, 57.87709017, 133.450879847454956 ], [ -5.29923618, 57.87709007, 133.492401192321012 ], [ -5.29933109, 57.87709844, 133.553173406938072 ], [ -5.29941745, 57.87712211, 133.612435818873053 ], [ -5.29950557, 57.87714355, 133.617720264499468 ], [ -5.29960301, 57.87716039, 133.638481209410855 ], [ -5.29968626, 57.87717055, 133.486361709114419 ], [ -5.29978257, 57.87718427, 133.578463759895669 ], [ -5.29987677, 57.87720171, 133.721523899143023 ], [ -5.29996437, 57.87720753, 133.382180419441568 ], [ -5.30005588, 57.87722064, 133.194201402456343 ], [ -5.30014306, 57.87723141, 133.051896028310836 ], [ -5.30023604, 57.87724505, 132.769550120282105 ], [ -5.30033666, 57.87725194, 132.713307313711226 ], [ -5.30048037, 57.8772388, 133.073788848396646 ], [ -5.30058237, 57.87725911, 132.783516271928306 ], [ -5.30065605, 57.87728583, 132.909968036716265 ], [ -5.30075006, 57.87731195, 132.925821646073814 ], [ -5.30083165, 57.87733737, 132.816355910774575 ], [ -5.3009175, 57.87736082, 132.817865713456627 ], [ -5.30100814, 57.87738646, 132.779363973954673 ], [ -5.30109576, 57.87740828, 132.741994654583863 ], [ -5.3011859, 57.87742383, 132.304132258343628 ], [ -5.30127399, 57.87743975, 132.555903367788375 ], [ -5.3013581, 57.87745364, 132.472860405577848 ], [ -5.30146095, 57.87747141, 132.323383128094605 ], [ -5.3015635, 57.87747291, 131.970450879297857 ], [ -5.30166135, 57.87747997, 131.854945933270386 ], [ -5.30175921, 57.87748956, 132.002913408071578 ], [ -5.3018621, 57.87749612, 132.055003916668824 ], [ -5.30196946, 57.87750291, 131.947803021631842 ], [ -5.3020694, 57.87751574, 131.604684898986051 ], [ -5.30217339, 57.87752145, 131.139644692076871 ], [ -5.30226407, 57.8775312, 130.830876010959429 ], [ -5.30235042, 57.87755107, 130.679888930794107 ], [ -5.30243858, 57.87756993, 130.269204072744429 ], [ -5.30253328, 57.87758823, 130.072165694710122 ], [ -5.30262872, 57.8776102, 129.751695702208707 ], [ -5.30273032, 57.87762334, 129.658461231296343 ], [ -5.30281844, 57.87763384, 129.009216922824663 ], [ -5.30291841, 57.87765634, 128.631749086172164 ], [ -5.3030076, 57.87767678, 128.317318304399009 ], [ -5.3031083, 57.87769209, 128.00062268236357 ], [ -5.30320159, 57.87771234, 127.675623009337627 ], [ -5.30328813, 57.87773791, 127.451784748142032 ], [ -5.30338055, 57.87776017, 127.391389916075909 ], [ -5.30346377, 57.87778622, 127.236628192966251 ], [ -5.30355333, 57.87780679, 126.885205746851582 ], [ -5.30365534, 57.87781993, 126.670049191675801 ], [ -5.30375513, 57.8778431, 126.583986624101158 ], [ -5.30383588, 57.87785928, 126.756489414279727 ], [ -5.3039338, 57.87788217, 126.539445401392598 ], [ -5.30403688, 57.87789875, 126.398650102407515 ], [ -5.30414246, 57.87791335, 126.711948191571167 ], [ -5.30423554, 57.8779307, 126.600217888488018 ], [ -5.30432479, 57.87794549, 126.406954425876407 ], [ -5.30441225, 57.87796825, 126.39147847154814 ], [ -5.30451509, 57.87797655, 125.936252390789917 ], [ -5.30460863, 57.87799495, 125.775073529444356 ], [ -5.30471617, 57.8780125, 125.751292979168824 ], [ -5.30481417, 57.87803149, 125.711658819535728 ], [ -5.30489819, 57.87805596, 125.622954029147891 ], [ -5.30497775, 57.87808238, 125.605590344629903 ], [ -5.30503601, 57.87811808, 125.539156029357159 ], [ -5.30507668, 57.8781648, 125.17527723427834 ], [ -5.30513747, 57.8782099, 125.013343607830933 ], [ -5.30521598, 57.87824529, 124.655881678509644 ], [ -5.30530467, 57.87826739, 124.459598610533916 ], [ -5.30539576, 57.8782888, 124.560759749885889 ], [ -5.30548842, 57.87830541, 124.595486846443507 ], [ -5.30558579, 57.87831, 124.513953686915059 ], [ -5.30569679, 57.87831235, 124.641160489283223 ], [ -5.30580861, 57.87831593, 124.464883328638692 ], [ -5.30591789, 57.87832057, 124.136864050248619 ], [ -5.30602208, 57.87831905, 124.233118399003502 ], [ -5.30615418, 57.87830087, 124.149320399212769 ], [ -5.30624852, 57.87831864, 123.942468167505879 ], [ -5.30634113, 57.87833624, 123.493281569954249 ], [ -5.30642687, 57.87835746, 123.234338829650127 ], [ -5.30650284, 57.87838835, 123.124873094350875 ], [ -5.30658425, 57.8784131, 123.190930027072696 ], [ -5.30667029, 57.87843174, 123.239623275276514 ], [ -5.30675302, 57.87845703, 122.996156761779034 ], [ -5.30683768, 57.87847245, 122.871215072151514 ], [ -5.30693253, 57.87847975, 122.76174960933065 ], [ -5.30703275, 57.87848839, 123.012765408716817 ], [ -5.30712497, 57.87850489, 122.701354504786153 ], [ -5.30721571, 57.87851469, 122.917643480093062 ], [ -5.30730608, 57.87853188, 123.158090388226441 ], [ -5.3074062, 57.87854884, 123.147898879524561 ], [ -5.30751135, 57.87856433, 123.292091438903057 ], [ -5.3076169, 57.87857777, 123.71598768349709 ], [ -5.30772279, 57.87858709, 124.036080293447554 ], [ -5.30781617, 57.87860157, 124.006637914994712 ], [ -5.30789567, 57.87861722, 123.706928322447979 ], [ -5.30796401, 57.87864781, 123.320024014673848 ], [ -5.30802661, 57.87868324, 123.045982430113995 ], [ -5.30812614, 57.87873397, 122.51865993342733 ], [ -5.30821424, 57.87878761, 121.815815041197979 ], [ -5.30834671, 57.87883303, 121.13071121603754 ], [ -5.30843571, 57.87887142, 120.931785652770245 ], [ -5.30849768, 57.87890288, 120.078331062926495 ], [ -5.30854458, 57.87894114, 118.736055988376407 ], [ -5.30861778, 57.87899414, 117.8641055663619 ], [ -5.30862886, 57.87904527, 116.809460845466944 ], [ -5.30865743, 57.87909505, 116.089252541197979 ], [ -5.30866062, 57.87914016, 114.978742396283081 ], [ -5.30865035, 57.87919287, 114.351013525346275 ], [ -5.30862586, 57.87924464, 113.915415969368311 ], [ -5.30864992, 57.87929433, 113.506618296551636 ], [ -5.30871249, 57.87933172, 113.202001913407798 ], [ -5.30878205, 57.87936367, 113.06120661442273 ], [ -5.30887223, 57.87936616, 113.120469026357711 ], [ -5.30894596, 57.87938864, 112.828308992178023 ], [ -5.30901843, 57.87942742, 112.578047957893702 ], [ -5.3090938, 57.87944771, 112.357606957091534 ], [ -5.30916843, 57.87947477, 112.49726983594546 ], [ -5.30925979, 57.87949853, 112.384784495282105 ], [ -5.3093554, 57.87951148, 112.307403633727276 ], [ -5.30945372, 57.87953161, 111.684582098344322 ], [ -5.3095314, 57.87955339, 111.315795967711651 ], [ -5.30960556, 57.87957668, 110.757143634860782 ], [ -5.309693, 57.87959579, 110.119600637773033 ], [ -5.30977927, 57.8796167, 109.267656123089722 ], [ -5.30986516, 57.87963696, 108.6772968440021 ], [ -5.30994854, 57.87964983, 107.702297824924258 ], [ -5.31003708, 57.87967191, 106.804679394922871 ], [ -5.31011505, 57.87969747, 104.913944041180542 ], [ -5.3101934, 57.87972346, 104.496842044894962 ], [ -5.31024577, 57.87975937, 103.885344165866641 ], [ -5.31031064, 57.87980399, 103.549020836486065 ], [ -5.31033751, 57.87984766, 103.391994000635762 ], [ -5.31035533, 57.87989956, 102.761245524334839 ], [ -5.31039374, 57.87996311, 102.779363701476299 ], [ -5.31042683, 57.88000959, 102.964323113097393 ], [ -5.3104556, 57.88005715, 102.978289809700343 ], [ -5.3104738, 57.88010221, 102.976024969438072 ], [ -5.31049338, 57.88015516, 103.071901935642032 ], [ -5.31052209, 57.88020209, 103.065862179957051 ], [ -5.3105462, 57.88025084, 103.207034861493042 ], [ -5.31056393, 57.88030024, 103.165513516626973 ], [ -5.31055945, 57.88034981, 104.083892074104639 ], [ -5.3105608, 57.8804048, 103.796639375478804 ], [ -5.31054918, 57.88045201, 103.720391206533492 ], [ -5.31054309, 57.88051428, 103.262145247932764 ], [ -5.3104843, 57.88055249, 102.360752447465416 ], [ -5.31043156, 57.88059053, 102.041791985167706 ], [ -5.31040202, 57.8806396, 101.269870554852417 ], [ -5.31040381, 57.88069015, 100.407356603959556 ], [ -5.31038643, 57.88074706, 99.639587199139527 ], [ -5.31038274, 57.8807991, 98.819727558200626 ], [ -5.31041414, 57.88087947, 97.965140548225733 ], [ -5.31044999, 57.88092645, 96.809334687978804 ], [ -5.31050713, 57.88096724, 96.092523644103252 ], [ -5.31060323, 57.88102159, 95.091479506965968 ], [ -5.31065711, 57.8810648, 94.402223656310284 ], [ -5.31072457, 57.88110523, 93.338519846844605 ], [ -5.31081653, 57.88115693, 92.184223516801353 ], [ -5.31088321, 57.88120825, 91.286227976727417 ], [ -5.31091424, 57.88125427, 91.195258346077296 ], [ -5.31092538, 57.88130015, 90.893284185746666 ], [ -5.3109523, 57.88136909, 90.399556637964864 ], [ -5.31095607, 57.88142611, 90.149673258709839 ], [ -5.3109479, 57.88147209, 88.625458650381148 ], [ -5.31094719, 57.88152292, 88.593751431666036 ], [ -5.31097651, 57.88157428, 88.355569363794942 ], [ -5.31101936, 57.88161816, 88.711898600506714 ], [ -5.31105092, 57.88166331, 88.823251793517315 ], [ -5.31105197, 57.88170998, 88.868925163878643 ], [ -5.31106139, 57.88175946, 89.044447559421329 ], [ -5.31109336, 57.88180352, 89.427199569221827 ], [ -5.31113904, 57.8818435, 89.724266393998619 ], [ -5.31119029, 57.88189279, 90.171942916389796 ], [ -5.31123835, 57.88194045, 89.444940091334004 ], [ -5.31128821, 57.88198029, 89.327925342624454 ], [ -5.31134228, 57.88202298, 89.711432117526797 ], [ -5.31140222, 57.88206327, 89.751821042261739 ], [ -5.31145802, 57.88209824, 91.177139079022339 ], [ -5.31154276, 57.88213555, 91.045025213578697 ], [ -5.31162257, 57.88217133, 90.441454547946719 ], [ -5.3116952, 57.88220241, 90.049265522067813 ], [ -5.31176742, 57.88222821, 90.072291034763126 ], [ -5.31186186, 57.8822514, 90.207802160600181 ], [ -5.31193651, 57.88227291, 90.515438421586509 ], [ -5.31201551, 57.88230312, 90.706437043935836 ], [ -5.31208035, 57.88233586, 91.008034094193931 ], [ -5.31215528, 57.88236174, 91.294909682747218 ], [ -5.3122304, 57.88238853, 92.262359415936402 ], [ -5.31229723, 57.88242357, 92.666627408228536 ], [ -5.31236012, 57.88245538, 92.792702062943931 ], [ -5.31241721, 57.88249724, 93.244531155787129 ], [ -5.31247359, 57.88253348, 93.524234568524292 ], [ -5.31252833, 57.88257062, 94.283699377397056 ], [ -5.3126015, 57.88260843, 95.476119791912964 ], [ -5.31266489, 57.88264532, 96.274841650346275 ], [ -5.31271959, 57.88268146, 96.525479794703145 ], [ -5.31277868, 57.88271822, 96.953528064792422 ], [ -5.3128424, 57.88275168, 97.282679763313624 ], [ -5.31291332, 57.88279432, 97.679020814687789 ], [ -5.31297961, 57.88283613, 98.369409085474629 ], [ -5.31304684, 57.88288122, 98.984681062490523 ], [ -5.31310242, 57.88292243, 99.560697079859395 ], [ -5.31315086, 57.88296937, 100.052159787378926 ], [ -5.31320918, 57.88300953, 100.956949575761314 ], [ -5.31323201, 57.88305624, 101.534097468304566 ], [ -5.31326281, 57.8830988, 102.372075831341675 ], [ -5.31327545, 57.88315159, 102.471727168011597 ], [ -5.31326613, 57.88320034, 103.454652855529034 ], [ -5.31327896, 57.88324977, 103.953287738864688 ], [ -5.31332441, 57.88329205, 104.909790925771773 ], [ -5.31336647, 57.8833405, 105.914232323302471 ], [ -5.31340761, 57.88338335, 106.405317920749454 ], [ -5.31345645, 57.88342592, 107.211211410042139 ], [ -5.31348951, 57.88347575, 107.927645071366783 ], [ -5.3135268, 57.88352013, 108.345502105232569 ], [ -5.31354966, 57.88356857, 108.837342467781397 ], [ -5.31353037, 57.88361774, 109.514897279531539 ], [ -5.31351722, 57.88366598, 109.611529010837344 ], [ -5.31349787, 57.88371888, 110.084496158664493 ], [ -5.31347364, 57.88377319, 110.206418242927882 ], [ -5.31347048, 57.88381866, 110.5793566715342 ], [ -5.31350807, 57.88385917, 110.98664426919045 ], [ -5.31350291, 57.88390443, 111.64117329576689 ], [ -5.31348559, 57.88395489, 111.71515716940668 ], [ -5.31347684, 57.88400898, 112.224361216473511 ], [ -5.31346591, 57.88406305, 112.804528986859253 ], [ -5.31345501, 57.88410908, 112.97363451664441 ], [ -5.31344955, 57.88415954, 113.25296054683065 ], [ -5.31343348, 57.88420434, 113.308448315821309 ], [ -5.31339976, 57.88425327, 113.513413089816837 ], [ -5.31336907, 57.88430412, 113.802553246154034 ], [ -5.31337006, 57.88434941, 114.223052502833028 ], [ -5.31338279, 57.88439506, 114.462744373386172 ], [ -5.31337733, 57.88444052, 114.919102874275538 ], [ -5.31336803, 57.88449479, 115.212395328586368 ], [ -5.31334809, 57.88454979, 115.045932021614405 ], [ -5.31332841, 57.88459841, 115.081413883273868 ], [ -5.31330475, 57.88464888, 115.341111661158223 ], [ -5.31328955, 57.88469319, 115.099154950342793 ], [ -5.31326925, 57.88473741, 115.377726215427188 ], [ -5.31325215, 57.8847929, 115.45623949711316 ], [ -5.31324422, 57.88484684, 115.526448727808614 ], [ -5.31323198, 57.88490423, 115.808416980808047 ], [ -5.31322571, 57.88496088, 115.929584299969605 ], [ -5.31322352, 57.88500727, 115.760856152735371 ], [ -5.31320573, 57.88506533, 115.624212606767173 ], [ -5.3131969, 57.88512284, 115.347528799394127 ], [ -5.31319005, 57.88517688, 115.319973606174258 ], [ -5.31319186, 57.88522326, 115.169363908559859 ], [ -5.31320081, 57.88527023, 114.443871158664493 ], [ -5.31320539, 57.88532029, 113.885974135872218 ], [ -5.31322573, 57.88536662, 113.152554172580508 ], [ -5.31323615, 57.8854118, 112.579180650503218 ], [ -5.31326099, 57.88545682, 111.496603353837486 ], [ -5.31324015, 57.88550519, 110.405344078673565 ], [ -5.31322952, 57.8855569, 109.31710440887376 ], [ -5.31321366, 57.88560707, 108.211501327034327 ], [ -5.31317882, 57.88569418, 107.146287442408223 ], [ -5.31313915, 57.88574401, 105.93046413264608 ], [ -5.31310386, 57.88578585, 104.844867230616231 ], [ -5.31307743, 57.88583473, 103.657354151654175 ], [ -5.31302005, 57.88587771, 102.241472858493594 ], [ -5.31297849, 57.88591706, 101.386131083416871 ], [ -5.312937, 57.88596038, 100.898065091334004 ], [ -5.31289317, 57.88600041, 99.903060164924952 ], [ -5.31285043, 57.88605002, 98.971470220902916 ], [ -5.31269125, 57.88599141, 97.890025344368311 ], [ -5.31266232, 57.88604946, 97.151320662971827 ], [ -5.31263323, 57.88609363, 96.564736299306929 ], [ -5.3125608, 57.88613372, 95.875480448651246 ], [ -5.31252878, 57.88617821, 95.093367782112452 ], [ -5.31249148, 57.88622402, 94.293513503547999 ], [ -5.31249462, 57.88627967, 93.740900653903751 ], [ -5.31249101, 57.88633335, 92.883294038564742 ], [ -5.31249532, 57.88638219, 92.327661583556377 ], [ -5.31247079, 57.88643781, 91.829026700220723 ], [ -5.31244005, 57.88648989, 91.103911060397891 ], [ -5.3124142, 57.88654408, 90.297640461032657 ], [ -5.31240466, 57.88658974, 89.605742115085391 ], [ -5.31238942, 57.88664053, 89.011607920575074 ], [ -5.31238285, 57.88669369, 88.345377582614688 ], [ -5.31236192, 57.88674145, 87.674240454057212 ], [ -5.31233996, 57.88679568, 87.074821813920494 ], [ -5.31233803, 57.88685103, 86.247412342136172 ], [ -5.31234618, 57.88690367, 85.873719148428023 ], [ -5.31236566, 57.88695014, 85.185595717903468 ], [ -5.31240144, 57.88699871, 84.856821674411563 ], [ -5.31242713, 57.88705369, 84.675637178213179 ], [ -5.31245096, 57.88710806, 84.167188168726582 ], [ -5.31247545, 57.88718067, 83.853889807084556 ], [ -5.31250147, 57.88722955, 83.446979864457603 ], [ -5.31251645, 57.88728199, 83.374883176050801 ], [ -5.31254918, 57.88733355, 83.340155807014796 ], [ -5.31255513, 57.88738209, 83.400550639080933 ], [ -5.31255012, 57.8874324, 83.491142614701744 ], [ -5.3125391, 57.88748324, 83.424708026950626 ], [ -5.31254026, 57.88753013, 83.327320985586226 ], [ -5.31256396, 57.88757943, 83.464342186583721 ], [ -5.31259673, 57.88762777, 83.394133228366641 ], [ -5.31262534, 57.88767696, 84.166054658681929 ], [ -5.31264415, 57.88772489, 84.086408684386456 ], [ -5.31266821, 57.88777543, 84.176245894905421 ], [ -5.31270029, 57.88781877, 84.391402450081202 ], [ -5.31272791, 57.88787101, 84.372151852808614 ], [ -5.31277162, 57.88792222, 84.504265173295494 ], [ -5.31283431, 57.88795791, 84.367244517254761 ], [ -5.31291287, 57.88799005, 84.281936987260337 ], [ -5.31297586, 57.88802727, 83.942215852529586 ], [ -5.31303544, 57.88807263, 83.778394768370831 ], [ -5.31310515, 57.88810363, 83.358273439199507 ], [ -5.31316143, 57.88814408, 82.95589317709711 ], [ -5.31319975, 57.88818491, 82.838877883430811 ], [ -5.31324284, 57.88823501, 82.557664395533223 ], [ -5.31329159, 57.88828373, 81.864633629454815 ], [ -5.31333365, 57.88832647, 81.575870855668541 ], [ -5.31336872, 57.88836814, 81.342973233423848 ], [ -5.31342088, 57.88840806, 81.025522846286563 ], [ -5.31346542, 57.88845276, 80.766957216054976 ], [ -5.31351491, 57.88850006, 80.675987585404869 ], [ -5.31355545, 57.88855189, 80.342306206359112 ], [ -5.31359917, 57.88859283, 80.286818709846827 ], [ -5.31363824, 57.88863634, 80.423084600785728 ], [ -5.31367625, 57.88867854, 80.270587717938355 ], [ -5.3137215, 57.88872163, 80.669193609574791 ], [ -5.31376704, 57.88877399, 80.850378105773174 ], [ -5.31380087, 57.88882346, 81.023635661053589 ], [ -5.31384511, 57.88886451, 81.217276778694483 ], [ -5.31388747, 57.88891226, 81.206330232412398 ], [ -5.31392428, 57.88895568, 82.255690235202579 ], [ -5.31397228, 57.88899828, 82.078280654426905 ], [ -5.31401892, 57.88904175, 82.299099310258384 ], [ -5.31405554, 57.88908229, 82.286265578743311 ], [ -5.31408678, 57.88912679, 82.310046401497218 ], [ -5.31412585, 57.88917356, 82.586352553840968 ], [ -5.3141594, 57.88921861, 82.952873571732994 ], [ -5.31419047, 57.88930537, 82.908709731575343 ], [ -5.31421582, 57.88934996, 83.222762858319214 ], [ -5.31423156, 57.88940131, 83.199359690594605 ], [ -5.31424728, 57.88945508, 84.054701465671329 ], [ -5.31426807, 57.8895008, 84.160015447953697 ], [ -5.31428868, 57.88955319, 84.554468769138126 ], [ -5.31430698, 57.88959985, 84.600142139499454 ], [ -5.31433593, 57.88964545, 83.95467247397211 ], [ -5.31438028, 57.8896886, 84.357808046133101 ], [ -5.31443273, 57.8897347, 84.472180844507832 ], [ -5.31448256, 57.88977901, 84.793405602111065 ], [ -5.31452187, 57.88982422, 85.038759300841534 ], [ -5.31455575, 57.88987824, 85.144828048225733 ], [ -5.31460649, 57.88992225, 84.945902484958438 ], [ -5.31464196, 57.88997086, 84.912685191082886 ], [ -5.31469122, 57.89001806, 85.024793149195332 ], [ -5.3147213, 57.89006263, 85.254671166075909 ], [ -5.31475552, 57.89011348, 84.765095643789351 ], [ -5.31478347, 57.8901629, 84.632227013243877 ], [ -5.31482007, 57.89020534, 84.452552592205933 ], [ -5.31485371, 57.89025727, 84.759056433061119 ], [ -5.31489378, 57.8902997, 84.733388970030987 ], [ -5.3149337, 57.89034948, 84.672994137964864 ], [ -5.31498315, 57.89039465, 84.709985802306377 ], [ -5.31503669, 57.89044453, 84.770003524299952 ], [ -5.31508371, 57.89049436, 84.608447280403468 ], [ -5.31513049, 57.89054539, 84.713005407670494 ], [ -5.31515744, 57.89059081, 84.628074987748619 ], [ -5.31519915, 57.89063533, 84.614864146161011 ], [ -5.31523767, 57.8906843, 84.582402162344039 ], [ -5.31528762, 57.89072952, 84.261932169842652 ], [ -5.31534187, 57.89077557, 84.170961994235782 ], [ -5.31539932, 57.89081854, 84.262686389987735 ], [ -5.31542071, 57.89087167, 84.218145439757549 ], [ -5.31544185, 57.8909206, 83.95731551422044 ], [ -5.31546589, 57.89097009, 83.971281665866641 ], [ -5.3154949, 57.8910203, 83.700637069221827 ], [ -5.31553985, 57.89106269, 83.758012295923848 ], [ -5.31558456, 57.89111152, 83.841809750757832 ], [ -5.31563443, 57.89115372, 83.707053934979371 ], [ -5.31566979, 57.89119978, 83.784435069012574 ], [ -5.31568142, 57.89124844, 84.026392052306377 ], [ -5.31570726, 57.89129697, 84.077727523323389 ], [ -5.3157384, 57.89134632, 84.209086078708438 ], [ -5.31577938, 57.89139273, 84.676390853401514 ], [ -5.31582226, 57.89144038, 84.700171676155421 ], [ -5.31585214, 57.89149643, 84.884375777717921 ], [ -5.31587377, 57.891545, 85.253161635872218 ], [ -5.31591334, 57.89160024, 85.481907232621666 ], [ -5.31594698, 57.89164638, 85.644595896649292 ], [ -5.31597761, 57.89169679, 86.200606006686954 ], [ -5.31600894, 57.89174728, 85.977144855563907 ], [ -5.31603539, 57.89179512, 86.008852619235782 ], [ -5.31607873, 57.89184648, 86.490878855633667 ], [ -5.31611688, 57.89189523, 86.518056393824239 ], [ -5.31615755, 57.89194461, 86.687539578638692 ], [ -5.3161924, 57.89199108, 87.209577084742207 ], [ -5.31623671, 57.89204061, 87.327347143510337 ], [ -5.31627729, 57.89208635, 87.454176018370831 ], [ -5.31632429, 57.89213122, 88.029436725681094 ], [ -5.31637242, 57.89217887, 87.97696883453294 ], [ -5.31643157, 57.8922212, 88.009430818349898 ], [ -5.31648054, 57.89226868, 88.407281399927754 ], [ -5.31651185, 57.89231856, 88.656032359051636 ], [ -5.3165558, 57.8923616, 88.633006846356324 ], [ -5.31660109, 57.89240711, 89.180712360446719 ], [ -5.31664061, 57.89245347, 89.263377395149561 ], [ -5.31669076, 57.89250167, 89.16674566384377 ], [ -5.31673453, 57.89255228, 89.379260268684718 ], [ -5.31677949, 57.89260186, 89.420403958521504 ], [ -5.31682077, 57.89264913, 89.335096428527081 ], [ -5.31686334, 57.892695, 89.366803647242207 ], [ -5.31691392, 57.89274056, 89.144097806177754 ], [ -5.31704471, 57.89275017, 88.814190797597945 ], [ -5.31714169, 57.89273903, 88.974992276392598 ], [ -5.31698609, 57.89282106, 88.844388486109395 ], [ -5.31703325, 57.89286469, 88.505422661437237 ], [ -5.31708116, 57.89291284, 88.227228778903751 ], [ -5.31712655, 57.89296029, 87.777664526322837 ], [ -5.31717123, 57.89300966, 87.516834600785728 ], [ -5.31722437, 57.89305897, 87.37905917964315 ], [ -5.31726989, 57.89309837, 87.431527070791304 ], [ -5.31730572, 57.89314077, 87.149181162762574 ], [ -5.31734404, 57.89318082, 87.052549431456768 ], [ -5.31737677, 57.89322805, 86.606382439269268 ], [ -5.31742805, 57.89327088, 86.300256253443379 ], [ -5.31748719, 57.89331856, 86.24929843745565 ], [ -5.31754411, 57.89335942, 86.147759915552754 ], [ -5.31759324, 57.89340533, 85.886929445058882 ], [ -5.31763859, 57.89344754, 85.510971956045211 ], [ -5.31768348, 57.8934927, 85.407545703952579 ], [ -5.31772163, 57.89353997, 85.389049871781822 ], [ -5.31776645, 57.89359117, 85.506064620491358 ], [ -5.31781087, 57.89364122, 85.56570468745565 ], [ -5.31784972, 57.89368997, 85.501534939966817 ], [ -5.3178835, 57.8937436, 85.293172905577862 ], [ -5.31791894, 57.89379286, 85.472092561513961 ], [ -5.31796042, 57.89384399, 85.119160585195601 ], [ -5.31799787, 57.89389159, 85.340356896056377 ], [ -5.31804604, 57.89393227, 85.387917451650679 ], [ -5.31809741, 57.89397804, 85.312046392777916 ], [ -5.31814535, 57.89402515, 85.319973333695884 ], [ -5.31820134, 57.89407279, 85.203335695058882 ], [ -5.31825032, 57.89411544, 85.478509427271504 ], [ -5.31828176, 57.89416476, 85.367156779217652 ], [ -5.31832981, 57.89420915, 85.241082669459004 ], [ -5.31841338, 57.89424298, 85.292041030403468 ], [ -5.31847232, 57.89428146, 85.073864324906822 ], [ -5.31852488, 57.89432388, 84.947790215148174 ], [ -5.31857695, 57.89436075, 84.983649459358546 ], [ -5.31863282, 57.89439683, 84.458969457963462 ], [ -5.3187085, 57.89442883, 84.588817938188072 ], [ -5.31876414, 57.89447549, 84.455949307642598 ], [ -5.31882853, 57.89451537, 84.425374509058614 ], [ -5.31889546, 57.89456153, 84.193986961974346 ], [ -5.31895362, 57.89460509, 84.022993701999454 ], [ -5.31900453, 57.89464827, 83.907111373421046 ], [ -5.31905117, 57.8946891, 83.626652650625289 ], [ -5.31911277, 57.89473022, 83.601739407740254 ], [ -5.31916963, 57.89476551, 83.252581801887843 ], [ -5.31924803, 57.8948064, 83.279759340078414 ], [ -5.31930225, 57.89484502, 82.920032842973228 ], [ -5.31935637, 57.89488768, 82.912861212113853 ], [ -5.31942991, 57.8949275, 82.594656059874737 ], [ -5.31950148, 57.89496214, 82.818116666041036 ], [ -5.31957478, 57.89499304, 82.803772859365523 ], [ -5.31964313, 57.89502021, 82.639574120177471 ], [ -5.3197114, 57.89505767, 82.647123406066143 ], [ -5.31980648, 57.89508119, 82.717709474355757 ], [ -5.31987173, 57.89511504, 82.669771263732159 ], [ -5.31993773, 57.89514966, 82.84604842437669 ], [ -5.31999986, 57.89518328, 82.827552592205933 ], [ -5.32007035, 57.89521667, 82.836989608284327 ], [ -5.32013245, 57.89524796, 82.982691970344874 ], [ -5.32019499, 57.89528991, 82.833214692861617 ], [ -5.32025922, 57.89532521, 83.230688164366924 ], [ -5.32032933, 57.89535741, 83.06913192047044 ], [ -5.32040874, 57.89538319, 83.229555744235782 ], [ -5.32047534, 57.8954226, 83.402058534414351 ], [ -5.32053744, 57.89546245, 82.760363784309718 ], [ -5.32060537, 57.89550422, 83.091403213020655 ], [ -5.32067588, 57.89554064, 83.148023674620831 ], [ -5.32074022, 57.89557976, 83.438674178596827 ], [ -5.32080847, 57.89561907, 83.468116557049683 ], [ -5.32087891, 57.89565729, 83.208796706672999 ], [ -5.3209377, 57.89569654, 83.433012622897891 ], [ -5.32100394, 57.89573319, 83.476798808026246 ], [ -5.32112438, 57.89576414, 83.413762025625289 ], [ -5.32118113, 57.8958047, 83.573808739318096 ], [ -5.32123662, 57.89584744, 83.710074630256983 ], [ -5.3212727, 57.89589191, 83.681387016905987 ], [ -5.32131281, 57.89593582, 83.534174579685001 ], [ -5.32136173, 57.8959805, 83.429993562490523 ], [ -5.32141254, 57.89602579, 84.116229807782105 ], [ -5.32146222, 57.89607188, 83.967130185328145 ], [ -5.32151112, 57.89611499, 83.798401765615523 ], [ -5.32156105, 57.8961619, 83.588152001036846 ], [ -5.32161424, 57.89619788, 83.38771690756586 ], [ -5.3216798, 57.89624471, 83.518320697849063 ], [ -5.32173445, 57.89629129, 83.283913000443931 ], [ -5.32178922, 57.89633155, 83.10386092437669 ], [ -5.32184344, 57.89637415, 82.940039840217921 ], [ -5.32190285, 57.89641509, 82.523315226483277 ], [ -5.32195555, 57.89645522, 82.256445545261172 ], [ -5.3220007, 57.89649753, 82.069221293377808 ], [ -5.32205865, 57.89654061, 81.668350561479087 ], [ -5.3220977, 57.89658083, 81.000987803387574 ], [ -5.3221491, 57.89662726, 80.980981896056377 ], [ -5.32220105, 57.89666676, 81.037979467729087 ], [ -5.32226693, 57.89670064, 81.209727492805811 ], [ -5.32233371, 57.89673909, 81.242189476622784 ], [ -5.32239736, 57.89678282, 81.533971855773174 ], [ -5.32243409, 57.89683541, 81.559639318803306 ], [ -5.32247053, 57.89687768, 81.596631528101582 ], [ -5.32250804, 57.89692971, 81.363733905856876 ], [ -5.32255433, 57.8969741, 81.658536435328145 ], [ -5.32261619, 57.89701587, 81.999012335160728 ], [ -5.32266447, 57.89705941, 81.855197158333155 ], [ -5.32270457, 57.89710507, 82.302496570651797 ], [ -5.32273841, 57.89715094, 82.719598294459004 ], [ -5.32279144, 57.89719048, 83.42017834642607 ], [ -5.32286624, 57.8972223, 83.056676933898174 ], [ -5.32293389, 57.89725645, 82.874360017568648 ], [ -5.32299244, 57.89728926, 82.724127974983546 ], [ -5.32305841, 57.89734838, 82.428571225367207 ], [ -5.32310267, 57.89738943, 82.282113553248067 ], [ -5.32315335, 57.8974366, 82.312311241759502 ], [ -5.32321173, 57.89747727, 81.955604350018433 ], [ -5.3232701, 57.89751999, 82.213792325220723 ], [ -5.32332736, 57.89756458, 82.179819721286563 ], [ -5.32337157, 57.89761006, 81.959001065455098 ], [ -5.3234279, 57.89765303, 81.96655035134377 ], [ -5.32348317, 57.89769603, 81.719686577452862 ], [ -5.32353807, 57.89773887, 81.822735719472945 ], [ -5.3235812, 57.89778533, 81.580401081149844 ], [ -5.32361662, 57.89783668, 81.548693862434718 ], [ -5.32365767, 57.89788561, 81.780081409518985 ], [ -5.32369314, 57.8979355, 81.834436485900127 ], [ -5.3237397, 57.8979836, 82.189633302480757 ], [ -5.32378719, 57.89803659, 82.227757931910176 ], [ -5.32384794, 57.89808034, 81.844628267080367 ], [ -5.32391848, 57.89811925, 82.473866940699239 ], [ -5.32398646, 57.89815675, 83.051769598344322 ], [ -5.32404159, 57.89819261, 83.596078396998067 ], [ -5.32410212, 57.89822816, 84.329498087811402 ], [ -5.32418696, 57.89826172, 84.455949852599346 ], [ -5.32425096, 57.89830775, 85.159171854901246 ], [ -5.32430133, 57.89835484, 85.324124814234395 ], [ -5.32438034, 57.8983931, 85.944681781833438 ], [ -5.32443272, 57.89843275, 86.266284194465968 ], [ -5.32448171, 57.89848112, 86.475778648986065 ], [ -5.32453248, 57.89851846, 87.148426397660728 ], [ -5.32457932, 57.89856014, 87.183153766696719 ], [ -5.32463333, 57.8986049, 87.854290895254195 ], [ -5.32468404, 57.89865438, 88.897234032286846 ], [ -5.3247384, 57.89869338, 88.813436032496114 ], [ -5.32481006, 57.89872552, 89.091629915029586 ], [ -5.32487128, 57.89876826, 89.371710982796046 ], [ -5.32493156, 57.89881053, 89.278854166912964 ], [ -5.32497817, 57.89885508, 90.020955563746114 ], [ -5.32502559, 57.89889745, 90.092674597123619 ], [ -5.32509227, 57.89893885, 90.497697354517598 ], [ -5.32516246, 57.89898209, 90.774381161890645 ], [ -5.32522565, 57.89902903, 91.55158703783232 ], [ -5.32528536, 57.89907381, 91.475715978959556 ], [ -5.32535282, 57.89911554, 91.692759719368311 ], [ -5.32541767, 57.89915178, 92.577166217868594 ], [ -5.32547629, 57.89919346, 92.626614503652632 ], [ -5.32554464, 57.89923669, 92.777224201267032 ], [ -5.32561395, 57.89927205, 93.388344152787681 ], [ -5.32568977, 57.89930612, 93.556317262441695 ], [ -5.32576296, 57.89934379, 93.130156177585391 ], [ -5.32582479, 57.89938831, 93.260005202766749 ], [ -5.3258825, 57.89942539, 93.400800774230206 ], [ -5.32594615, 57.89945951, 93.585760185851299 ], [ -5.32600136, 57.89949553, 93.917554379664082 ], [ -5.32605775, 57.89952911, 93.931521076267032 ], [ -5.32611915, 57.89956447, 93.910760403834004 ], [ -5.32619312, 57.89959952, 94.308989185397891 ], [ -5.32625624, 57.89964255, 94.253501688885621 ], [ -5.3263143, 57.89967621, 93.800540720868042 ], [ -5.32637336, 57.89972469, 93.692207678178306 ], [ -5.32642271, 57.89977023, 93.52310214839315 ], [ -5.32645799, 57.89981785, 93.155826365399292 ], [ -5.32651197, 57.89986177, 92.668893338404317 ], [ -5.32656677, 57.89990334, 93.016163759023726 ], [ -5.32662804, 57.89995078, 93.150919574802188 ], [ -5.32669836, 57.89999375, 93.313230583800518 ], [ -5.32676114, 57.90003378, 93.283032895289082 ], [ -5.32680741, 57.9000725, 92.797609398497784 ], [ -5.32686994, 57.90011113, 92.762882029461792 ], [ -5.32693004, 57.90015332, 92.524699961590699 ], [ -5.32699056, 57.90019475, 92.484311036855757 ], [ -5.32705425, 57.90024069, 92.170635020184449 ], [ -5.32712506, 57.90029837, 92.296709129943096 ], [ -5.32717236, 57.90033576, 92.275193692408223 ], [ -5.32722343, 57.90037451, 92.126848835056094 ], [ -5.32727421, 57.90041912, 92.360878877431929 ], [ -5.32732078, 57.90046693, 92.574903012476582 ], [ -5.32737303, 57.90051272, 92.605854921133101 ], [ -5.32742798, 57.90055558, 92.556406635349063 ], [ -5.3274918, 57.90059715, 92.033991474216251 ], [ -5.32754249, 57.9006354, 91.702952590462061 ], [ -5.32761066, 57.90067773, 91.712766716613018 ], [ -5.32766823, 57.90072097, 91.993225439408775 ], [ -5.32772724, 57.90076959, 91.913580010070049 ], [ -5.32778355, 57.90081435, 91.997377464904034 ], [ -5.32784336, 57.90086014, 91.949439254280421 ], [ -5.32789568, 57.90090711, 91.984166078359664 ], [ -5.32795927, 57.90094895, 91.607453279287398 ], [ -5.32802246, 57.90099776, 92.027197498386172 ], [ -5.32808846, 57.90104511, 91.918109145637843 ], [ -5.32815033, 57.90108464, 92.033236709114405 ], [ -5.32820345, 57.90112712, 92.017761027264527 ], [ -5.32823707, 57.9011706, 92.272929397102686 ], [ -5.32827565, 57.90121523, 92.579810348030421 ], [ -5.3283165, 57.90126337, 93.301528182503077 ], [ -5.32836327, 57.90130902, 93.911516258849346 ], [ -5.32840619, 57.90134812, 93.737503393510337 ], [ -5.32845403, 57.90138533, 93.803182671202862 ], [ -5.32854243, 57.90142599, 94.007770335125855 ], [ -5.32857966, 57.9014749, 94.419587613306661 ], [ -5.32861116, 57.9015258, 94.792148386883667 ], [ -5.32864505, 57.90157045, 95.399116312909058 ], [ -5.32867801, 57.90162104, 95.22359337240961 ], [ -5.32871758, 57.90167316, 95.616537163390362 ], [ -5.32876711, 57.90171698, 95.816595146788799 ], [ -5.32880177, 57.90176924, 96.12649570308065 ], [ -5.32883297, 57.90181329, 96.252192157810001 ], [ -5.32887966, 57.90186412, 96.279747351029869 ], [ -5.32891104, 57.90191848, 95.649376257279869 ], [ -5.32894072, 57.90196569, 95.653905937804424 ], [ -5.32898087, 57.90200921, 95.714300769870547 ], [ -5.32902421, 57.9020519, 96.075537342136172 ], [ -5.32903146, 57.90210437, 96.169904233179707 ], [ -5.32909387, 57.90214533, 96.291826317443096 ], [ -5.32914233, 57.90219051, 95.742988383221558 ], [ -5.32919359, 57.90223126, 95.618423803666587 ], [ -5.32925886, 57.90228996, 95.818481787065025 ], [ -5.32928942, 57.90233711, 95.789039408612183 ], [ -5.32936449, 57.90239188, 95.792436124048848 ], [ -5.3294237, 57.90243076, 95.371182374746382 ], [ -5.32948007, 57.90247461, 95.165839945721558 ], [ -5.32953802, 57.90250962, 95.04995761714315 ], [ -5.32958594, 57.90254818, 95.03674623059878 ], [ -5.32965101, 57.90258856, 94.777048180236065 ], [ -5.32971638, 57.90263626, 94.735149180340699 ], [ -5.32974364, 57.90268409, 94.630590508116924 ], [ -5.32980405, 57.90272149, 94.445253986423282 ], [ -5.32986561, 57.9027633, 94.095341070512291 ], [ -5.329915, 57.90280215, 93.586514405996382 ], [ -5.32996958, 57.90284022, 93.604255473065308 ], [ -5.33003102, 57.90287745, 93.486108304224629 ], [ -5.33008374, 57.90292069, 93.17696251303461 ], [ -5.33014442, 57.90296097, 93.107885974948672 ], [ -5.33016774, 57.90301266, 92.995778016836226 ], [ -5.33019856, 57.90306417, 92.866684301713462 ], [ -5.33022751, 57.90310698, 92.890842234539917 ], [ -5.33025999, 57.90315148, 93.091277872967652 ], [ -5.33029564, 57.90320126, 92.821766241410728 ], [ -5.33032643, 57.9032522, 92.478648391243311 ], [ -5.3303631, 57.90329813, 92.287649768893985 ], [ -5.3304047, 57.90334615, 92.061923777508667 ], [ -5.33045941, 57.90338938, 91.77353865875169 ], [ -5.33051098, 57.90343814, 92.187998432224063 ], [ -5.33055319, 57.90347723, 91.830159120351851 ], [ -5.33060371, 57.90352459, 91.572725910251407 ], [ -5.3306687, 57.90357403, 91.220171044005596 ], [ -5.33071762, 57.90362538, 90.578476293900962 ], [ -5.3307802, 57.9036658, 90.498830864562237 ], [ -5.33082564, 57.9037088, 90.241397654461792 ], [ -5.3308853, 57.90375621, 89.740120275834556 ], [ -5.33094248, 57.90379652, 89.184865475855489 ], [ -5.33101537, 57.90383994, 89.004435744758936 ], [ -5.33107784, 57.90388681, 88.854580812246382 ], [ -5.33113648, 57.90392877, 88.158530440803858 ], [ -5.33120337, 57.90397221, 87.816545010767598 ], [ -5.33125191, 57.90400993, 87.573833262371949 ], [ -5.33131424, 57.90405402, 87.444739002292422 ], [ -5.33136458, 57.90409055, 87.391516346042422 ], [ -5.33142075, 57.90413942, 87.199762958591251 ], [ -5.33145769, 57.90418855, 87.286202908716817 ], [ -5.33149833, 57.90423942, 87.479843481400962 ], [ -5.33153487, 57.90429538, 87.028014388557764 ], [ -5.33157583, 57.90434838, 86.700749875269551 ], [ -5.33161705, 57.90439995, 86.721888202731876 ], [ -5.33167641, 57.90444856, 86.792851926050801 ], [ -5.33171583, 57.90448921, 86.752085346286563 ], [ -5.3317527, 57.90453384, 86.497672286506983 ], [ -5.33180241, 57.90457161, 86.72679499332898 ], [ -5.33184995, 57.90460956, 86.396510874676636 ], [ -5.3318945, 57.90465345, 86.294217042715132 ], [ -5.33194408, 57.9047009, 85.943172251629761 ], [ -5.3319943, 57.90474598, 85.692533562316143 ], [ -5.33206647, 57.90478959, 85.304874216961792 ], [ -5.33214366, 57.90483005, 85.027812754559449 ], [ -5.33221824, 57.90486847, 84.644683089729639 ], [ -5.3322902, 57.90490125, 84.733765535146773 ], [ -5.33235284, 57.90493652, 84.682052409100464 ], [ -5.33243204, 57.90496716, 84.465385778764244 ], [ -5.33252246, 57.90499865, 84.117360593042989 ], [ -5.33260593, 57.90503258, 83.828597819256714 ], [ -5.33270167, 57.90506162, 83.604759558061119 ], [ -5.33277922, 57.90509531, 83.462454456393985 ], [ -5.33284502, 57.90512524, 83.376391616340968 ], [ -5.33292233, 57.90516045, 83.184638228889796 ], [ -5.33300836, 57.90519069, 82.998169287065025 ], [ -5.33310099, 57.90521756, 82.826421261988301 ], [ -5.33318113, 57.90524696, 82.472733975611348 ], [ -5.33327131, 57.90527291, 82.100173202034327 ], [ -5.33335514, 57.90529996, 81.504906587392867 ], [ -5.33342915, 57.90532935, 81.1674502929244 ], [ -5.33351548, 57.90535281, 80.557462761534893 ], [ -5.33360043, 57.90538063, 80.071284499641749 ], [ -5.33368925, 57.90540894, 79.697591305933614 ], [ -5.33377786, 57.90543523, 79.305402280054707 ], [ -5.33385986, 57.90546403, 78.825640883919093 ], [ -5.33395161, 57.9054899, 78.374189446105206 ], [ -5.33404812, 57.90551455, 77.620009082858829 ], [ -5.33413919, 57.90553907, 78.245095730982442 ], [ -5.33422311, 57.90557111, 79.183857850820601 ], [ -5.3343085, 57.90560669, 79.409583842205933 ], [ -5.33436101, 57.90564874, 80.062602793621949 ], [ -5.33436696, 57.90570184, 80.245675020010054 ], [ -5.33435667, 57.90575031, 80.961731298783775 ], [ -5.33434384, 57.90579479, 81.100262029984947 ], [ -5.33434757, 57.90584955, 80.573317188327579 ], [ -5.33437938, 57.90589963, 81.046284063676353 ], [ -5.33441673, 57.90594988, 81.480372089450626 ], [ -5.3345394, 57.90602308, 82.038269384721275 ], [ -5.33459654, 57.90606541, 82.223983561444214 ], [ -5.33464862, 57.90610365, 82.604848386011739 ], [ -5.33472089, 57.90614351, 83.854266372200343 ], [ -5.33478566, 57.90617629, 83.302785942687237 ], [ -5.33484344, 57.90621325, 82.691288336137291 ], [ -5.33488018, 57.90625645, 82.96532964821877 ], [ -5.33491552, 57.90630044, 82.848692554538516 ], [ -5.33498325, 57.90634474, 83.034406731261456 ], [ -5.33506484, 57.90637459, 83.214458807328697 ], [ -5.33513424, 57.90640204, 83.312600613794942 ], [ -5.33521714, 57.90643881, 84.620903356889244 ], [ -5.33530244, 57.90647321, 84.794160912169659 ], [ -5.33538779, 57.90650295, 84.983649459358546 ], [ -5.33547535, 57.9065352, 84.810391904078145 ], [ -5.3355582, 57.90655922, 85.410942964345992 ], [ -5.33564539, 57.90659033, 85.475489821907374 ], [ -5.3357282, 57.90662929, 85.548341275416036 ], [ -5.33582242, 57.90666406, 85.516634056700909 ], [ -5.33589657, 57.90669412, 85.6045840819869 ], [ -5.33597792, 57.9067302, 85.469072956149844 ], [ -5.33605653, 57.90676522, 85.564194612295211 ], [ -5.33613161, 57.90679658, 85.492475578917706 ], [ -5.33621612, 57.90682327, 85.384520191257266 ], [ -5.33631008, 57.90685261, 85.606848377292422 ], [ -5.33637999, 57.90687923, 85.862016747130596 ], [ -5.33646761, 57.9069101, 85.841256074697554 ], [ -5.33655059, 57.90693547, 86.043956553387574 ], [ -5.33663744, 57.90695968, 86.428218638348511 ], [ -5.33672611, 57.90698301, 86.536551681038233 ], [ -5.3368213, 57.90701409, 86.524095604552471 ], [ -5.33689624, 57.90704547, 86.631673882140362 ], [ -5.3369783, 57.90707892, 87.139745236597676 ], [ -5.33705255, 57.90710596, 87.272236212113853 ], [ -5.33713241, 57.90713037, 87.450023992875572 ], [ -5.33720537, 57.90715757, 87.621016707893702 ], [ -5.33729034, 57.90718926, 88.182311263557764 ], [ -5.33736884, 57.9072147, 88.680190836834839 ], [ -5.3374538, 57.90724288, 89.189772266452579 ], [ -5.33753505, 57.90727351, 89.016891821244712 ], [ -5.33760832, 57.90730133, 89.509487493852134 ], [ -5.33768698, 57.90733371, 89.541949477669093 ], [ -5.33776558, 57.90736615, 89.84354598297044 ], [ -5.33783402, 57.9073986, 90.033789840217921 ], [ -5.33790979, 57.90742971, 90.776646002152916 ], [ -5.33797086, 57.90746291, 91.017847675388126 ], [ -5.33803938, 57.90749549, 91.19261530582898 ], [ -5.33810813, 57.90752848, 91.687098163669376 ], [ -5.33817539, 57.90756004, 92.045314585614136 ], [ -5.33825075, 57.90758918, 92.502805779113018 ], [ -5.33831535, 57.90762265, 92.686255115573672 ], [ -5.33839324, 57.90765606, 93.007480418133667 ], [ -5.33846579, 57.90768574, 92.931609359260889 ], [ -5.33854004, 57.90771465, 93.70466320970732 ], [ -5.33861848, 57.90775191, 94.134221554957051 ], [ -5.33868649, 57.90778764, 94.821967875409058 ], [ -5.33875584, 57.90781692, 95.081665925771773 ], [ -5.3388252, 57.90785447, 95.741479397974629 ], [ -5.3389071, 57.90788181, 96.271821500025411 ], [ -5.33898847, 57.9079092, 96.610032559595723 ], [ -5.33907397, 57.90793331, 96.947111199034893 ], [ -5.33915544, 57.90796074, 97.206053939339014 ], [ -5.33924085, 57.90796769, 97.124898434839864 ], [ -5.3393414, 57.9080197, 97.102627687246382 ], [ -5.33942871, 57.90805256, 97.651087966438624 ], [ -5.33950981, 57.90808229, 97.449519907879761 ], [ -5.33958933, 57.9081082, 98.100274563990254 ], [ -5.33967596, 57.90813532, 98.259943622653751 ], [ -5.33976799, 57.90815534, 97.914560387267315 ], [ -5.33985104, 57.90817167, 98.107069084777081 ], [ -5.33993804, 57.90819687, 98.514734337462627 ], [ -5.34002325, 57.90822825, 98.72573886714315 ], [ -5.34010318, 57.90825859, 98.917869909623619 ], [ -5.34017464, 57.90829291, 98.886162690908492 ], [ -5.34025027, 57.90832837, 98.873706069465968 ], [ -5.34032487, 57.90836371, 98.851435321872501 ], [ -5.34039417, 57.90840454, 99.503322398114136 ], [ -5.34045532, 57.90844284, 100.099343777857442 ], [ -5.34052479, 57.9084776, 99.911742415901514 ], [ -5.34059698, 57.9085134, 100.522862912378926 ], [ -5.34066633, 57.90854097, 100.727450031345157 ], [ -5.34075645, 57.90856351, 100.537583829126973 ], [ -5.34085786, 57.90857632, 101.158518451755313 ], [ -5.34096214, 57.90858558, 101.31743220036023 ], [ -5.34106169, 57.90859368, 101.014702729970992 ], [ -5.34115624, 57.90861011, 100.893535410809449 ], [ -5.34124946, 57.90862601, 100.624023779252525 ], [ -5.34134813, 57.90864412, 101.104539940489971 ], [ -5.34143171, 57.90866036, 101.390283108912129 ], [ -5.34151361, 57.90867411, 101.587321486946436 ], [ -5.3416016, 57.90869091, 101.534098285739688 ], [ -5.34168675, 57.9087102, 101.251752377710957 ], [ -5.34177701, 57.90872663, 101.379714217659327 ], [ -5.34186771, 57.90874229, 101.325736251350733 ], [ -5.34195393, 57.90875596, 101.133982863899561 ], [ -5.3420551, 57.9087708, 101.371787276741358 ], [ -5.34214865, 57.90878895, 101.346496923783775 ], [ -5.34224043, 57.90880426, 100.99847173806252 ], [ -5.34233357, 57.9088143, 101.420858452452862 ], [ -5.34242688, 57.90882438, 101.588454452034327 ], [ -5.34252263, 57.90883889, 101.412176746433047 ], [ -5.34262397, 57.90885392, 101.192113400660176 ], [ -5.34271981, 57.90886905, 101.432182653764244 ], [ -5.34280506, 57.90888229, 101.585811956742759 ], [ -5.34289896, 57.90889179, 101.874574730529034 ], [ -5.34298969, 57.90890686, 102.067461083068096 ], [ -5.34308191, 57.90892265, 102.369435243398726 ], [ -5.34317143, 57.9089388, 102.421148369445049 ], [ -5.34327071, 57.90894696, 102.694057261395386 ], [ -5.34336624, 57.90896284, 102.77370323569086 ], [ -5.34345315, 57.90897762, 102.918650832649561 ], [ -5.34355691, 57.9089915, 103.153057985097945 ], [ -5.34365106, 57.90900675, 102.725386825081202 ], [ -5.34374518, 57.9090282, 102.485694682049683 ], [ -5.34384728, 57.90904584, 102.736333371363301 ], [ -5.34394898, 57.90906008, 102.847308909344605 ], [ -5.34404552, 57.90907554, 102.908459051469322 ], [ -5.34414856, 57.90908946, 102.504945824279034 ], [ -5.34424692, 57.90910249, 102.191647462637007 ], [ -5.3443417, 57.90911076, 102.186362472053858 ], [ -5.34443902, 57.90912347, 102.187872002257549 ], [ -5.34453626, 57.90914146, 101.823992934700343 ], [ -5.3446387, 57.90915776, 101.519376824034893 ], [ -5.34474463, 57.90917381, 101.457471916808331 ], [ -5.34484536, 57.90919402, 101.455207076546046 ], [ -5.3449387, 57.90921243, 101.281571866236348 ], [ -5.34504042, 57.90923088, 101.6299747069869 ], [ -5.34512818, 57.90925186, 101.879480976169376 ], [ -5.34522643, 57.9092695, 102.226751396788799 ], [ -5.34531892, 57.90928682, 101.982151918203414 ], [ -5.34542037, 57.90930483, 101.917982170714581 ], [ -5.34551502, 57.90932237, 102.280351163111348 ], [ -5.34561251, 57.90934154, 102.409067768161563 ], [ -5.34571461, 57.90935929, 102.251286439687789 ], [ -5.3458148, 57.90937465, 102.06293031263003 ], [ -5.3459198, 57.90939187, 102.386420455452296 ], [ -5.34601899, 57.90941057, 102.694811481540469 ], [ -5.34612084, 57.90942163, 102.422279699662681 ], [ -5.34621474, 57.90943233, 102.301867145602969 ], [ -5.34630652, 57.90944912, 102.55363825504773 ], [ -5.34640291, 57.90947121, 102.699340617108277 ], [ -5.34650988, 57.90948654, 102.20825501966128 ], [ -5.34660822, 57.90949998, 102.059154852250572 ], [ -5.3467092, 57.90951235, 102.263742516173565 ], [ -5.34680602, 57.90952782, 101.870798725192813 ], [ -5.34690858, 57.90953996, 101.892691817756983 ], [ -5.34701049, 57.90956246, 101.717547077243594 ], [ -5.34711117, 57.9095791, 102.061420237469605 ], [ -5.34720407, 57.90959159, 101.514469488481041 ], [ -5.34729291, 57.90959608, 101.174748353750289 ], [ -5.34739024, 57.90961368, 101.059620790273726 ], [ -5.34748815, 57.90963167, 101.411798001490254 ], [ -5.34758844, 57.90964685, 101.543157101832051 ], [ -5.34769722, 57.90965786, 101.726228783263409 ], [ -5.34779667, 57.90967297, 101.249864647521221 ], [ -5.34790653, 57.90968374, 101.575619085649009 ], [ -5.34800434, 57.90969879, 101.407268865922447 ], [ -5.34809818, 57.90971916, 101.395567554538516 ], [ -5.34818782, 57.90973882, 101.679045882698389 ], [ -5.34827874, 57.90976031, 101.614121370107711 ], [ -5.34837402, 57.90977588, 101.826635429991924 ], [ -5.34847958, 57.90979311, 101.785491195198389 ], [ -5.34858414, 57.90979909, 102.224486011569766 ], [ -5.34868118, 57.90981718, 102.541936398707051 ], [ -5.34878217, 57.90979792, 102.218446255884786 ], [ -5.34883821, 57.90983299, 102.225996086730206 ], [ -5.3488836, 57.90987957, 102.009707111423282 ], [ -5.34895894, 57.90990559, 101.900619303631714 ], [ -5.34904465, 57.90991687, 102.181078026427471 ], [ -5.34915347, 57.90992516, 102.41208846343919 ], [ -5.34925519, 57.90993066, 102.181078026427471 ], [ -5.34935627, 57.90994312, 102.281484128199239 ], [ -5.34944072, 57.90994848, 102.202593463962344 ], [ -5.34952504, 57.90995894, 102.316966262337061 ], [ -5.34962905, 57.90996917, 102.093505656170777 ], [ -5.34972924, 57.90997492, 101.911566394870547 ], [ -5.34983271, 57.90998782, 102.104452202452862 ], [ -5.34992875, 57.90999891, 101.944406033716817 ], [ -5.35002222, 57.91001452, 102.172773975436954 ], [ -5.35012114, 57.91002364, 102.043679715357442 ], [ -5.35022155, 57.91003428, 102.239208018231324 ], [ -5.35032893, 57.91005321, 101.860985143998619 ], [ -5.35043796, 57.91006281, 101.829277380326744 ], [ -5.35054442, 57.91007722, 101.525038379733829 ], [ -5.35064121, 57.91009297, 101.493331161018702 ], [ -5.35072011, 57.91010918, 101.284969126629761 ], [ -5.35081059, 57.91012662, 101.320450715810836 ], [ -5.35091896, 57.91013959, 101.235897950918257 ], [ -5.35101524, 57.91015946, 101.503144742212911 ], [ -5.35109762, 57.91017007, 101.409532616271221 ], [ -5.35117981, 57.91018079, 101.384997573372218 ], [ -5.35126156, 57.91019437, 101.409910271300518 ], [ -5.35136926, 57.91020497, 101.485026565071436 ], [ -5.35146715, 57.91021715, 101.203058312072002 ], [ -5.35155215, 57.91022735, 100.841444084777081 ], [ -5.35165914, 57.91024372, 101.129452093461509 ], [ -5.35176722, 57.91026246, 101.145683630326744 ], [ -5.35187391, 57.91027848, 101.332530227180811 ], [ -5.35197687, 57.91029409, 101.181165764464581 ], [ -5.35207503, 57.91030551, 101.184940679887291 ], [ -5.35217415, 57.91031699, 101.291764192373336 ], [ -5.35227127, 57.91033276, 101.180033889290186 ], [ -5.35236742, 57.9103443, 100.705934593810284 ], [ -5.35246612, 57.91035756, 100.885986669877525 ], [ -5.35257111, 57.91036639, 101.021874905787129 ], [ -5.35266534, 57.91037115, 101.026404586311671 ], [ -5.35274744, 57.91038219, 101.105672905577862 ], [ -5.35285261, 57.91039568, 101.648848739143702 ], [ -5.35295873, 57.9104072, 101.885143621781822 ], [ -5.35304103, 57.9104179, 101.800968511918541 ], [ -5.35312584, 57.91043145, 101.933837142464014 ], [ -5.35323221, 57.91044215, 101.931572302201744 ], [ -5.35332756, 57.91045186, 102.408314092973228 ], [ -5.35342303, 57.91046456, 102.636304379664082 ], [ -5.35351643, 57.91047687, 102.614411287099898 ], [ -5.35361498, 57.91049016, 102.831455027508667 ], [ -5.35371407, 57.91050474, 102.985084330487183 ], [ -5.35381932, 57.91051912, 103.075299196035445 ], [ -5.35391775, 57.91053087, 102.798237733633101 ], [ -5.35401601, 57.9105469, 103.144375734121382 ], [ -5.35411129, 57.91055883, 102.860897405961509 ], [ -5.35421061, 57.91056843, 102.637059144765914 ], [ -5.3543154, 57.91057612, 102.876751287797447 ], [ -5.35442107, 57.91058782, 102.910723346774844 ], [ -5.35452195, 57.9105931, 102.827303002013409 ], [ -5.35461793, 57.9106018, 102.977912699627808 ], [ -5.35471546, 57.91061176, 102.614788397172447 ], [ -5.35481984, 57.91062303, 102.503435204161846 ], [ -5.35491856, 57.91063108, 102.532122817512843 ], [ -5.35501833, 57.9106434, 102.322628362992759 ], [ -5.35512109, 57.91065287, 102.734067986144268 ], [ -5.35521383, 57.91066772, 102.455496993538233 ], [ -5.35531081, 57.91067745, 102.713307858667989 ], [ -5.35540824, 57.91068731, 102.723876749920777 ], [ -5.35549967, 57.91069949, 103.063974994724063 ], [ -5.3555906, 57.91071101, 103.468997752118042 ], [ -5.35568179, 57.91072458, 103.530524459358546 ], [ -5.35577781, 57.91074152, 103.897422587323121 ], [ -5.35587348, 57.91075039, 103.491644519870547 ], [ -5.35597102, 57.91076088, 103.364815100053306 ], [ -5.35606361, 57.91077361, 103.745680469577579 ], [ -5.35616167, 57.91079041, 103.774368082928589 ], [ -5.35625515, 57.91079629, 103.941208772451461 ], [ -5.35635444, 57.91081262, 104.396812235760621 ], [ -5.35644868, 57.91082648, 104.380581243852134 ], [ -5.35654551, 57.91083666, 104.647450925074239 ], [ -5.35664703, 57.91084701, 104.519111430096558 ], [ -5.35674188, 57.91085147, 104.597247329231593 ], [ -5.35683706, 57.91086488, 104.801080228052754 ], [ -5.3569276, 57.91088479, 104.418328218252242 ], [ -5.35703102, 57.91089458, 104.216760704650127 ], [ -5.35712826, 57.91090929, 103.669055190559718 ], [ -5.35722661, 57.91092329, 104.486272881163799 ], [ -5.35731867, 57.91093889, 104.906394482813496 ], [ -5.35741147, 57.9109511, 105.09399584476941 ], [ -5.35750937, 57.9109681, 105.359733105860371 ], [ -5.35760764, 57.91097653, 105.54884454297671 ], [ -5.35769744, 57.91099524, 105.410691466804835 ], [ -5.35779301, 57.91100599, 105.626980442111758 ], [ -5.35788555, 57.91101197, 105.87573140123564 ], [ -5.35796979, 57.91102662, 105.882148811949932 ], [ -5.35806708, 57.91102836, 105.876486711294234 ], [ -5.35815485, 57.9110442, 105.697189400328838 ], [ -5.35825144, 57.91105342, 105.957264560764102 ], [ -5.35834807, 57.91106156, 106.197333813868184 ], [ -5.35844653, 57.91107397, 106.800527369427613 ], [ -5.35855443, 57.91108558, 106.771839756076602 ], [ -5.3586507, 57.91108877, 106.731073176312378 ], [ -5.35872618, 57.9111092, 106.96736778647211 ], [ -5.35877428, 57.91115161, 107.127036845135621 ], [ -5.35874326, 57.91119831, 106.539319516382832 ], [ -5.35876299, 57.91124493, 106.737867424620831 ], [ -5.35883621, 57.911272, 106.653692314757549 ], [ -5.35867951, 57.91123119, 106.661241600646221 ], [ -5.35858587, 57.91121957, 107.665682998176905 ], [ -5.35866094, 57.91124841, 107.710601603436402 ], [ -5.3587618, 57.91125199, 107.807988099844039 ], [ -5.35870121, 57.91121136, 107.991815091334004 ], [ -5.35875809, 57.91125152, 108.034469401287964 ], [ -5.35876939, 57.91129972, 107.996722426887843 ], [ -5.35875, 57.91125208, 108.06013713679647 ], [ -5.35875542, 57.91120549, 107.372013433793541 ], [ -5.3587815, 57.91125393, 107.41353477865961 ], [ -5.35873753, 57.9112047, 107.120997089450626 ], [ -5.35872256, 57.91115764, 107.272361552166871 ], [ -5.35880913, 57.9111282, 106.861676694117207 ], [ -5.35890729, 57.91112354, 106.769951753408492 ], [ -5.35900412, 57.91113329, 106.587257727006431 ], [ -5.35909201, 57.91114274, 105.355580262929976 ], [ -5.35917733, 57.91115727, 105.441265447953697 ], [ -5.35926212, 57.91117035, 105.329157489841251 ], [ -5.35934288, 57.91119343, 105.268007347716534 ], [ -5.35943438, 57.91120047, 104.253751279078145 ], [ -5.35952128, 57.91121337, 103.618095739701744 ], [ -5.35960416, 57.91122609, 103.276864802288941 ], [ -5.35969451, 57.91123127, 103.479942391051495 ], [ -5.3597842, 57.91124527, 102.695564611772056 ], [ -5.35988338, 57.91124988, 102.085954190455098 ], [ -5.35997014, 57.91124478, 102.057266577104087 ], [ -5.36007118, 57.91124714, 102.061041492526797 ], [ -5.3601675, 57.91123595, 102.002156735621114 ], [ -5.36024855, 57.91125332, 102.087086610586226 ], [ -5.36027052, 57.9112079, 101.468039718147608 ], [ -5.36036336, 57.91120473, 101.041878633291304 ], [ -5.36045129, 57.91122272, 100.868243422981593 ], [ -5.36053449, 57.91125011, 100.593824455870831 ], [ -5.36062146, 57.91126316, 101.258922918656822 ], [ -5.3607196, 57.91127802, 101.398208414959839 ], [ -5.36080487, 57.91130033, 101.173615388662398 ], [ -5.36089196, 57.91131697, 101.214381968426636 ], [ -5.36098371, 57.91132851, 101.600531238620547 ], [ -5.36107832, 57.91133422, 102.145972457405421 ], [ -5.36117823, 57.911346, 102.347540515964297 ], [ -5.36126675, 57.91136724, 101.915717330452296 ], [ -5.36134963, 57.91138152, 101.624689716403751 ], [ -5.36143374, 57.91139655, 101.33290733725336 ], [ -5.36153449, 57.91141287, 102.078783649509219 ], [ -5.36161591, 57.91142564, 101.80096742200503 ], [ -5.36169933, 57.91144296, 101.679045337741641 ], [ -5.36178277, 57.91145611, 101.34611872379773 ], [ -5.36187154, 57.91146865, 101.196263791285176 ], [ -5.36196278, 57.91148377, 101.10491705056252 ], [ -5.36206326, 57.91149508, 101.113975866654869 ], [ -5.36216607, 57.91150998, 100.584389074662681 ], [ -5.36226041, 57.91151207, 100.058576653136456 ], [ -5.36234549, 57.91148834, 99.712438652648174 ], [ -5.36244244, 57.91147473, 99.171150004315308 ], [ -5.36252349, 57.91145669, 98.950709003513126 ], [ -5.3626224, 57.91144146, 98.685726507524009 ], [ -5.36271078, 57.91142656, 98.257678237434718 ], [ -5.36280503, 57.91141203, 97.910030706742759 ], [ -5.36290221, 57.91139882, 97.626930033612183 ], [ -5.36299459, 57.91137777, 97.16792930990961 ], [ -5.36307748, 57.91136601, 96.758754527020386 ], [ -5.36316312, 57.91134777, 96.354864189757549 ], [ -5.36326305, 57.91132362, 95.849434785635054 ], [ -5.36335139, 57.91129211, 95.352687632489136 ], [ -5.36343126, 57.91126585, 95.245109354901246 ], [ -5.36351477, 57.91124355, 94.891044958451744 ], [ -5.36360169, 57.91121983, 94.220284939966817 ], [ -5.3636862, 57.91120423, 93.538577830243042 ], [ -5.36378043, 57.91118085, 93.278879779880313 ], [ -5.36387533, 57.91115876, 92.753445013383384 ], [ -5.36395179, 57.91113389, 92.167992524892867 ], [ -5.36403206, 57.91110721, 92.310675281589297 ], [ -5.36410781, 57.91107348, 91.792034490922447 ], [ -5.3641757, 57.91103795, 91.276413850576461 ], [ -5.36424797, 57.91099671, 91.126558918063907 ], [ -5.36429577, 57.91095622, 90.638870581010337 ], [ -5.36432797, 57.9109032, 90.182889462671895 ], [ -5.36434184, 57.91085572, 89.5464786132369 ], [ -5.3643552, 57.91081102, 88.586578165936402 ], [ -5.36437073, 57.91075658, 88.1547549804244 ], [ -5.36439608, 57.91070424, 87.736520836486065 ], [ -5.36442251, 57.9106514, 87.432282380849898 ], [ -5.36446286, 57.91060243, 87.025372438222945 ], [ -5.36449454, 57.91055322, 86.599211353366641 ], [ -5.36452567, 57.91050221, 86.367446151253077 ], [ -5.36456041, 57.91045967, 85.118782930166304 ], [ -5.36460187, 57.91041599, 84.673371248037398 ], [ -5.3646298, 57.91037237, 83.835392885000289 ], [ -5.36466658, 57.91032234, 83.08196783181252 ], [ -5.3647048, 57.91027589, 82.525580611702296 ], [ -5.36474463, 57.91022693, 82.151132652892315 ], [ -5.36477871, 57.91017232, 81.929936886988301 ], [ -5.36480558, 57.91012466, 81.758188861911563 ], [ -5.36483852, 57.9100735, 81.372039591717652 ], [ -5.36487137, 57.91002454, 80.899072171412129 ], [ -5.36490031, 57.90996959, 80.480460372444483 ], [ -5.36492958, 57.90992069, 80.102237498211792 ], [ -5.36497116, 57.90987246, 79.595298563885621 ], [ -5.36499453, 57.90982623, 79.147244386465132 ], [ -5.36501815, 57.90977504, 78.539521150381148 ], [ -5.36504852, 57.90973031, 78.224335603506148 ], [ -5.36507619, 57.90968201, 78.405142989631983 ], [ -5.36512063, 57.90962917, 78.17866223314482 ], [ -5.36514999, 57.90958108, 78.00389460270398 ], [ -5.36517915, 57.90953481, 77.659266677376124 ], [ -5.36520155, 57.90948351, 77.226311071732994 ], [ -5.36521974, 57.90942789, 76.962083885802471 ], [ -5.36525917, 57.90937938, 76.568007129733829 ], [ -5.36533651, 57.90934652, 76.233193330556929 ], [ -5.36542596, 57.90931833, 75.714930194919376 ], [ -5.36551126, 57.90931257, 75.330668109958438 ], [ -5.3656032, 57.90930703, 74.605552470135621 ], [ -5.3656935, 57.9093045, 74.174861704754761 ], [ -5.36578401, 57.90929766, 74.110692502222676 ], [ -5.36587923, 57.90929062, 73.730582442756983 ], [ -5.36597021, 57.90928259, 73.074920996049386 ], [ -5.36607495, 57.90927674, 73.040571282042691 ], [ -5.36616942, 57.9092645, 72.38302265010212 ], [ -5.36626574, 57.90924595, 72.031222548958155 ], [ -5.3663589, 57.90923176, 71.320450715810836 ], [ -5.36645232, 57.90922991, 71.225328514708707 ], [ -5.36654105, 57.90924157, 71.234765530787115 ], [ -5.36663382, 57.90925544, 70.840689319675235 ], [ -5.36672656, 57.90927341, 70.733865807189176 ], [ -5.36682313, 57.90928442, 70.629684789994698 ], [ -5.36691685, 57.90929156, 71.025648186339566 ], [ -5.36700706, 57.90930392, 70.790863378861886 ], [ -5.36709712, 57.90931673, 70.758778505117476 ], [ -5.36719055, 57.90932569, 70.661769118782374 ], [ -5.36728326, 57.90934095, 70.737640177655138 ], [ -5.36736797, 57.90934524, 70.040457386081485 ], [ -5.36746604, 57.90935336, 70.054423537727686 ], [ -5.36756251, 57.90935969, 70.117838520114688 ], [ -5.36766434, 57.9093688, 70.206166200429976 ], [ -5.36775512, 57.90936637, 70.082734585962896 ], [ -5.3678629, 57.90937876, 69.934767383640079 ], [ -5.3679704, 57.90939182, 70.270336492875558 ], [ -5.36805412, 57.90940035, 70.198240349425504 ], [ -5.36815722, 57.90941207, 70.057067667889513 ], [ -5.36825563, 57.90942516, 69.931371213160162 ], [ -5.3683486, 57.90943747, 70.146150658263394 ], [ -5.36845494, 57.90945146, 69.712440287518419 ], [ -5.36854246, 57.90946401, 69.465199403554976 ], [ -5.36863699, 57.90946633, 69.503700598100167 ], [ -5.36872922, 57.90948288, 69.767173018928858 ], [ -5.36881933, 57.90950093, 69.871731691152632 ], [ -5.36890378, 57.90950674, 69.194554261953414 ], [ -5.36900507, 57.90951918, 69.386685304433882 ], [ -5.36911075, 57.90953172, 69.307794640196988 ], [ -5.36922238, 57.90953738, 69.217202119619429 ], [ -5.36932241, 57.90954924, 68.597022262092921 ], [ -5.36941329, 57.9095589, 68.680064951825059 ], [ -5.36951498, 57.90956246, 68.750651020114688 ], [ -5.36960932, 57.90957892, 68.619669574802188 ], [ -5.3697162, 57.90958219, 68.218798842903468 ], [ -5.36980711, 57.90959933, 68.609855448651231 ], [ -5.36990922, 57.90960792, 68.882764340601568 ], [ -5.37000822, 57.90962487, 68.781603473727969 ], [ -5.37010699, 57.90963509, 68.620424884860782 ], [ -5.3701945, 57.90965228, 68.651376793517301 ], [ -5.37028088, 57.90967414, 69.219465869968204 ], [ -5.37037864, 57.90969329, 69.472746509616641 ], [ -5.37046362, 57.90969849, 68.838600500443917 ], [ -5.37055382, 57.90970621, 68.475853853017867 ], [ -5.37065431, 57.90971876, 68.960900239736617 ], [ -5.37073564, 57.90974175, 69.080179828708438 ], [ -5.37082082, 57.90974821, 68.906544618398726 ], [ -5.37092665, 57.90975931, 69.063194071698106 ], [ -5.37102952, 57.90977527, 69.453873022416573 ], [ -5.37113308, 57.90978273, 69.029221467763961 ], [ -5.37123635, 57.90978736, 68.64156212240961 ], [ -5.37133074, 57.90979155, 68.744987829545479 ], [ -5.37142657, 57.90979976, 69.057530881128912 ], [ -5.37151983, 57.90980607, 68.633634636534879 ], [ -5.37162773, 57.90980636, 68.376579081463731 ], [ -5.37172412, 57.90981848, 68.274285249502242 ], [ -5.37182958, 57.90982699, 69.213425024369698 ], [ -5.37193402, 57.90983215, 69.205120973379195 ], [ -5.37203124, 57.90984367, 69.214557444500841 ], [ -5.37213726, 57.90985682, 69.414238317826729 ], [ -5.37224373, 57.90986742, 69.269290720868028 ], [ -5.37233074, 57.9098764, 69.059418611318648 ], [ -5.37243462, 57.909884, 68.834070274962613 ], [ -5.37254076, 57.90988853, 68.845772131303292 ], [ -5.37264497, 57.9098911, 69.29005139330107 ], [ -5.37274343, 57.90989099, 69.010725635593204 ], [ -5.3728452, 57.90989582, 68.929947786123336 ], [ -5.37295504, 57.90989861, 69.40102802119587 ], [ -5.37305491, 57.9099052, 69.569755895951729 ], [ -5.37315449, 57.90991421, 69.295336928840968 ], [ -5.37331851, 57.90992656, 69.04696307978962 ], [ -5.37341451, 57.90994072, 69.476898535111886 ], [ -5.3735176, 57.90995022, 69.387816089694766 ], [ -5.37362396, 57.90996228, 68.959390164576178 ], [ -5.37371891, 57.90997811, 69.161712988236886 ], [ -5.37382379, 57.90998833, 69.410463947360782 ], [ -5.3739236, 57.90999287, 69.259477139673834 ], [ -5.37402099, 57.91000291, 69.433867115085391 ], [ -5.37411605, 57.91001954, 69.371207987713731 ], [ -5.37421179, 57.91003451, 69.665255207126407 ], [ -5.37432309, 57.91003388, 69.753582342484933 ], [ -5.37441907, 57.91005326, 69.213425569326461 ], [ -5.37452474, 57.91006619, 69.136799745351851 ], [ -5.37463093, 57.91008392, 69.328176022730474 ], [ -5.3747098, 57.91010216, 69.150766441954801 ], [ -5.37480456, 57.91011759, 69.219088214938907 ], [ -5.37490747, 57.91013405, 69.516532694744981 ], [ -5.37501011, 57.91015087, 69.414238862783492 ], [ -5.37510761, 57.91016641, 69.357618946140079 ], [ -5.37520552, 57.91017934, 69.347427164959825 ], [ -5.37528904, 57.91019023, 69.54257781280441 ], [ -5.37539143, 57.91020762, 69.857385704650113 ], [ -5.3754946, 57.91022217, 69.680353233946988 ], [ -5.37558051, 57.91023536, 69.721497468740523 ], [ -5.37568451, 57.9102512, 69.596555779113004 ], [ -5.3757886, 57.91026355, 69.493507182049669 ], [ -5.37588711, 57.9102761, 69.544842653066695 ], [ -5.37598919, 57.91028554, 69.603727409972379 ], [ -5.37608834, 57.91030144, 69.373471738062506 ], [ -5.37618394, 57.91031301, 69.175678594926339 ], [ -5.3762785, 57.91033497, 68.877479350018419 ], [ -5.37637986, 57.91035894, 69.15340839228962 ], [ -5.37647408, 57.91037423, 69.176811015057481 ], [ -5.37657069, 57.91037971, 69.060551031449776 ], [ -5.37666772, 57.91038812, 69.014122351029854 ], [ -5.3767659, 57.91039217, 68.998646124223214 ], [ -5.37686081, 57.91038748, 68.555498737399844 ], [ -5.37694636, 57.9104019, 68.522281443524278 ], [ -5.37702865, 57.91041606, 68.172746182642584 ], [ -5.37712009, 57.91042078, 68.757066251001959 ], [ -5.37718245, 57.91045669, 68.672513486109381 ], [ -5.37728071, 57.9104945, 68.661189829754747 ], [ -5.37737745, 57.91051536, 68.834825040064459 ], [ -5.37746112, 57.91053223, 68.775185518056929 ], [ -5.37754258, 57.9105601, 68.814819677690011 ], [ -5.37761105, 57.91059147, 68.584564005780138 ], [ -5.37768201, 57.91061596, 68.248240676399561 ], [ -5.37780198, 57.91065491, 67.435930321349332 ], [ -5.37789229, 57.91068041, 67.068276883326178 ], [ -5.37796316, 57.91071257, 66.214067528380582 ], [ -5.37800208, 57.91066445, 65.989096847053858 ], [ -5.37808414, 57.91063467, 63.933784826615799 ], [ -5.37817828, 57.91063479, 63.832623959742193 ], [ -5.37827791, 57.91063608, 62.960296427655138 ], [ -5.37837258, 57.91063422, 62.332945484226009 ], [ -5.37845413, 57.91060733, 61.407394750932205 ], [ -5.37853668, 57.91057758, 60.863841262337061 ], [ -5.37848083, 57.91054122, 60.311983177794652 ], [ -5.3783968, 57.91055127, 60.005101681910162 ], [ -5.37830449, 57.91057351, 59.43776791551786 ], [ -5.37823168, 57.91061152, 59.641600269382259 ], [ -5.37813428, 57.91061506, 59.941687244479915 ], [ -5.378125, 57.91055407, 59.889219353331761 ], [ -5.37821052, 57.91051579, 60.3652063790014 ], [ -5.37829785, 57.91053269, 60.691716127187782 ], [ -5.37837709, 57.9105106, 62.464304584567806 ], [ -5.37846581, 57.91051833, 62.537155493119705 ], [ -5.37854624, 57.91054538, 61.898857458451737 ], [ -5.37855003, 57.91059414, 62.022289072918809 ], [ -5.37846217, 57.91061656, 62.896503790238846 ], [ -5.37836991, 57.91061668, 63.61444725424554 ], [ -5.37825853, 57.91063192, 64.167060103889796 ], [ -5.37815886, 57.91063936, 64.321821826999454 ], [ -5.37807647, 57.91065049, 65.141304357865792 ], [ -5.37799597, 57.91066715, 65.335700240608546 ], [ -5.37792599, 57.91069426, 66.022313595972662 ], [ -5.37783953, 57.91066553, 66.600216798574507 ], [ -5.37771689, 57.91062795, 67.07809100947712 ], [ -5.37765318, 57.91059594, 67.566156456603238 ], [ -5.37758119, 57.91056411, 67.802451339241358 ], [ -5.37749261, 57.91052626, 68.156516280647608 ], [ -5.37740908, 57.91050018, 69.663367476936671 ], [ -5.37732463, 57.91047095, 70.058576108179693 ], [ -5.37724557, 57.91044524, 70.123123510697823 ], [ -5.37716216, 57.91042939, 70.191822938711226 ], [ -5.37706661, 57.91041494, 69.971759047981593 ], [ -5.37697685, 57.91040417, 70.269581182816964 ], [ -5.37688449, 57.91039829, 70.245423249990523 ], [ -5.37678359, 57.91039178, 70.239006384232979 ], [ -5.37668881, 57.91038573, 69.987990584846827 ], [ -5.37659677, 57.91037369, 70.043855736388394 ], [ -5.3765113, 57.91035911, 69.767549039087896 ], [ -5.37641855, 57.91034623, 69.600331239492476 ], [ -5.37632847, 57.9103341, 69.292694978506148 ], [ -5.37623437, 57.91031673, 69.377247743398726 ], [ -5.37614584, 57.91030014, 69.528989316187506 ], [ -5.37605045, 57.91028301, 69.853611879140914 ], [ -5.37595453, 57.91027391, 69.718478408333155 ], [ -5.37585986, 57.91026419, 69.668275357447271 ], [ -5.37576365, 57.91025526, 69.968362332544928 ], [ -5.37566133, 57.9102442, 69.559187549655704 ], [ -5.37556463, 57.91023256, 69.629018852843473 ], [ -5.37543252, 57.91021402, 69.691300870142584 ], [ -5.37533162, 57.91019312, 69.806051323546598 ], [ -5.37523243, 57.91017806, 69.698473045958707 ], [ -5.37513487, 57.91016434, 69.362904481679976 ], [ -5.37504641, 57.91014998, 69.479919230389513 ], [ -5.37495972, 57.91013962, 69.731690339834273 ], [ -5.3748562, 57.91012402, 69.302131994584542 ], [ -5.37475705, 57.91010066, 69.14548308624191 ], [ -5.37466776, 57.9100826, 69.202858312943917 ], [ -5.37458521, 57.91006537, 69.069612027369146 ], [ -5.37448309, 57.91005044, 69.051115650241641 ], [ -5.37439064, 57.91003872, 69.12472186885212 ], [ -5.37429033, 57.9100239, 69.241736617561671 ], [ -5.37419434, 57.91001163, 69.422166348658209 ], [ -5.37410046, 57.90999685, 69.235319751804141 ], [ -5.37400799, 57.90999275, 69.39725310577316 ], [ -5.37390875, 57.90998155, 69.331950938153184 ], [ -5.37382118, 57.90997073, 69.785289561200059 ], [ -5.37372301, 57.90996498, 69.882298947535162 ], [ -5.37362382, 57.90995238, 69.716590678143419 ], [ -5.3735395, 57.90994351, 69.937409333974898 ], [ -5.37342362, 57.90991804, 69.957792351378629 ], [ -5.37333246, 57.90991423, 69.96798358760212 ], [ -5.37324477, 57.90991388, 70.214470251420479 ], [ -5.37316175, 57.90990467, 69.985725199627794 ], [ -5.37307934, 57.90989452, 70.058576653136441 ], [ -5.37298377, 57.90989199, 70.423588140824776 ], [ -5.37288653, 57.90989228, 70.004976341857144 ], [ -5.37278022, 57.90989296, 70.154453619340401 ], [ -5.37267329, 57.90988938, 69.961944921830636 ], [ -5.37256475, 57.90988463, 70.116329534867745 ], [ -5.37246461, 57.909877, 70.165023055549952 ], [ -5.37237147, 57.9098788, 70.084999971181929 ], [ -5.37226529, 57.90987631, 70.476811342031539 ], [ -5.37216383, 57.90986757, 70.622513704092086 ], [ -5.37206691, 57.90985495, 70.581370014255313 ], [ -5.37196952, 57.90984913, 70.41566174486357 ], [ -5.37186783, 57.90983609, 70.512293476169376 ], [ -5.3717606, 57.90982301, 70.521729947291021 ], [ -5.37165291, 57.90980819, 70.505498955382535 ], [ -5.37155545, 57.90979908, 70.305440971984098 ], [ -5.37144892, 57.90979412, 70.676869325429976 ], [ -5.37135227, 57.90978792, 70.688571181770655 ], [ -5.3712543, 57.90978855, 70.50210223994587 ], [ -5.37115287, 57.90977882, 70.491155148707037 ], [ -5.37104102, 57.90977177, 70.527392047946719 ], [ -5.37094254, 57.90976219, 70.270336492875558 ], [ -5.37083435, 57.90975326, 70.189180988376407 ], [ -5.37073775, 57.90974332, 70.085377626211226 ], [ -5.3706454, 57.90973059, 70.185406617910445 ], [ -5.37054676, 57.90971847, 69.880790507244981 ], [ -5.37044935, 57.90970128, 69.623734952173834 ], [ -5.37035629, 57.9096862, 69.703380926469308 ], [ -5.37026493, 57.90966809, 69.521818775241641 ], [ -5.37016684, 57.90965137, 69.303264959672433 ], [ -5.37006251, 57.90963078, 69.123212883605191 ], [ -5.36996609, 57.90962048, 69.099809715880582 ], [ -5.36987009, 57.90961734, 69.430471489562223 ], [ -5.36976642, 57.90960165, 68.948445253164351 ], [ -5.36965982, 57.90958918, 68.69063438803461 ], [ -5.36955706, 57.90958204, 68.951464313571719 ], [ -5.36945497, 57.90957255, 68.398096698825626 ], [ -5.36935348, 57.90955517, 68.346383572779303 ], [ -5.36924711, 57.90954692, 68.116883210928023 ], [ -5.36914449, 57.90953033, 68.487178599285997 ], [ -5.36905099, 57.90952329, 68.242202010628077 ], [ -5.3689452, 57.90951144, 68.529077054224615 ], [ -5.36884299, 57.90949734, 68.516998087811388 ], [ -5.368749, 57.90948691, 68.438107423574507 ], [ -5.36865043, 57.90947811, 68.452828340322554 ], [ -5.3685472, 57.90947145, 68.502654281135889 ], [ -5.36845024, 57.90945544, 68.488688129489688 ], [ -5.36835575, 57.90944876, 68.914849214345992 ], [ -5.36826658, 57.90943826, 69.017898356366075 ], [ -5.36817143, 57.90942601, 69.099431515894537 ], [ -5.36806386, 57.90942121, 69.65430920580107 ], [ -5.36797745, 57.90940945, 69.849459853645655 ], [ -5.36788932, 57.90940109, 70.104250568454532 ], [ -5.36779825, 57.90938723, 70.090284416808316 ], [ -5.36770193, 57.90937437, 70.577972753861886 ], [ -5.36761249, 57.90936148, 70.68253142608566 ], [ -5.36751803, 57.90935964, 70.827101368015079 ], [ -5.36742606, 57.90935126, 71.178900924202296 ], [ -5.36733625, 57.9093413, 71.470306193280138 ], [ -5.36724903, 57.90933709, 71.526171344821719 ], [ -5.3671574, 57.90932712, 71.328755856714849 ], [ -5.36705872, 57.90931347, 71.245335511953414 ], [ -5.36696047, 57.9093012, 71.539759841438624 ], [ -5.36686849, 57.90929219, 71.851925782949507 ], [ -5.36678152, 57.90927553, 71.834184715880582 ], [ -5.36668987, 57.90926784, 71.993098464485499 ], [ -5.36659711, 57.90925751, 71.980264732970426 ], [ -5.36650842, 57.90924431, 72.376983439373888 ], [ -5.36641344, 57.90924006, 72.378870624606876 ], [ -5.36632576, 57.90923446, 72.770681995456485 ], [ -5.366186, 57.90925597, 73.179857323302471 ], [ -5.36609788, 57.90926868, 72.889207364283209 ], [ -5.36601182, 57.90928105, 73.153057440141197 ], [ -5.36592047, 57.9092853, 73.544114045888961 ], [ -5.36583113, 57.9092928, 74.203927518091817 ], [ -5.36574723, 57.90930469, 74.422104223588462 ], [ -5.365656, 57.90931863, 74.659909181387007 ], [ -5.36556931, 57.90932633, 74.533457416599063 ], [ -5.36547254, 57.90933034, 75.208747115608546 ], [ -5.36538879, 57.90933754, 75.663218703743311 ], [ -5.36529561, 57.90935131, 75.957265923155987 ], [ -5.36522059, 57.90938214, 76.122219427445884 ], [ -5.36518382, 57.90942919, 76.495534966124737 ], [ -5.36516413, 57.90947481, 76.476284368852134 ], [ -5.36515118, 57.90952926, 77.017195362155704 ], [ -5.36512784, 57.90957841, 78.189609869340416 ], [ -5.36509005, 57.90962767, 78.216032642429141 ], [ -5.36505189, 57.90967607, 78.595009736806929 ], [ -5.36503015, 57.90972488, 78.975119796272608 ], [ -5.36499779, 57.90976923, 79.385049344263692 ], [ -5.36496668, 57.90981829, 79.280113017010621 ], [ -5.364936, 57.90986385, 79.897272724216251 ], [ -5.36490845, 57.90991598, 80.293236120561119 ], [ -5.36487871, 57.90996155, 80.585018499711509 ], [ -5.36484755, 57.9100088, 81.116115366864136 ], [ -5.36482318, 57.91005408, 81.183304174760337 ], [ -5.36479983, 57.91011059, 82.324389118259219 ], [ -5.36475853, 57.91015664, 83.059318339276246 ], [ -5.36473202, 57.91020605, 83.211437567094322 ], [ -5.36469881, 57.91025599, 83.037425246712061 ], [ -5.36467162, 57.91029995, 83.612308298993042 ], [ -5.36463603, 57.91035146, 84.193986417017598 ], [ -5.36459913, 57.91040352, 84.619392191815308 ], [ -5.36456309, 57.91045422, 85.038758755884786 ], [ -5.36452497, 57.91050293, 85.703857218670777 ], [ -5.36450827, 57.91054842, 86.125488623002525 ], [ -5.36447727, 57.91059143, 86.438032219542706 ], [ -5.36443824, 57.91064265, 86.67847912767607 ], [ -5.36440517, 57.91068789, 87.400574617178023 ], [ -5.36439137, 57.91073803, 88.500515870840132 ], [ -5.36435995, 57.91078461, 88.481264728610782 ], [ -5.36433666, 57.91083835, 88.993110998490806 ], [ -5.36432798, 57.91089179, 89.487971511360499 ], [ -5.36429388, 57.91093668, 90.586779799934718 ], [ -5.36426173, 57.91098475, 91.493079935955933 ], [ -5.36419876, 57.91102271, 91.901122298714014 ], [ -5.36413982, 57.91105509, 92.395982811583721 ], [ -5.36406025, 57.91109392, 93.063346114631983 ], [ -5.36398632, 57.91111652, 92.917266097542139 ], [ -5.36393738, 57.91116274, 93.853763377118042 ], [ -5.36393714, 57.91121512, 94.474319799760337 ], [ -5.36384063, 57.9112285, 94.93030091809878 ], [ -5.3637395, 57.91123338, 95.408552784030704 ], [ -5.36364515, 57.9112382, 95.90605524723523 ], [ -5.36356144, 57.91124461, 96.554922173155987 ], [ -5.36347641, 57.91126224, 96.884829181735782 ], [ -5.36338406, 57.91128568, 97.495949133256431 ], [ -5.36329905, 57.91131111, 97.980240209916587 ], [ -5.36320657, 57.91133749, 98.313543933933047 ], [ -5.36310999, 57.9113553, 98.844263691013126 ], [ -5.36302307, 57.91137787, 99.035639423435001 ], [ -5.36293049, 57.91139407, 98.897108692233829 ], [ -5.36282147, 57.91140114, 100.318274703499171 ], [ -5.36273155, 57.91141401, 100.490777493677754 ], [ -5.36264563, 57.91142839, 100.437554837427754 ], [ -5.36254283, 57.91144263, 101.072077956672999 ], [ -5.36245045, 57.91146225, 101.215138368398726 ], [ -5.36235583, 57.91148545, 101.880613668778892 ], [ -5.36225446, 57.91149533, 102.236565795418116 ], [ -5.36216886, 57.91148733, 102.433981283524986 ], [ -5.36208576, 57.91147623, 102.633284501821578 ], [ -5.36199957, 57.91146804, 102.326780660966392 ], [ -5.36190712, 57.91145438, 102.483807224338321 ], [ -5.36174005, 57.91142417, 102.55665813289022 ], [ -5.36164461, 57.91140785, 103.131918840200484 ], [ -5.36155734, 57.91139532, 104.041238581585816 ], [ -5.36146435, 57.91138461, 104.229217053614278 ], [ -5.36135742, 57.91137596, 104.197509834899151 ], [ -5.36125726, 57.91135995, 104.637637071401656 ], [ -5.36116603, 57.91134931, 104.736910753042281 ], [ -5.36107733, 57.91134221, 104.897334576807637 ], [ -5.36097101, 57.91132353, 104.29300887359544 ], [ -5.36088781, 57.91130157, 103.964989595205367 ], [ -5.36079033, 57.9112853, 104.069548267429141 ], [ -5.36069656, 57.91126358, 104.058601721147056 ], [ -5.36061528, 57.91124215, 104.619141511709273 ], [ -5.36052795, 57.91122493, 104.467777048993042 ], [ -5.36044129, 57.9112117, 104.617254326476299 ], [ -5.36035546, 57.91121643, 104.483253275799683 ], [ -5.36025957, 57.91122878, 104.57195806618752 ], [ -5.36017479, 57.91123311, 104.493822712009219 ], [ -5.3601294, 57.9112773, 104.254130568977686 ], [ -5.3601894, 57.91131759, 104.484008585858277 ], [ -5.36026549, 57.91136127, 104.716529098030421 ], [ -5.36029816, 57.91140644, 104.610838005675518 ], [ -5.36033971, 57.91144864, 104.822974955487183 ], [ -5.36040762, 57.91147958, 105.060024603227134 ], [ -5.36036763, 57.91143979, 105.194025653903751 ], [ -5.3602855, 57.91142644, 105.640947138714722 ], [ -5.360178, 57.91140915, 106.02747406393793 ], [ -5.36009557, 57.91139054, 106.419663089816837 ], [ -5.35999143, 57.91138754, 106.540075371398174 ], [ -5.35988756, 57.91142423, 106.929622174463887 ], [ -5.35981908, 57.91145785, 107.178373406066143 ], [ -5.35973483, 57.91146223, 107.589813029217652 ], [ -5.3596522, 57.91145197, 108.238679955138409 ], [ -5.35953804, 57.91141392, 108.017105989248336 ], [ -5.35956855, 57.91146798, 107.843470778938624 ], [ -5.35950053, 57.91143072, 108.084295342101299 ], [ -5.35942519, 57.91139772, 107.787227972367759 ], [ -5.3593364, 57.9113622, 107.714754173888409 ], [ -5.35937222, 57.91131444, 107.502617224076744 ], [ -5.35431294, 57.91057953, 107.119110176696026 ], [ -5.35415426, 57.91056706, 106.814493521073814 ], [ -5.353991, 57.91054871, 106.431363856244019 ], [ -5.35388341, 57.91053412, 106.216207573546612 ], [ -5.3537778, 57.91052274, 105.304245609348087 ], [ -5.3536787, 57.91051627, 105.099658217903468 ], [ -5.35357875, 57.91049995, 104.472684384546895 ], [ -5.35347566, 57.91048846, 104.234124661646504 ], [ -5.35337829, 57.9104777, 103.751343660146773 ], [ -5.35327354, 57.91045783, 103.608283248421046 ], [ -5.35316895, 57.91044322, 103.510519096984112 ], [ -5.35306972, 57.91043911, 103.794752190245831 ], [ -5.35297044, 57.91041841, 103.72605330718919 ], [ -5.35287275, 57.91040446, 103.764555046691143 ], [ -5.35277632, 57.91039202, 103.628666810781539 ], [ -5.35266603, 57.91038072, 103.333109516208438 ], [ -5.3525669, 57.91036753, 103.399543559002808 ], [ -5.3524692, 57.91035568, 103.313858373979087 ], [ -5.35237455, 57.91034728, 103.803811551294942 ], [ -5.35228161, 57.91033275, 103.874775274613853 ], [ -5.3521927, 57.91030814, 103.667922770428589 ], [ -5.35210616, 57.91030019, 103.427098752222676 ], [ -5.35201829, 57.91028996, 103.811360837183614 ], [ -5.35191762, 57.91027642, 103.988393307886739 ], [ -5.3518194, 57.91026301, 104.213741371764385 ], [ -5.35171904, 57.91024534, 103.971029623368736 ], [ -5.35161423, 57.91023247, 104.032556875566002 ], [ -5.35152914, 57.91021719, 104.237144539488995 ], [ -5.35142672, 57.91020388, 104.025762354779175 ], [ -5.35132843, 57.91019194, 104.39454875789022 ], [ -5.35122441, 57.91018089, 102.674051081585816 ], [ -5.35113004, 57.91016657, 102.619695460247925 ], [ -5.35102853, 57.91015417, 102.851083007332178 ], [ -5.35092907, 57.91014158, 102.397366729256007 ], [ -5.35083054, 57.91013129, 102.981686797615382 ], [ -5.35073943, 57.91011795, 103.330466748438496 ], [ -5.35063961, 57.91010125, 103.18967117697504 ], [ -5.35054232, 57.91008285, 103.263654505658081 ], [ -5.35044065, 57.91006992, 102.983196055340699 ], [ -5.35033718, 57.91005814, 103.206279551434449 ], [ -5.35024859, 57.91004876, 103.153056350227686 ], [ -5.35016509, 57.91003404, 102.834850653031822 ], [ -5.35006834, 57.91002187, 103.204014166215416 ], [ -5.34997934, 57.91000751, 103.069635460509502 ], [ -5.34988285, 57.90998812, 105.093617372304976 ], [ -5.34979236, 57.90997396, 105.248001985342086 ], [ -5.34971196, 57.90995782, 105.042659556317261 ], [ -5.3496213, 57.90994969, 105.479390077383101 ], [ -5.34952702, 57.90993964, 106.219604288983277 ], [ -5.34942686, 57.90992105, 105.953112262790469 ], [ -5.34932905, 57.90990655, 106.388710363725181 ], [ -5.34924361, 57.90989196, 106.242630346635337 ], [ -5.34915025, 57.909888, 105.919140203813072 ], [ -5.34905879, 57.90987101, 105.9115909179244 ], [ -5.34897322, 57.90987247, 105.809674740992207 ], [ -5.34883493, 57.90985939, 106.079186917505879 ], [ -5.34877314, 57.90989062, 106.072770051748336 ], [ -5.34870511, 57.90984531, 106.153925556247501 ], [ -5.34861142, 57.90982613, 105.831945488585674 ], [ -5.3485172, 57.90980404, 105.892340320651797 ], [ -5.34842473, 57.90978274, 106.09843805973523 ], [ -5.34833102, 57.90976311, 105.965191774160445 ], [ -5.34822755, 57.90974498, 105.075500285077027 ], [ -5.34813609, 57.90973327, 105.335197790482994 ], [ -5.34803209, 57.90971142, 105.140424252710957 ], [ -5.34795049, 57.90969408, 105.094373227320332 ], [ -5.34785218, 57.90967543, 105.642456396440025 ], [ -5.34775451, 57.90966184, 105.657932623246666 ], [ -5.34765306, 57.90965269, 105.894227505884786 ], [ -5.34755597, 57.90963858, 105.942165716508384 ], [ -5.34745995, 57.90962467, 105.573756968426636 ], [ -5.34736115, 57.9096069, 105.566962447639796 ], [ -5.3472591, 57.90959244, 105.700585843287129 ], [ -5.3471573, 57.90958098, 105.599424431456768 ], [ -5.34705879, 57.90956929, 105.351805347507266 ], [ -5.34696608, 57.90955672, 105.161561490259786 ], [ -5.34687587, 57.90954066, 105.420127120491358 ], [ -5.34678472, 57.9095276, 105.237810204161846 ], [ -5.34669379, 57.90951353, 105.280463969159058 ], [ -5.34659992, 57.90950029, 105.535254683967921 ], [ -5.3464928, 57.90948732, 105.168733666075909 ], [ -5.34640014, 57.90947143, 105.427299296307496 ], [ -5.34629473, 57.90945673, 105.532990388662398 ], [ -5.34619895, 57.90944077, 105.205725875374171 ], [ -5.34609808, 57.90942133, 105.676050800388126 ], [ -5.34599739, 57.90940623, 105.693791867457051 ], [ -5.34590292, 57.90939322, 105.676051345344874 ], [ -5.34581449, 57.9093802, 105.704738958695884 ], [ -5.34572662, 57.90936623, 105.627358369619429 ], [ -5.34563281, 57.90934976, 105.965569429189742 ], [ -5.3455402, 57.90933865, 105.885168689792422 ], [ -5.34545104, 57.90932279, 105.747015613620547 ], [ -5.34536281, 57.90930665, 105.845912185188624 ], [ -5.34521966, 57.9092809, 105.625848839415752 ], [ -5.34512569, 57.90926287, 105.704739503652632 ], [ -5.34503346, 57.90924273, 105.613014562943931 ], [ -5.34494557, 57.90922269, 105.328026159623619 ], [ -5.34485715, 57.90920561, 105.406917368817261 ], [ -5.34476771, 57.9091906, 105.325761864318096 ], [ -5.34467542, 57.90917324, 105.306511267045494 ], [ -5.34458193, 57.90915663, 105.10343367828294 ], [ -5.34448914, 57.90914222, 105.013218812734664 ], [ -5.34439409, 57.90912999, 105.258950166494429 ], [ -5.34429982, 57.90911868, 105.264989922179424 ], [ -5.3441972, 57.90910598, 104.97245223297044 ], [ -5.34410063, 57.90909252, 105.12532677084711 ], [ -5.34400772, 57.90908035, 104.958486081324239 ], [ -5.34390907, 57.90906798, 104.824862140720157 ], [ -5.34381633, 57.90905468, 105.035489015371382 ], [ -5.34372071, 57.90903583, 105.024542469089297 ], [ -5.34362799, 57.90901969, 104.675762518266197 ], [ -5.34353438, 57.90900208, 104.900355544563624 ], [ -5.34344262, 57.90899438, 104.915077006268433 ], [ -5.34334419, 57.90897817, 104.342835904322286 ], [ -5.34324727, 57.90896079, 104.342835904322286 ], [ -5.34315074, 57.90894622, 104.331889358040186 ], [ -5.34305361, 57.90892999, 104.241296837462627 ], [ -5.3429562, 57.90891649, 103.917051929538516 ], [ -5.34286722, 57.90890293, 103.926488945616924 ], [ -5.34277222, 57.90888959, 103.848353046481876 ], [ -5.34267339, 57.90887447, 103.947249618049952 ], [ -5.34257495, 57.90885969, 104.000472819256714 ], [ -5.3424788, 57.90884369, 103.940455642219874 ], [ -5.34238236, 57.90883013, 103.871756759163233 ], [ -5.34230093, 57.90881659, 103.903841087950909 ], [ -5.34220389, 57.90880214, 103.749457019870547 ], [ -5.34210355, 57.90878591, 103.403696129454815 ], [ -5.34202024, 57.90877254, 103.937057836869712 ], [ -5.34193196, 57.90876096, 103.707556930061671 ], [ -5.34183808, 57.90874734, 103.842690400869429 ], [ -5.34174399, 57.90873101, 103.936302526811119 ], [ -5.34163909, 57.90871352, 103.868358408856324 ], [ -5.34153905, 57.90869631, 103.969896930759219 ], [ -5.34144192, 57.90867623, 104.071058342589581 ], [ -5.34135133, 57.90865696, 104.025384972228252 ], [ -5.34125282, 57.90864039, 103.962725299899844 ], [ -5.34115305, 57.90862288, 103.918561459742207 ], [ -5.3410578, 57.90860628, 103.899310317512843 ], [ -5.34096414, 57.90859642, 104.219403199941695 ], [ -5.34086941, 57.90858893, 104.052562510418824 ], [ -5.34077944, 57.90856508, 104.13824769544253 ], [ -5.34069239, 57.90853493, 103.893648761813907 ], [ -5.34061449, 57.90850233, 104.102388451232159 ], [ -5.34053788, 57.90847209, 103.602621147765362 ], [ -5.34046467, 57.90844124, 103.333864281310284 ], [ -5.34039404, 57.90840715, 103.428231172353804 ], [ -5.34033279, 57.90837208, 103.195333550109112 ], [ -5.34026303, 57.90834131, 102.773702145777364 ], [ -5.34019126, 57.90830737, 102.551373414785445 ], [ -5.34011527, 57.90827261, 102.412465573511739 ], [ -5.34003205, 57.90824096, 102.123702799725464 ], [ -5.33995117, 57.90821368, 101.956107345100733 ], [ -5.33987021, 57.9081891, 101.486537730145386 ], [ -5.3397833, 57.90816967, 101.386131083416871 ], [ -5.33969334, 57.90815088, 101.178146704057212 ], [ -5.33960601, 57.90812745, 100.732357366899009 ], [ -5.33952398, 57.90809961, 100.374518055026797 ], [ -5.33944456, 57.90806897, 100.402450358319214 ], [ -5.33936488, 57.90804108, 100.134448256965968 ], [ -5.33928707, 57.90801512, 99.927595752780704 ], [ -5.33920271, 57.9079886, 99.71130677747378 ], [ -5.33912384, 57.90795936, 99.282503197325909 ], [ -5.33904327, 57.90793121, 98.764994826790186 ], [ -5.3389534, 57.90790178, 98.601173742631431 ], [ -5.33887666, 57.90787808, 98.412439960544376 ], [ -5.33878556, 57.90784981, 97.720163959567813 ], [ -5.33871055, 57.90781611, 97.707707338125289 ], [ -5.33863528, 57.90778427, 97.426493850227686 ], [ -5.33856026, 57.90775402, 97.119235244270655 ], [ -5.33849324, 57.90772093, 97.079978194710108 ], [ -5.33841856, 57.90769354, 96.747051580766197 ], [ -5.33834386, 57.90765812, 96.183492729796612 ], [ -5.3382646, 57.90761951, 95.861135007105489 ], [ -5.33819051, 57.90758197, 95.469323636255879 ], [ -5.33812294, 57.90754154, 94.902744634965416 ], [ -5.3380626, 57.90750314, 94.850276743817261 ], [ -5.33794534, 57.90745616, 94.635875498700074 ], [ -5.33786506, 57.90742463, 93.895661287099898 ], [ -5.33780593, 57.90739175, 93.273594789297164 ], [ -5.33773128, 57.90735905, 93.07429211595732 ], [ -5.33765749, 57.9073249, 92.660587652543541 ], [ -5.33757388, 57.90728947, 92.184223516801353 ], [ -5.33748718, 57.90726708, 91.912824155054707 ], [ -5.33740074, 57.90724482, 91.381727287902081 ], [ -5.3373258, 57.9072172, 91.126559463020655 ], [ -5.33725264, 57.90718788, 91.103533405368594 ], [ -5.33718096, 57.90715915, 90.845345430166304 ], [ -5.33710866, 57.90712899, 90.419562000339297 ], [ -5.33702323, 57.90709905, 90.458063739841251 ], [ -5.33694611, 57.9070735, 90.194968974041871 ], [ -5.336858, 57.9070443, 90.040584361004761 ], [ -5.33678002, 57.9070197, 89.744272301329815 ], [ -5.33668594, 57.90699141, 89.56346491520398 ], [ -5.33660474, 57.90696967, 89.400398596147056 ], [ -5.33652264, 57.90694101, 89.103708881442813 ], [ -5.33643513, 57.90691352, 89.136926175318379 ], [ -5.33634309, 57.90688276, 88.608093603471275 ], [ -5.3362594, 57.9068525, 88.673772881163799 ], [ -5.33617462, 57.90682412, 88.827024529113018 ], [ -5.33609968, 57.90679518, 88.697176048888409 ], [ -5.3360265, 57.90676642, 88.65791954428461 ], [ -5.33594172, 57.90672776, 88.576386384756148 ], [ -5.33586862, 57.90669186, 88.177403383047164 ], [ -5.3357868, 57.90666154, 87.962623937943931 ], [ -5.33570344, 57.90662968, 87.938466005117476 ], [ -5.33562834, 57.90659948, 88.339713847088746 ], [ -5.33555622, 57.90657173, 88.220434258116924 ], [ -5.33547803, 57.90654178, 88.12908697243752 ], [ -5.33541046, 57.9065099, 88.091717653066695 ], [ -5.33533616, 57.90648386, 87.978099619793824 ], [ -5.3352543, 57.90645812, 88.222321443349898 ], [ -5.33517978, 57.9064284, 87.984139375478804 ], [ -5.33509932, 57.906396, 87.530045987330098 ], [ -5.33502742, 57.90636074, 87.263931071209839 ], [ -5.33495206, 57.90633661, 86.61393172515794 ], [ -5.33488677, 57.90629861, 86.415383816919942 ], [ -5.33484896, 57.90625167, 86.19343274095732 ], [ -5.33492881, 57.90621962, 85.903160436967369 ], [ -5.33480208, 57.90617241, 85.348660402090132 ], [ -5.33472126, 57.90614152, 84.775664535042139 ], [ -5.33465129, 57.9061099, 84.251739298748902 ], [ -5.33457885, 57.90607485, 83.836147650102134 ], [ -5.33452687, 57.90603312, 83.322414194989136 ], [ -5.33446891, 57.9059939, 82.747908252780704 ], [ -5.3344129, 57.9059533, 82.200202738690308 ], [ -5.33437015, 57.90590681, 81.528687955103536 ], [ -5.3343445, 57.90585326, 81.144802980215132 ], [ -5.33434056, 57.90580437, 79.548869338508936 ], [ -5.33434443, 57.90575413, 79.529618741236348 ], [ -5.33434873, 57.90570511, 78.692018033228536 ], [ -5.33433774, 57.90565686, 77.953313351832051 ], [ -5.33428229, 57.90560671, 77.230840207300801 ], [ -5.33421286, 57.90557316, 76.637838432921612 ], [ -5.33413954, 57.90554384, 76.263768129140914 ], [ -5.3340678, 57.90551492, 76.368326801364688 ], [ -5.33398262, 57.90549197, 76.792600700988018 ], [ -5.33390997, 57.90546569, 76.939057828150411 ], [ -5.33382356, 57.90544066, 77.017949037344039 ], [ -5.3337401, 57.90541387, 77.524133206568379 ], [ -5.33365755, 57.90538356, 78.153371880187237 ], [ -5.33356748, 57.90535396, 78.073726450848511 ], [ -5.33348092, 57.90533106, 79.778748445303023 ], [ -5.33339282, 57.90530442, 79.819137370037964 ], [ -5.33331273, 57.90527992, 80.292104245386739 ], [ -5.33323877, 57.90525806, 81.505662987364971 ], [ -5.3331609, 57.90523475, 82.478774276253077 ], [ -5.33308519, 57.90520741, 83.538326060223511 ], [ -5.33300657, 57.90518418, 84.117361137999737 ], [ -5.33293324, 57.90515939, 84.650345190385337 ], [ -5.33284646, 57.90512989, 84.557487829545494 ], [ -5.33276466, 57.9050938, 85.171627931387007 ], [ -5.33269599, 57.90506146, 85.63704552084711 ], [ -5.33262807, 57.90503057, 85.603828226971558 ], [ -5.33256138, 57.90499989, 85.738961697779317 ], [ -5.33248123, 57.90496824, 86.398397514952862 ], [ -5.33240633, 57.90493714, 86.614686490259786 ], [ -5.33233689, 57.90490941, 86.805685112609112 ], [ -5.33226086, 57.90487855, 87.641020980354639 ], [ -5.33218132, 57.90484182, 87.340179240155152 ], [ -5.33211024, 57.90481459, 87.891659669668257 ], [ -5.33204929, 57.90477993, 87.937333584986348 ], [ -5.33199752, 57.90474415, 88.140788828778199 ], [ -5.33194746, 57.90470415, 88.337449551783223 ], [ -5.33191246, 57.90466257, 88.451067585056094 ], [ -5.33187283, 57.90462166, 88.530713559351582 ], [ -5.33181928, 57.90457439, 88.657542434212061 ], [ -5.33176896, 57.90453797, 88.856090342450074 ], [ -5.33171674, 57.90445763, 88.957251209323672 ], [ -5.33165818, 57.90441724, 89.33660650368752 ], [ -5.33161391, 57.90437067, 89.443430016173565 ], [ -5.33157581, 57.90432557, 90.002459731575343 ], [ -5.33154112, 57.90428205, 89.773714679782657 ], [ -5.33150287, 57.90423701, 90.216106756547447 ], [ -5.33146814, 57.90419089, 89.301124914506431 ], [ -5.33142916, 57.90414351, 89.588377613132266 ], [ -5.33136343, 57.90410628, 89.974149773253643 ], [ -5.33131466, 57.90405428, 89.901298864701744 ], [ -5.33125471, 57.9040141, 90.295375075813624 ], [ -5.33121086, 57.90397436, 90.473162311618594 ], [ -5.3311497, 57.90393712, 90.562999522137574 ], [ -5.33108973, 57.90389545, 90.856669631477686 ], [ -5.33102826, 57.90385629, 91.380217757698389 ], [ -5.33097272, 57.903813, 91.380217757698389 ], [ -5.33092076, 57.90376662, 91.293022497514244 ], [ -5.33085398, 57.90373478, 91.477226599076744 ], [ -5.33080143, 57.90369827, 91.545925482133384 ], [ -5.33075475, 57.90365453, 91.90452010406419 ], [ -5.33067681, 57.90360218, 92.950105736388409 ], [ -5.33063589, 57.90356046, 93.028996400625289 ], [ -5.33059824, 57.90351933, 93.189042569361348 ], [ -5.33055257, 57.90348058, 93.333612511290752 ], [ -5.33050251, 57.90343848, 93.312096528799117 ], [ -5.33044994, 57.90339478, 93.294355461730206 ], [ -5.33040124, 57.90334911, 93.335499696523726 ], [ -5.33035033, 57.90330194, 93.441567898951192 ], [ -5.33031708, 57.90325047, 93.748071739806377 ], [ -5.3302836, 57.90319664, 94.107421126839014 ], [ -5.3302464, 57.90315064, 94.406375681805542 ], [ -5.33020865, 57.90310514, 94.566044740469039 ], [ -5.33017583, 57.90305927, 95.152251994061402 ], [ -5.33014211, 57.90301287, 95.099784102913233 ], [ -5.33011933, 57.90296036, 95.069586959358546 ], [ -5.33006101, 57.90291916, 94.717409748142032 ], [ -5.33000967, 57.90288153, 94.921242102006431 ], [ -5.32995088, 57.90283723, 95.554255146091251 ], [ -5.32989162, 57.90280368, 96.013255869793824 ], [ -5.32982629, 57.90277059, 96.499056476657657 ], [ -5.32978237, 57.90272486, 96.866709914680811 ], [ -5.32973358, 57.90267894, 97.093190671167989 ], [ -5.32969597, 57.90263776, 96.809712343008101 ], [ -5.32967966, 57.90258399, 96.681373392987183 ], [ -5.32962181, 57.90253899, 96.761773587427754 ], [ -5.32955564, 57.90249951, 97.250971454685001 ], [ -5.32948887, 57.90246938, 97.211337295051905 ], [ -5.32943117, 57.90243131, 97.206807614527364 ], [ -5.32937183, 57.9023956, 97.664298263069483 ], [ -5.32931057, 57.90236313, 98.293159281659058 ], [ -5.32924631, 57.90232945, 97.88775941419253 ], [ -5.3292016, 57.90228787, 98.079135691571167 ], [ -5.32916306, 57.90223731, 98.084420682154317 ], [ -5.32912062, 57.90219546, 97.950797286506983 ], [ -5.32907766, 57.90214525, 97.99571589176648 ], [ -5.32903505, 57.90210443, 98.184072018824239 ], [ -5.32896062, 57.90204023, 98.252016136779034 ], [ -5.32892762, 57.90199763, 98.453961305410445 ], [ -5.32890632, 57.90194859, 98.700447969228804 ], [ -5.32884438, 57.90188651, 97.611453806805542 ], [ -5.32884443, 57.90183424, 97.636367049690577 ], [ -5.32880466, 57.90178301, 97.972313268998619 ], [ -5.32876449, 57.90173611, 98.002510957510054 ], [ -5.32871954, 57.901694, 98.248242856226582 ], [ -5.32866603, 57.90164456, 98.673648631024292 ], [ -5.3286338, 57.9016008, 98.320716654705933 ], [ -5.32859615, 57.90155002, 98.19124473959711 ], [ -5.32855633, 57.90150167, 97.862093041075909 ], [ -5.32850693, 57.90145582, 97.235119207719322 ], [ -5.3284776, 57.90139429, 96.687413693628926 ], [ -5.32837911, 57.90132319, 96.302773953638692 ], [ -5.32831087, 57.90129117, 95.987210751734395 ], [ -5.32825003, 57.90125124, 95.405533178666587 ], [ -5.32819709, 57.90116218, 95.662211078708438 ], [ -5.32815226, 57.90111243, 95.757710389883101 ], [ -5.32809371, 57.90107186, 95.055242607726299 ], [ -5.32803762, 57.90103657, 94.416944573058331 ], [ -5.32799018, 57.90099752, 93.926991395742476 ], [ -5.32793676, 57.90095448, 93.749581814966817 ], [ -5.32787357, 57.90091376, 93.090145452836509 ], [ -5.32781646, 57.90087145, 92.985587325569483 ], [ -5.32777727, 57.9008305, 93.329460485795494 ], [ -5.32773102, 57.90079021, 93.19659185525002 ], [ -5.32767491, 57.90074558, 93.446852889534327 ], [ -5.32762912, 57.90070721, 93.643891267568648 ], [ -5.32757865, 57.90066382, 93.786951679294376 ], [ -5.32752149, 57.9006285, 93.746562209602686 ], [ -5.3274589, 57.90058657, 93.94473300776815 ], [ -5.32739951, 57.90054164, 93.702398369445049 ], [ -5.32733922, 57.90050059, 93.600105082440308 ], [ -5.32729039, 57.90045712, 93.688055107726299 ], [ -5.32724581, 57.90041107, 93.808089461799952 ], [ -5.32719184, 57.900365, 93.880563260279317 ], [ -5.32712513, 57.90032339, 94.612850530961509 ], [ -5.32707359, 57.90027934, 93.53480236986357 ], [ -5.32701784, 57.90023484, 93.432886192931377 ], [ -5.32695023, 57.90019298, 93.964738370142598 ], [ -5.3268891, 57.90014853, 93.895284721984112 ], [ -5.32682823, 57.90010574, 94.146300521370264 ], [ -5.32676194, 57.90006006, 94.045893874641749 ], [ -5.3267039, 57.90001503, 94.389012269765914 ], [ -5.32664856, 57.8999723, 94.446764606540469 ], [ -5.32658051, 57.89993289, 94.751003607133384 ], [ -5.32653046, 57.89989327, 94.971444607935567 ], [ -5.32647269, 57.89984892, 94.918976716787398 ], [ -5.32641973, 57.89980472, 94.775161539959839 ], [ -5.32637642, 57.89976006, 94.894064018859112 ], [ -5.32632955, 57.89971506, 94.500742572849063 ], [ -5.32627403, 57.89967368, 95.823767322604922 ], [ -5.32621228, 57.89963585, 96.054777214659893 ], [ -5.32614124, 57.8995925, 96.120456492352417 ], [ -5.32607385, 57.89955538, 95.860758441989688 ], [ -5.32601441, 57.89951837, 95.827541148114136 ], [ -5.32595454, 57.89947737, 95.669005054538516 ], [ -5.32590187, 57.89943731, 95.657303743154586 ], [ -5.32589383, 57.89938247, 95.747896263732159 ], [ -5.32578029, 57.89935138, 95.416479724948672 ], [ -5.32572222, 57.89931739, 95.778471062316143 ], [ -5.32564581, 57.899283, 95.961542743747501 ], [ -5.32557359, 57.89924692, 95.833203793726582 ], [ -5.32551003, 57.89921442, 95.572750978262007 ], [ -5.3254484, 57.89917676, 95.793569634093487 ], [ -5.32537994, 57.89913851, 95.402513028345723 ], [ -5.32530925, 57.89909605, 95.010701657496114 ], [ -5.32525145, 57.89905268, 94.657392026148457 ], [ -5.32518512, 57.89900734, 94.520371370107711 ], [ -5.32511599, 57.89896715, 94.190464906484664 ], [ -5.32504542, 57.89892742, 94.141771385802471 ], [ -5.32499817, 57.89888152, 94.051556520254195 ], [ -5.32494832, 57.89883449, 93.589158536158223 ], [ -5.32488875, 57.89878767, 93.176208837846275 ], [ -5.32482822, 57.89875282, 92.501296793866089 ], [ -5.32477567, 57.89871752, 92.257074970310001 ], [ -5.32471026, 57.89867891, 92.07438094390794 ], [ -5.32465319, 57.89863823, 91.549700397556094 ], [ -5.32460532, 57.8985966, 90.722291470728536 ], [ -5.32454967, 57.89854524, 90.406350613794942 ], [ -5.32449902, 57.89850354, 89.810329234051636 ], [ -5.32444909, 57.89845991, 89.575544426573956 ], [ -5.32438939, 57.8984167, 89.015759946070332 ], [ -5.3243442, 57.89837413, 88.451445785042139 ], [ -5.32427425, 57.89834382, 87.809750489980757 ], [ -5.32421602, 57.89830044, 87.154089043273174 ], [ -5.32417461, 57.89825936, 86.663758210928023 ], [ -5.32410549, 57.89821908, 85.789542948651246 ], [ -5.3240348, 57.89817842, 85.580425604203697 ], [ -5.3239657, 57.89813729, 84.964021207056661 ], [ -5.32390152, 57.89809759, 84.51483460950503 ], [ -5.32383172, 57.89806402, 84.348371575011456 ], [ -5.32377774, 57.89802439, 84.211350918970723 ], [ -5.32373281, 57.89797969, 83.521340303213179 ], [ -5.32368394, 57.89793688, 83.150666714869161 ], [ -5.32362886, 57.89788982, 83.134812833033223 ], [ -5.32359056, 57.89784629, 83.02232721989148 ], [ -5.32355302, 57.89779802, 82.934754304678023 ], [ -5.32351608, 57.89774736, 83.073285035879195 ], [ -5.32346942, 57.89770286, 82.980427675039351 ], [ -5.32341472, 57.89765836, 83.191054549690577 ], [ -5.32336451, 57.89761587, 83.416402886046612 ], [ -5.3233148, 57.89757001, 83.562105793063907 ], [ -5.32325881, 57.89752415, 83.497936045575074 ], [ -5.32320757, 57.89747685, 82.874736582684449 ], [ -5.32315774, 57.89743209, 83.234463079789634 ], [ -5.32311646, 57.89738868, 83.195206030229087 ], [ -5.32306792, 57.89734612, 83.748195989945884 ], [ -5.32302426, 57.89730582, 83.715734006128926 ], [ -5.322966, 57.89726482, 83.796134745526246 ], [ -5.32289534, 57.89723437, 84.186813696244712 ], [ -5.32282771, 57.89719889, 84.292882443628926 ], [ -5.32277122, 57.89715746, 84.406500476901797 ], [ -5.32273283, 57.89710951, 84.567301955696436 ], [ -5.32269162, 57.89706763, 84.537859577243594 ], [ -5.32264307, 57.89702744, 84.321192946907374 ], [ -5.32258432, 57.89699237, 83.957313879350181 ], [ -5.32253951, 57.89694467, 84.099619525974063 ], [ -5.32247707, 57.89687766, 84.988178594926353 ], [ -5.32244224, 57.89683623, 84.605426585125855 ], [ -5.32240799, 57.8967935, 84.882488047528199 ], [ -5.32236526, 57.89675031, 84.552203928875855 ], [ -5.32231415, 57.89671135, 84.570699761046612 ], [ -5.32224279, 57.89667517, 83.544742381024292 ], [ -5.322187, 57.8966348, 83.581356935293257 ], [ -5.32213963, 57.89659751, 83.719887666494429 ], [ -5.3220961, 57.89655322, 83.640997002257549 ], [ -5.32203552, 57.89650516, 84.040735314025127 ], [ -5.32198404, 57.8964594, 84.003365994654317 ], [ -5.32193467, 57.8964194, 84.844363963055542 ], [ -5.32188387, 57.89638024, 84.778684685363018 ], [ -5.32182782, 57.89633977, 85.119915350297447 ], [ -5.32176738, 57.89629665, 85.245234694954249 ], [ -5.3217177, 57.89625616, 85.242215089590132 ], [ -5.32165353, 57.89621594, 85.081036500722945 ], [ -5.32159762, 57.89617818, 85.398109232830933 ], [ -5.32154339, 57.89613566, 85.777464527194766 ], [ -5.32149444, 57.89609333, 86.850605352738853 ], [ -5.32144899, 57.8960513, 87.169188160007266 ], [ -5.32140073, 57.89600817, 86.971772126943648 ], [ -5.32134732, 57.89596449, 87.188438212323121 ], [ -5.32129903, 57.89591839, 86.965732371258667 ], [ -5.32125078, 57.89587272, 86.982718673225733 ], [ -5.32120084, 57.89582691, 86.634693487504478 ], [ -5.32114343, 57.89579128, 87.155598573476851 ], [ -5.32107607, 57.89576403, 86.727927413460108 ], [ -5.32100775, 57.89573459, 86.58637707689482 ], [ -5.32095553, 57.895696, 86.833618505815025 ], [ -5.32090256, 57.89565509, 86.906469959323672 ], [ -5.32083821, 57.895617, 86.727927958416871 ], [ -5.32076292, 57.89557839, 86.222498554294376 ], [ -5.32069292, 57.89553892, 86.177202294005596 ], [ -5.32062613, 57.89549973, 86.074908462044093 ], [ -5.32055936, 57.89546188, 85.973747595170494 ], [ -5.32049157, 57.89542311, 85.843898569989136 ], [ -5.32043187, 57.89538728, 85.495873384267867 ], [ -5.32035536, 57.89535852, 85.418492250234664 ], [ -5.32028008, 57.89532845, 85.728771006512574 ], [ -5.32020727, 57.89529452, 85.524183887546329 ], [ -5.32014209, 57.89525256, 85.935624055654586 ], [ -5.32007214, 57.89522359, 85.698196752885337 ], [ -5.31999314, 57.89519112, 85.655920097960674 ], [ -5.31991971, 57.89515993, 85.877115863864688 ], [ -5.31985025, 57.89512271, 86.051128184246949 ], [ -5.319781, 57.89508877, 86.611290319779869 ], [ -5.3197174, 57.89505762, 86.427086218217369 ], [ -5.31965301, 57.89502458, 86.005077158856324 ], [ -5.31958518, 57.89499257, 85.701592923365254 ], [ -5.31951384, 57.89496013, 85.752551284309718 ], [ -5.31944624, 57.89492645, 86.166633402752808 ], [ -5.31937927, 57.8948911, 86.355744839869161 ], [ -5.31931562, 57.89485447, 86.145117965217921 ], [ -5.31925423, 57.8948155, 86.34026861306252 ], [ -5.31919936, 57.89477912, 85.945059436862735 ], [ -5.31913936, 57.89474393, 86.177202294005596 ], [ -5.31908247, 57.89470409, 85.387539796621382 ], [ -5.3190224, 57.89466894, 85.369043964450626 ], [ -5.31896852, 57.89462664, 85.361872333591251 ], [ -5.31891836, 57.89458488, 85.527202947953697 ], [ -5.31886366, 57.89454463, 85.594392300806661 ], [ -5.31879664, 57.89450339, 85.693288872374737 ], [ -5.31873333, 57.89445926, 86.366313731121949 ], [ -5.31867645, 57.89441705, 86.027347906449791 ], [ -5.31860446, 57.89438176, 85.946569512023174 ], [ -5.31853526, 57.89433979, 85.461146015231876 ], [ -5.31848308, 57.8943006, 85.600431511534893 ], [ -5.31842477, 57.89426492, 85.485681603087627 ], [ -5.31835601, 57.89422903, 85.900896141661846 ], [ -5.31830338, 57.89418366, 86.062452385558331 ], [ -5.31825771, 57.89413505, 87.018955572465416 ], [ -5.31821558, 57.89409124, 86.827202185014244 ], [ -5.31816115, 57.89404744, 86.967242446419093 ], [ -5.3181057, 57.8940016, 86.496162756303306 ], [ -5.31806043, 57.89396164, 86.994797094682212 ], [ -5.31800991, 57.89392314, 87.017445497304976 ], [ -5.31796962, 57.89387117, 87.024240018091817 ], [ -5.31793085, 57.89382831, 87.455685548574507 ], [ -5.3178955, 57.89378342, 87.179756506303306 ], [ -5.31786797, 57.89373004, 88.408413820058882 ], [ -5.31783658, 57.89368318, 88.296305861946436 ], [ -5.31779456, 57.89363752, 88.341979232307764 ], [ -5.31775489, 57.89359149, 88.325748240399292 ], [ -5.31771146, 57.89353755, 88.263088568070884 ], [ -5.31766634, 57.89348959, 88.153245450220723 ], [ -5.31761291, 57.89345151, 88.565439838474063 ], [ -5.31757641, 57.89340732, 88.139278753617759 ], [ -5.31752658, 57.89336515, 88.872698444431094 ], [ -5.31747511, 57.89332297, 88.463901316571167 ], [ -5.31742352, 57.89327757, 88.898366452417989 ], [ -5.31737187, 57.89323311, 88.899498872549117 ], [ -5.31732355, 57.89318318, 88.751154015197002 ], [ -5.31727867, 57.89313353, 89.42304699876982 ], [ -5.31724423, 57.89308735, 89.025951182293824 ], [ -5.31720706, 57.89304551, 89.279609476971558 ], [ -5.31715222, 57.8930091, 90.059834958277364 ], [ -5.31710903, 57.89296148, 90.048888411995264 ], [ -5.31706289, 57.89291125, 90.582250119410176 ], [ -5.31701937, 57.89286484, 90.745316438467086 ], [ -5.31698146, 57.89282025, 91.149584430759219 ], [ -5.31692982, 57.89278068, 91.909049784588746 ], [ -5.31687437, 57.89273257, 91.742963860167706 ], [ -5.31683424, 57.89269155, 92.049090045993594 ], [ -5.31678641, 57.8926459, 92.308787551399561 ], [ -5.31674724, 57.89260385, 92.103445122374737 ], [ -5.31670236, 57.89256572, 92.589623384267867 ], [ -5.31666773, 57.89252433, 92.539419788425235 ], [ -5.31659339, 57.89249824, 92.244994913983277 ], [ -5.31654994, 57.89241608, 92.420517309525962 ], [ -5.31651191, 57.89236914, 91.440988609923565 ], [ -5.31647108, 57.89232765, 91.505913122514244 ], [ -5.31643592, 57.89227702, 90.90045472669253 ], [ -5.31638938, 57.8922287, 90.930651870247218 ], [ -5.31634083, 57.89219175, 90.640756676329815 ], [ -5.31629754, 57.89215155, 90.302167961730206 ], [ -5.316251, 57.89210432, 90.364450523986065 ], [ -5.31621732, 57.892059, 89.540815967624454 ], [ -5.31617309, 57.89200746, 88.977257116654869 ], [ -5.31613566, 57.89196469, 89.069359167436119 ], [ -5.31609893, 57.89192024, 88.592617376664634 ], [ -5.31606133, 57.89187558, 88.166456291808331 ], [ -5.31601851, 57.89182322, 87.568924836904586 ], [ -5.31598557, 57.89177534, 87.311491626804141 ], [ -5.31596205, 57.891729, 87.00800793626982 ], [ -5.3159316, 57.89167673, 86.931004457265914 ], [ -5.31589147, 57.891624, 86.904959339206485 ], [ -5.31585218, 57.89157636, 86.502956187176636 ], [ -5.31583162, 57.89152968, 86.171161993363853 ], [ -5.31581338, 57.89148467, 85.897875446384219 ], [ -5.31577774, 57.89144076, 85.509838446000572 ], [ -5.31573667, 57.89140046, 85.823136807642598 ], [ -5.3156989, 57.89134985, 85.887306010174683 ], [ -5.31566731, 57.89130486, 85.478885992387291 ], [ -5.31564433, 57.8912553, 85.051592487399844 ], [ -5.31562561, 57.89120729, 85.122179100646221 ], [ -5.3155878, 57.89115856, 85.768404076232159 ], [ -5.31553171, 57.89110865, 85.414717334811954 ], [ -5.31549286, 57.89106054, 86.195320471147056 ], [ -5.31545265, 57.89100886, 85.322992394103252 ], [ -5.31542416, 57.89095826, 85.495495184281822 ], [ -5.31540193, 57.89090516, 85.427173956254478 ], [ -5.31538834, 57.89085336, 85.488323553422447 ], [ -5.31535349, 57.89080415, 85.665733134198121 ], [ -5.31529249, 57.89076406, 85.749908244061402 ], [ -5.31524178, 57.89071976, 85.730657101832051 ], [ -5.31519449, 57.89067362, 85.578914984086509 ], [ -5.31516223, 57.89062863, 85.71216126966128 ], [ -5.3151192, 57.89058113, 86.189658370491358 ], [ -5.31508626, 57.89053709, 86.542968001839014 ], [ -5.31504596, 57.89049065, 86.175691673888409 ], [ -5.31499985, 57.8904477, 86.717357432293824 ], [ -5.31494947, 57.890405, 86.160970212183614 ], [ -5.31490154, 57.8903606, 86.835128036018702 ], [ -5.31486583, 57.89031473, 86.934024607586792 ], [ -5.31482575, 57.89026841, 86.862305574209273 ], [ -5.31479233, 57.89022101, 86.750198161053589 ], [ -5.31475539, 57.89017531, 86.840790681631148 ], [ -5.31471436, 57.89012475, 86.472760133535445 ], [ -5.31467109, 57.89007472, 86.727928503373619 ], [ -5.31464175, 57.89002594, 86.435391359121382 ], [ -5.31460032, 57.88997916, 86.510507107935567 ], [ -5.31455975, 57.88993481, 86.327812536576744 ], [ -5.31452276, 57.88988871, 85.929584299969605 ], [ -5.3144951, 57.88983811, 85.998283727982994 ], [ -5.31444601, 57.88979305, 85.984317576336792 ], [ -5.31440157, 57.88975276, 86.318753720484395 ], [ -5.31435206, 57.88970497, 86.336494242596558 ], [ -5.31429562, 57.88966943, 85.920902048993042 ], [ -5.31421799, 57.88960637, 86.241749696523726 ], [ -5.31418181, 57.88964756, 86.016778470240254 ], [ -5.31425218, 57.88960753, 85.999415058200626 ], [ -5.31425672, 57.88955863, 86.332718782217086 ], [ -5.3142281, 57.88951417, 86.342155253338746 ], [ -5.31420382, 57.88947096, 86.513525623386172 ], [ -5.31419542, 57.8894221, 86.302143983633101 ], [ -5.31417722, 57.88937735, 86.311580454754761 ], [ -5.31415217, 57.88932285, 86.124356747828145 ], [ -5.3141253, 57.88928019, 86.014513629977969 ], [ -5.31410088, 57.88923063, 85.443404948162964 ], [ -5.31407012, 57.88918527, 85.399241108005313 ], [ -5.31402706, 57.88914653, 85.376215595310001 ], [ -5.31398204, 57.88909665, 85.255048821105206 ], [ -5.31394822, 57.88904594, 84.88324281263003 ], [ -5.31389496, 57.88900466, 84.917214871607442 ], [ -5.31385289, 57.88896126, 84.451797282147339 ], [ -5.3138113, 57.88891221, 83.986757347716534 ], [ -5.31377481, 57.88886257, 83.770091262337061 ], [ -5.31373611, 57.88881545, 83.779905388488018 ], [ -5.31369167, 57.88876896, 83.818407127989971 ], [ -5.31364041, 57.8887245, 83.480951378478252 ], [ -5.31359404, 57.88867854, 83.610045093601016 ], [ -5.31355872, 57.8886328, 83.477553573128077 ], [ -5.31350542, 57.88859133, 83.790096624711509 ], [ -5.31346967, 57.88854635, 83.47226912750169 ], [ -5.313427, 57.88849688, 83.619859219751973 ], [ -5.31339246, 57.88845517, 83.954673018928858 ], [ -5.31333714, 57.88841287, 83.741781304015362 ], [ -5.31329485, 57.88836338, 83.947501388069483 ], [ -5.31326571, 57.88831677, 84.67978865875169 ], [ -5.31322866, 57.8882709, 85.584201064583155 ], [ -5.31317903, 57.88822872, 85.752174174237183 ], [ -5.31312768, 57.88818827, 85.882023199418541 ], [ -5.31307916, 57.88814988, 86.193433830870831 ], [ -5.31303543, 57.8881103, 86.762277672423565 ], [ -5.31297496, 57.88807496, 86.421047007489136 ], [ -5.31293428, 57.88803302, 86.922324386116358 ], [ -5.31286691, 57.88799865, 87.309983731470723 ], [ -5.3128099, 57.887963, 87.535709177899292 ], [ -5.31273416, 57.88793021, 87.383212295051905 ], [ -5.31266812, 57.88789838, 87.047643185816426 ], [ -5.31263445, 57.88784624, 87.7576602538619 ], [ -5.31261493, 57.88779537, 87.737654346530704 ], [ -5.31260095, 57.8877436, 87.553072589938907 ], [ -5.31258143, 57.88769817, 87.234489782670494 ], [ -5.31255045, 57.88765404, 86.733590059072554 ], [ -5.31251561, 57.88761247, 86.63846785797044 ], [ -5.31248347, 57.8875613, 86.631296227111065 ], [ -5.31247207, 57.88750763, 86.565239294389244 ], [ -5.31248336, 57.88745497, 87.351126876350733 ], [ -5.31249176, 57.88740037, 87.030279228820049 ], [ -5.31248062, 57.88735135, 86.764164857656539 ], [ -5.31245598, 57.88730246, 87.164280824453414 ], [ -5.31244341, 57.88725294, 87.445871422423565 ], [ -5.31242087, 57.88720828, 87.650081431317261 ], [ -5.31240971, 57.88716054, 87.257137095379761 ], [ -5.31239879, 57.88711512, 87.269593716822286 ], [ -5.31238511, 57.88706534, 87.342822280403468 ], [ -5.31236292, 57.8870199, 87.605539936130313 ], [ -5.31233684, 57.88697421, 88.452577115259786 ], [ -5.31229929, 57.8869256, 88.44804743473523 ], [ -5.31228514, 57.88687397, 88.999150209219039 ], [ -5.3122952, 57.88682451, 89.45550843763003 ], [ -5.31231166, 57.88677593, 89.175805024892867 ], [ -5.3123809, 57.88667616, 89.653679235795494 ], [ -5.31240102, 57.88662776, 89.667645387441695 ], [ -5.31242445, 57.88658333, 90.115699564862183 ], [ -5.31243805, 57.8865368, 91.203561852111065 ], [ -5.31244778, 57.88648735, 91.880739281310284 ], [ -5.31247709, 57.88643613, 92.725889820163516 ], [ -5.31249864, 57.88638314, 92.724002634930542 ], [ -5.31251065, 57.88633487, 93.748449939792422 ], [ -5.31251121, 57.88628282, 94.154982772346827 ], [ -5.31253509, 57.88623337, 94.777049815106324 ], [ -5.31251994, 57.88618148, 95.811311246119161 ], [ -5.31251328, 57.88613282, 96.316740105284893 ], [ -5.31255281, 57.88608852, 97.073562963822837 ], [ -5.31261463, 57.88604712, 98.119903361248902 ], [ -5.31270451, 57.88601811, 98.925796850541587 ], [ -5.31276815, 57.88598102, 99.482939380710391 ], [ -5.31281165, 57.88593212, 100.307706084724757 ], [ -5.31288434, 57.88590007, 100.432270119322979 ], [ -5.31285012, 57.88585068, 101.58996343728127 ], [ -5.31292377, 57.88581955, 103.046611037727686 ], [ -5.31299314, 57.88579212, 105.069460256913658 ], [ -5.31304394, 57.88575382, 105.562810694622925 ], [ -5.31307938, 57.88568438, 107.056072849338321 ], [ -5.31311455, 57.88563996, 107.835543565542281 ], [ -5.31315172, 57.88558684, 109.314839568611475 ], [ -5.31319616, 57.88554112, 110.593322823180401 ], [ -5.31323527, 57.88549874, 111.383362703115523 ], [ -5.31324403, 57.88544714, 112.547473159309718 ], [ -5.31323693, 57.88539021, 113.692710128303858 ], [ -5.31321442, 57.88534132, 115.419247287814883 ], [ -5.31320196, 57.88529443, 116.103596347873477 ], [ -5.3131915, 57.88524931, 117.029902118747501 ], [ -5.3131726, 57.88519801, 117.42171348959711 ], [ -5.31317238, 57.88515189, 117.42171348959711 ], [ -5.31318211, 57.88510061, 117.559111800667139 ], [ -5.31319475, 57.88504531, 118.095116003373619 ], [ -5.31319783, 57.88499473, 118.132862705295352 ], [ -5.31320339, 57.8849488, 118.40312964691087 ], [ -5.31321578, 57.88489687, 118.322351797441002 ], [ -5.31323076, 57.88483322, 118.337828024247642 ], [ -5.31322653, 57.88478543, 118.482775621206343 ], [ -5.31323451, 57.8847331, 118.407281944884502 ], [ -5.31325316, 57.88468169, 118.68623059251982 ], [ -5.31326593, 57.88462692, 118.6854755549396 ], [ -5.31329292, 57.8845817, 118.378216676504195 ], [ -5.3133097, 57.88453302, 118.304988112922999 ], [ -5.31332952, 57.88448351, 118.303855692791871 ], [ -5.31335436, 57.88443192, 118.419738293848653 ], [ -5.31336336, 57.88438003, 118.391050680497642 ], [ -5.31336043, 57.88432653, 118.031701293464991 ], [ -5.31337661, 57.88427228, 117.725952490190025 ], [ -5.3134016, 57.88421858, 117.626300881041729 ], [ -5.31341927, 57.88416651, 117.462857179433882 ], [ -5.31342197, 57.88411871, 116.928363051887843 ], [ -5.31342991, 57.88406588, 116.526737554887291 ], [ -5.31343808, 57.88402096, 116.098689284797999 ], [ -5.31344836, 57.88396978, 115.54381159489148 ], [ -5.31345674, 57.88391522, 115.166721413268291 ], [ -5.31344817, 57.88386652, 115.057255950447413 ], [ -5.31345153, 57.8838143, 114.755659172667706 ], [ -5.31344943, 57.88376005, 114.28986420065668 ], [ -5.31349584, 57.88368264, 114.016200271126124 ], [ -5.31350822, 57.88362931, 113.701014724251124 ], [ -5.31352397, 57.88358452, 113.575317997043399 ], [ -5.31354601, 57.88354027, 113.246543408594746 ], [ -5.31352472, 57.8834956, 112.601451125618311 ], [ -5.31345742, 57.8834268, 111.988066061357017 ], [ -5.31343428, 57.88337254, 111.473577296185425 ], [ -5.31338354, 57.88332914, 111.063647475715968 ], [ -5.31332635, 57.88328503, 110.412893092083863 ], [ -5.31329835, 57.88323649, 109.759874140667847 ], [ -5.31326702, 57.88319155, 108.978893621781822 ], [ -5.3132422, 57.88314712, 108.123551846705098 ], [ -5.31323557, 57.88309935, 107.245939324034893 ], [ -5.31322656, 57.88304814, 106.555928163320601 ], [ -5.31319214, 57.8830012, 105.644343581672999 ], [ -5.31314235, 57.88296345, 104.947915827679566 ], [ -5.31310046, 57.88291811, 103.866093568594039 ], [ -5.31304486, 57.88287946, 103.138713633465699 ], [ -5.31297417, 57.88284322, 102.505322934351582 ], [ -5.31291653, 57.88280761, 101.91760560559878 ], [ -5.31284749, 57.88277953, 101.572222915169093 ], [ -5.31278282, 57.88273705, 101.029424191675801 ], [ -5.3127055, 57.88270528, 100.95015587240961 ], [ -5.31264821, 57.88266061, 100.592693670609947 ], [ -5.312579, 57.88262255, 100.192955358842369 ], [ -5.31252041, 57.88258529, 99.873994896544659 ], [ -5.31245556, 57.88255166, 99.799256257803023 ], [ -5.31240275, 57.88251427, 99.671672072883936 ], [ -5.31234731, 57.88247691, 99.357996601169376 ], [ -5.31229705, 57.88243287, 99.081312793796329 ], [ -5.31222098, 57.8823934, 99.08282232400002 ], [ -5.31215483, 57.88236181, 98.84275252593919 ], [ -5.31208302, 57.88233148, 98.902392592903468 ], [ -5.31200117, 57.8823033, 98.696295398776797 ], [ -5.31192546, 57.88227213, 98.495482650276514 ], [ -5.31184032, 57.88224068, 98.008926733354087 ], [ -5.31175293, 57.88220979, 97.643538135593204 ], [ -5.31168092, 57.88217237, 97.372516428875855 ], [ -5.31158974, 57.88214569, 97.499722958765645 ], [ -5.31152587, 57.88211488, 97.443480697151514 ], [ -5.31146469, 57.88208263, 96.879166536123336 ], [ -5.31140179, 57.88204992, 96.622866291110782 ], [ -5.31132936, 57.88200963, 96.639852048121114 ], [ -5.31127548, 57.88197271, 96.045717853610782 ], [ -5.31121645, 57.88192587, 95.696560247758384 ], [ -5.31117214, 57.88188625, 95.615404743259219 ], [ -5.31112088, 57.88185005, 95.529719558235499 ], [ -5.31107842, 57.88180982, 95.126961641103804 ], [ -5.31104385, 57.881758, 94.640028069152081 ], [ -5.31102413, 57.88170172, 94.626816682607711 ], [ -5.31102571, 57.88165329, 94.115725177829532 ], [ -5.31099765, 57.88156162, 93.800162520881983 ], [ -5.31098043, 57.88150983, 92.84252691384377 ], [ -5.31097925, 57.88145991, 92.918020317687237 ], [ -5.31097889, 57.88140292, 92.739855426852969 ], [ -5.31097553, 57.8813468, 92.585848468845157 ], [ -5.31095758, 57.88130086, 92.982944830277916 ], [ -5.31094049, 57.88125448, 93.677862781589297 ], [ -5.31090065, 57.88120476, 94.250481538564742 ], [ -5.31084896, 57.88115874, 94.623419967171046 ], [ -5.31077856, 57.88112264, 94.664186546935284 ], [ -5.31071223, 57.88108839, 94.940870354308331 ], [ -5.3106602, 57.88105294, 95.585207599704532 ], [ -5.31060416, 57.88101581, 96.303528718740523 ], [ -5.31052345, 57.88094646, 97.887006011482569 ], [ -5.31047122, 57.88090403, 99.662991184299258 ], [ -5.31042997, 57.8808597, 100.584389892097803 ], [ -5.31040284, 57.88081483, 101.24269328914022 ], [ -5.31039352, 57.8807701, 102.667634215828272 ], [ -5.31039576, 57.88072395, 103.715861798487325 ], [ -5.31041537, 57.88065973, 104.42663335915627 ], [ -5.31042295, 57.88061428, 105.342747621328414 ], [ -5.31044593, 57.88056766, 106.02445418609544 ], [ -5.31048238, 57.88052489, 106.499308246677188 ], [ -5.31052053, 57.88047826, 107.510166509965416 ], [ -5.31055057, 57.88042753, 108.181304183479639 ], [ -5.31054306, 57.88038031, 109.208016601082178 ], [ -5.31053691, 57.88033168, 109.649653640266749 ], [ -5.31052094, 57.88028061, 109.538300447256148 ], [ -5.31049862, 57.8802278, 108.904909748142032 ], [ -5.31045985, 57.88017841, 109.39675011069086 ], [ -5.31043329, 57.88012842, 109.589636463229922 ], [ -5.31042305, 57.88007714, 109.645124232220581 ], [ -5.31041301, 57.88003194, 110.17584398930066 ], [ -5.31038519, 57.87998453, 110.188300338264796 ], [ -5.31036298, 57.87993414, 110.128282888749595 ], [ -5.31032938, 57.87988842, 110.668061734400411 ], [ -5.31030535, 57.87984217, 110.298521111144268 ], [ -5.31027835, 57.87979331, 111.421864987574239 ], [ -5.31024876, 57.87974146, 111.93899570308065 ], [ -5.3102025, 57.87970378, 112.538036960666446 ], [ -5.31013225, 57.87966844, 113.505864348884913 ], [ -5.31005196, 57.87964601, 114.388006552079673 ], [ -5.30995964, 57.87962794, 115.497006621834132 ], [ -5.30987191, 57.87960344, 116.633184229779175 ], [ -5.3097792, 57.87957594, 117.564774446279586 ], [ -5.30969496, 57.87956045, 117.943374430584839 ], [ -5.30960925, 57.87954656, 118.059257031641621 ], [ -5.30951552, 57.87952974, 118.454088280333721 ], [ -5.30942157, 57.87951672, 119.197322097297999 ], [ -5.30933324, 57.87950708, 119.349818980145386 ], [ -5.30924464, 57.87949645, 120.396159377571436 ], [ -5.30916187, 57.87947701, 120.032280582492618 ], [ -5.30907268, 57.8794598, 120.444852625775269 ], [ -5.30899443, 57.87943637, 120.21384218876355 ], [ -5.30890115, 57.87941753, 119.743894918778892 ], [ -5.30882908, 57.87938646, 119.546856813222945 ], [ -5.308755, 57.87936472, 119.439655918185977 ], [ -5.30867302, 57.87933213, 119.244505270341392 ], [ -5.30861518, 57.87929318, 119.432106632297305 ], [ -5.30861467, 57.87924722, 120.077953952853946 ], [ -5.30862867, 57.87919912, 120.795142651758809 ], [ -5.30864444, 57.87914934, 121.004637106278892 ], [ -5.30865769, 57.87910374, 121.116367681840416 ], [ -5.30864377, 57.87905898, 121.924903666424683 ], [ -5.30862551, 57.8790148, 122.837997778275962 ], [ -5.30860772, 57.87896339, 123.669936658106465 ], [ -5.3085415, 57.87889471, 124.329750130309307 ], [ -5.30847012, 57.87886934, 125.365144253931661 ], [ -5.30840725, 57.87883309, 126.447721550597393 ], [ -5.30833059, 57.87880281, 127.179631438728663 ], [ -5.30826234, 57.87877441, 127.658260687211509 ], [ -5.3081842, 57.87874128, 128.245600360935015 ], [ -5.30812485, 57.87870846, 128.889182841229371 ], [ -5.30805969, 57.87867951, 129.462178708277349 ], [ -5.30797567, 57.87865213, 129.698095935886187 ], [ -5.30789247, 57.8786229, 130.518710886883667 ], [ -5.30777369, 57.87859326, 130.795394694256714 ], [ -5.30769762, 57.87856958, 130.540981361998746 ], [ -5.30760641, 57.87856125, 130.543246202261031 ], [ -5.30752261, 57.87855448, 130.168420588421753 ], [ -5.30744066, 57.87854279, 130.326202189373902 ], [ -5.30735446, 57.87853549, 129.885697297842086 ], [ -5.30726146, 57.87852055, 129.944959709777066 ], [ -5.30716267, 57.87850741, 130.052537987364957 ], [ -5.3070681, 57.87849282, 130.279395853924683 ], [ -5.30698557, 57.87848297, 130.492665223867476 ], [ -5.3068844, 57.87846958, 130.220888479569908 ], [ -5.306797, 57.87845876, 130.275621210980347 ], [ -5.30672042, 57.8784397, 130.262409824435991 ], [ -5.30664109, 57.87841753, 130.192200866218911 ], [ -5.30656432, 57.87839778, 130.581747396806236 ], [ -5.30648567, 57.87837765, 130.986015389098355 ], [ -5.3063887, 57.87835258, 131.359330927777222 ], [ -5.30631816, 57.87832603, 131.595625810415328 ], [ -5.30621819, 57.87831381, 131.956107617579107 ], [ -5.30613206, 57.87831529, 132.434359211032671 ], [ -5.30604005, 57.87831015, 132.669144018510337 ], [ -5.30594764, 57.8783098, 132.747657300196295 ], [ -5.30586155, 57.8783057, 132.817866530891763 ], [ -5.30575997, 57.8783013, 132.938656195024009 ], [ -5.30567463, 57.87829355, 133.164381913930953 ], [ -5.30557581, 57.87829108, 133.096060413425249 ], [ -5.30549064, 57.87828334, 133.254596779479215 ], [ -5.30538928, 57.87827314, 133.273092611649986 ], [ -5.30530739, 57.87825426, 132.635172232011314 ], [ -5.3052144, 57.8782329, 132.800125463822837 ], [ -5.30513789, 57.87821019, 132.702361312385904 ], [ -5.30507879, 57.87816294, 133.018679279392046 ], [ -5.30503487, 57.87812227, 132.969985758709839 ], [ -5.30499202, 57.87807938, 132.66574675811691 ], [ -5.30492309, 57.87804086, 132.628755093775396 ], [ -5.30484444, 57.87801572, 132.342256887773033 ], [ -5.30476066, 57.87800376, 132.315456459654996 ], [ -5.30467473, 57.87798767, 132.259213653084146 ], [ -5.30459613, 57.87797017, 132.080671379698941 ], [ -5.30443245, 57.87794833, 131.95270981222896 ], [ -5.30434178, 57.87793202, 132.303754875792691 ], [ -5.30425411, 57.87790745, 132.58308090597896 ], [ -5.30415869, 57.87789404, 133.367458685258384 ], [ -5.30405847, 57.87788018, 133.151169709951461 ], [ -5.30397294, 57.87786611, 133.019433499537115 ], [ -5.30388984, 57.87785494, 132.748411520341392 ], [ -5.30380101, 57.87784294, 132.947337083608687 ], [ -5.30370845, 57.87782683, 133.176837445459967 ], [ -5.30362437, 57.87781174, 133.207789626594888 ], [ -5.30353274, 57.87779571, 133.894780909466675 ], [ -5.30344773, 57.87777692, 133.812115602285445 ], [ -5.30335869, 57.8777555, 134.150326661855757 ], [ -5.30326476, 57.87773869, 134.742196016103804 ], [ -5.30317127, 57.87771495, 135.381626198424527 ], [ -5.30309402, 57.8776934, 135.506190505501138 ], [ -5.30300455, 57.87766856, 135.760226182729781 ], [ -5.3029181, 57.87764928, 135.96783345201689 ], [ -5.30282345, 57.87762907, 136.407205923417564 ], [ -5.30272746, 57.87760967, 137.134586403502652 ], [ -5.30263891, 57.87759792, 137.47506230333525 ], [ -5.30254311, 57.87757829, 137.868761131896207 ], [ -5.30244638, 57.87755629, 138.036734241550249 ], [ -5.30236374, 57.87754096, 138.241321905473228 ], [ -5.30225586, 57.87750711, 138.139028073511724 ], [ -5.30216763, 57.8775028, 138.81205293225895 ], [ -5.30207746, 57.87749279, 138.67805188158232 ], [ -5.30199237, 57.87748512, 138.67503200373983 ], [ -5.30190503, 57.87747769, 138.69050823054647 ], [ -5.30182012, 57.87747061, 138.129591329911705 ], [ -5.30173259, 57.87746662, 138.207349846495816 ], [ -5.30164705, 57.87745942, 138.296432291912964 ], [ -5.30155944, 57.87745344, 138.140915531223101 ], [ -5.30147416, 57.87744805, 138.083162921970171 ], [ -5.3013814, 57.87743873, 138.286995548312944 ], [ -5.30128998, 57.87742999, 138.168848106993863 ], [ -5.30120184, 57.87742035, 138.063912052219194 ], [ -5.30110697, 57.87740478, 138.307756220745972 ], [ -5.30102699, 57.87738664, 138.628226485725747 ], [ -5.3009394, 57.87736445, 138.549713204039762 ], [ -5.30085487, 57.87734758, 138.737314838474077 ], [ -5.30077188, 57.87732934, 139.085717406746255 ], [ -5.30068688, 57.87731212, 138.738069603575894 ], [ -5.30060158, 57.87729965, 139.31295292833525 ], [ -5.30051771, 57.87728031, 139.709671362260337 ], [ -5.30042923, 57.87726912, 139.927470140249312 ], [ -5.30033219, 57.87725149, 139.858393602163375 ], [ -5.30023627, 57.87723887, 139.957667556282388 ], [ -5.30014304, 57.87722782, 139.913881371154019 ], [ -5.30004734, 57.87721573, 139.991262232708863 ], [ -5.2999577, 57.87720259, 140.095443249903326 ], [ -5.29986791, 57.87719142, 140.369484561984819 ], [ -5.29977836, 57.87718048, 140.36797475930274 ], [ -5.29968761, 57.87716867, 140.421575343060425 ], [ -5.29959652, 57.87715849, 140.359293053282926 ], [ -5.29951165, 57.87714384, 140.36306796870565 ], [ -5.29942199, 57.87713675, 140.741668225489263 ], [ -5.29932063, 57.87712392, 141.081011705190718 ], [ -5.2992292, 57.87711442, 140.340420111039634 ], [ -5.29913538, 57.87710145, 139.616437163826333 ], [ -5.29904976, 57.87708206, 139.918033941606041 ], [ -5.29896159, 57.87707392, 139.92898048788814 ], [ -5.29887256, 57.8770629, 139.694950445512291 ], [ -5.29878238, 57.8770468, 139.613417285983843 ], [ -5.29869774, 57.8770344, 139.877267361841803 ], [ -5.2986217, 57.87701279, 139.271809238498491 ], [ -5.29854115, 57.87699344, 139.135165692530279 ], [ -5.29845981, 57.87698122, 138.584062645568082 ], [ -5.29837479, 57.87695741, 138.801861423557085 ], [ -5.2982974, 57.87693685, 138.577268124781256 ], [ -5.29821654, 57.87691104, 137.84158359370565 ], [ -5.29806774, 57.87688877, 137.579998358109947 ], [ -5.29798019, 57.87688697, 138.000874997339849 ], [ -5.29789288, 57.87689225, 138.348145145480913 ], [ -5.2978058, 57.87689331, 137.843848161489547 ], [ -5.29772008, 57.87690028, 137.71852881683273 ], [ -5.29761968, 57.87689341, 138.146954741951333 ], [ -5.29753489, 57.87689022, 138.157901288233404 ], [ -5.29743575, 57.87687763, 138.180926800928717 ], [ -5.29734506, 57.87686656, 138.375700066222379 ], [ -5.29725775, 57.87685307, 138.59538630192273 ], [ -5.2971592, 57.87683414, 138.906797205853394 ], [ -5.2970626, 57.87681367, 138.592744079109536 ], [ -5.29698314, 57.87679698, 138.545938016138678 ], [ -5.29689552, 57.87677878, 138.719572953970015 ], [ -5.29680512, 57.8767613, 138.70938144526815 ], [ -5.29671189, 57.87674554, 138.040508612016197 ], [ -5.29662851, 57.87672528, 137.83705364070272 ], [ -5.29654596, 57.87670859, 138.485165529043257 ], [ -5.29645131, 57.87668758, 138.163940498961637 ], [ -5.29634874, 57.87666906, 137.868760586939459 ], [ -5.29627107, 57.87664879, 137.763447149613853 ], [ -5.29617451, 57.87663264, 136.728430681020797 ], [ -5.29607778, 57.87661824, 136.865828992090826 ], [ -5.29598911, 57.87659849, 136.83223458814274 ], [ -5.29590059, 57.87658095, 137.053053243974205 ], [ -5.29581426, 57.87656954, 137.401078702173834 ], [ -5.29571705, 57.87655411, 137.169313500060269 ], [ -5.29562838, 57.87654112, 137.604156290936402 ], [ -5.29553945, 57.87653023, 137.239522458277349 ], [ -5.29544588, 57.87651409, 137.858191968165045 ], [ -5.2953459, 57.87649636, 138.066931657583297 ], [ -5.29525384, 57.8764777, 137.848378114492476 ], [ -5.29516059, 57.87646479, 138.086937837392867 ], [ -5.295065, 57.87644796, 137.869894096984098 ], [ -5.29497962, 57.87642819, 137.717397214136724 ], [ -5.2948952, 57.87641533, 138.96945769561691 ], [ -5.29480165, 57.87640493, 138.985688687525396 ], [ -5.29470628, 57.87639449, 139.161588465619019 ], [ -5.29461722, 57.87637379, 138.926048620561119 ], [ -5.2945235, 57.8763569, 138.899625847472379 ], [ -5.29443527, 57.87633454, 139.599073479308316 ], [ -5.29434954, 57.8763113, 139.523202692913941 ], [ -5.29426203, 57.87629224, 139.964084966996666 ], [ -5.29417487, 57.87627326, 140.168672358441285 ], [ -5.29408853, 57.8762566, 140.190942833556363 ], [ -5.29400484, 57.87623841, 140.228689535478111 ], [ -5.29392087, 57.876225, 140.349479199610357 ], [ -5.29383292, 57.87620231, 140.911905902927202 ], [ -5.29374401, 57.87618718, 141.044397150921753 ], [ -5.29364163, 57.87617397, 140.658247608249468 ], [ -5.29354666, 57.87615698, 140.896052566048013 ], [ -5.29344714, 57.87614143, 140.434032236981324 ], [ -5.29335071, 57.87612977, 140.776395594525269 ], [ -5.29325801, 57.876114, 140.817162174289507 ], [ -5.29316459, 57.87609575, 140.577847686287271 ], [ -5.29307081, 57.87608162, 140.347592286855757 ], [ -5.2929793, 57.87606119, 139.994660038059038 ], [ -5.29288512, 57.87604166, 139.65569421338688 ], [ -5.29279392, 57.8760229, 139.937285356313765 ], [ -5.29268836, 57.87600925, 139.684759481767173 ], [ -5.29258754, 57.87599906, 139.334092073232711 ], [ -5.29249248, 57.87598138, 139.240102837218473 ], [ -5.29239796, 57.87596712, 138.977385181491655 ], [ -5.29230697, 57.87594714, 138.91887780713688 ], [ -5.29221539, 57.87593541, 138.374191898410601 ], [ -5.29211406, 57.87592078, 138.182438238481041 ], [ -5.29201178, 57.87590922, 137.823843616550249 ], [ -5.29191166, 57.87588875, 137.854040760104937 ], [ -5.29181449, 57.87587514, 137.595475402351724 ], [ -5.29172758, 57.8758598, 137.615481037204546 ], [ -5.29158732, 57.8758259, 137.496956213334556 ], [ -5.29149764, 57.87580996, 137.314261641975747 ], [ -5.2914021, 57.875797, 137.006247725960122 ], [ -5.29131729, 57.87577982, 137.32030085270398 ], [ -5.29122562, 57.87577025, 137.258773600506714 ], [ -5.29113673, 57.87575885, 137.081741129803589 ], [ -5.29104594, 57.87574564, 136.860922746450484 ], [ -5.29096033, 57.87572787, 137.246317251542564 ], [ -5.29086524, 57.87571629, 137.38409294516353 ], [ -5.29076515, 57.87569966, 137.713999681264937 ], [ -5.29066429, 57.87568555, 137.592455252030845 ], [ -5.29057238, 57.87566803, 137.453169755727828 ], [ -5.29047921, 57.8756498, 137.508657524718473 ], [ -5.29038421, 57.87563386, 137.835167272904869 ], [ -5.29028098, 57.87561832, 137.972942966525835 ], [ -5.29019326, 57.87560017, 138.00012077719478 ], [ -5.29009676, 57.87558589, 138.143558571471402 ], [ -5.29000206, 57.87556998, 137.879708495613443 ], [ -5.28991855, 57.87555674, 137.680405549795211 ], [ -5.2898265, 57.87554106, 137.535080570285601 ], [ -5.28972726, 57.87552812, 137.685312612870689 ], [ -5.28962254, 57.87550974, 137.315771717136187 ], [ -5.28953186, 57.87549736, 137.179505826197271 ], [ -5.28944215, 57.87547539, 136.645766463753091 ], [ -5.28935868, 57.87545833, 136.689552648881431 ], [ -5.28927127, 57.87544291, 136.564233304224615 ], [ -5.28917639, 57.87542545, 135.871580193175504 ], [ -5.28908786, 57.87540539, 135.544315679887291 ], [ -5.28900005, 57.87538688, 135.463914940489957 ], [ -5.28891168, 57.87536555, 134.884124552655152 ], [ -5.28881738, 57.87534722, 134.645565102233121 ], [ -5.28872674, 57.87532921, 134.570826735969888 ], [ -5.28863488, 57.87531607, 134.570826735969888 ], [ -5.28854029, 57.87530026, 134.309241500374185 ], [ -5.28845482, 57.87529082, 134.072946617736051 ], [ -5.28836579, 57.87527583, 134.184676920819214 ], [ -5.28827163, 57.87525452, 133.61583307926648 ], [ -5.28818067, 57.87523932, 133.83589669751774 ], [ -5.28807783, 57.8752258, 133.838161537779996 ], [ -5.28798067, 57.87521495, 133.199863775590416 ], [ -5.28788127, 57.87519357, 133.602621692722124 ], [ -5.28779821, 57.87518028, 133.629421848361773 ], [ -5.28769992, 57.87515747, 133.01679182168067 ], [ -5.28761232, 57.87514737, 133.464090961520952 ], [ -5.28752247, 57.8751347, 133.340281419546187 ], [ -5.28742969, 57.87511979, 132.696321556700894 ], [ -5.28734426, 57.87509847, 132.798615116184038 ], [ -5.28725323, 57.87508343, 132.915630137371949 ], [ -5.28715741, 57.87506783, 132.587233203952593 ], [ -5.28705638, 57.8750481, 132.361885140074918 ], [ -5.28696312, 57.87502896, 132.826170309403892 ], [ -5.28687299, 57.87501359, 132.544202056404458 ], [ -5.28677948, 57.87499796, 132.299225467746538 ], [ -5.28668786, 57.87497603, 132.84051411607939 ], [ -5.28659902, 57.87495739, 132.440021039209967 ], [ -5.28651783, 57.87494004, 132.005178248333863 ], [ -5.28642799, 57.87491856, 132.524196421551636 ], [ -5.28633183, 57.87489615, 132.093883311200074 ], [ -5.28623537, 57.87488007, 131.616386755326744 ], [ -5.28614234, 57.87486537, 131.876839298312944 ], [ -5.28604775, 57.87484571, 131.462379797318931 ], [ -5.28595891, 57.87482963, 131.209098885192105 ], [ -5.28586321, 57.87481821, 130.972804275032388 ], [ -5.28577494, 57.87480094, 130.716881140092369 ], [ -5.2856898, 57.87478498, 130.536074026444908 ], [ -5.28559644, 57.87477109, 130.160493647503785 ], [ -5.28549583, 57.87476224, 130.078960760453697 ], [ -5.28540557, 57.87475041, 129.205500535757125 ], [ -5.28531221, 57.87473846, 129.230790616236334 ], [ -5.28522632, 57.87472715, 129.245511805462769 ], [ -5.28514128, 57.8747193, 128.610233648637291 ], [ -5.28504867, 57.87471066, 128.562295165535318 ], [ -5.28495817, 57.87469852, 128.738572598658209 ], [ -5.28486851, 57.87468156, 128.516999177724898 ], [ -5.28477577, 57.87467081, 128.427916732307779 ], [ -5.28468351, 57.87465598, 128.083666189530845 ], [ -5.2845903, 57.8746402, 128.430181572570035 ], [ -5.28449865, 57.8746348, 127.783956869462486 ], [ -5.28440155, 57.87462458, 127.467261519905421 ], [ -5.28430797, 57.87461933, 127.569555351866924 ], [ -5.28421182, 57.8746085, 127.356285981924117 ], [ -5.28412079, 57.87459624, 127.564270633762149 ], [ -5.28403621, 57.87458465, 126.752337661262843 ], [ -5.28394928, 57.87457224, 126.537181106087061 ], [ -5.28386519, 57.87456271, 126.779515199453414 ], [ -5.28378189, 57.87455053, 126.640229703150411 ], [ -5.28368548, 57.8745408, 126.36656550114148 ], [ -5.28359365, 57.87452853, 126.287674564426212 ], [ -5.2834979, 57.87452082, 126.071008206568379 ], [ -5.28341036, 57.8745112, 126.007593769138126 ], [ -5.28331415, 57.87450397, 125.598418713770528 ], [ -5.28321752, 57.87449796, 125.884916647294517 ], [ -5.28312763, 57.87448236, 125.646734579423423 ], [ -5.28303092, 57.87446937, 125.403267793447554 ], [ -5.28294226, 57.87444635, 125.08959204925462 ], [ -5.28286139, 57.874425, 124.675887313362452 ], [ -5.28277912, 57.87440952, 125.13337823438296 ], [ -5.28269198, 57.87439328, 125.059394633221558 ], [ -5.28260953, 57.87437063, 124.661921161716251 ], [ -5.28251414, 57.87435791, 124.302194392132691 ], [ -5.2824292, 57.87434129, 123.811486449714991 ], [ -5.28233798, 57.87433597, 123.353240763592652 ], [ -5.28225497, 57.87432474, 123.099205086363995 ], [ -5.28216543, 57.87430688, 122.883670876158916 ], [ -5.2820729, 57.87428811, 122.834977627955098 ], [ -5.28198614, 57.87427166, 122.426557610167706 ], [ -5.28189375, 57.87425867, 122.162330151758809 ], [ -5.28181269, 57.87424018, 121.728619781013819 ], [ -5.28172926, 57.87422206, 121.385879313397339 ], [ -5.28164028, 57.87420792, 120.889131887773033 ], [ -5.28155268, 57.87419679, 120.466368063310142 ], [ -5.28146858, 57.87418683, 119.876008511744161 ], [ -5.28136369, 57.87417294, 119.382658346513267 ], [ -5.28127824, 57.87415054, 118.61300175646025 ], [ -5.28119783, 57.87413002, 118.244970663407798 ], [ -5.28111165, 57.8741122, 117.978100982185694 ], [ -5.28103048, 57.87409072, 117.057079656938072 ], [ -5.28094206, 57.87407346, 116.30516413395398 ], [ -5.28085396, 57.87405725, 115.598166943750996 ], [ -5.28076828, 57.87403382, 115.158794472350323 ], [ -5.28075683, 57.87398605, 114.352146217955791 ], [ -5.28074933, 57.87393983, 114.046020032129903 ], [ -5.28066233, 57.87394197, 113.614574229168824 ], [ -5.28055851, 57.87393726, 113.380921841822286 ], [ -5.2804727, 57.8739409, 112.699592659606182 ], [ -5.28037655, 57.87393655, 112.091869696000572 ], [ -5.28027987, 57.87393729, 111.967682771474898 ], [ -5.28018459, 57.87393208, 111.950696741986206 ], [ -5.28009314, 57.87393027, 111.483391967293116 ], [ -5.27998711, 57.87392663, 111.073839529374595 ], [ -5.27989766, 57.8739205, 111.075349604535035 ], [ -5.27979308, 57.8739128, 110.901714394225323 ], [ -5.27970013, 57.87391394, 111.036847865033081 ], [ -5.27959869, 57.87391841, 110.752992154322286 ], [ -5.27951203, 57.87391756, 110.888880390231876 ], [ -5.27941932, 57.87391271, 110.752236844263692 ], [ -5.27933022, 57.87390791, 110.208306245595992 ], [ -5.27922717, 57.87390188, 110.303428174219746 ], [ -5.27913075, 57.87389718, 110.368352686810425 ], [ -5.2790353, 57.87388864, 110.349856854639668 ], [ -5.27893738, 57.87388577, 109.918788706707886 ], [ -5.27884243, 57.87388188, 109.881419387337061 ], [ -5.2787369, 57.87387963, 110.176976409431788 ], [ -5.27864283, 57.87387791, 109.684381009302754 ], [ -5.27854945, 57.87387063, 109.660977841578145 ], [ -5.27845931, 57.87386247, 109.629270622863018 ], [ -5.27836254, 57.87385644, 109.403922558985371 ], [ -5.2782592, 57.87384826, 109.451106004507125 ], [ -5.27816587, 57.87384146, 108.904532910547871 ], [ -5.27806039, 57.87383758, 108.585195610655987 ], [ -5.27795897, 57.87383057, 108.819225108075074 ], [ -5.27786228, 57.87382714, 108.619922162256856 ], [ -5.2777668, 57.87382182, 108.614637444152081 ], [ -5.27765779, 57.87381344, 108.3198351871592 ], [ -5.27756137, 57.87381124, 108.217918737748619 ], [ -5.27745906, 57.87380981, 108.015218531536988 ], [ -5.27735707, 57.8738083, 107.792890073023457 ], [ -5.27725242, 57.87380174, 108.057494913983277 ], [ -5.2771454, 57.87379439, 107.912547317024561 ], [ -5.27704363, 57.87379167, 107.846868039332051 ], [ -5.2769497, 57.87378531, 107.60528871106753 ], [ -5.2768459, 57.87378259, 107.405230727669093 ], [ -5.27674372, 57.8737779, 107.459208693977686 ], [ -5.27664042, 57.87377185, 107.463737829545494 ], [ -5.27654563, 57.87375946, 107.24744885423857 ], [ -5.27644406, 57.87375717, 107.248958656920635 ], [ -5.27634685, 57.87375139, 106.776369164122784 ], [ -5.27624632, 57.87374415, 106.713709491794376 ], [ -5.27614997, 57.87373724, 106.785428525171895 ], [ -5.27604613, 57.87373001, 106.104854380536011 ], [ -5.27594155, 57.87372629, 105.663972378931661 ], [ -5.27584049, 57.87371388, 105.640192101134502 ], [ -5.27574056, 57.87370878, 105.604709966996666 ], [ -5.2756449, 57.87369841, 105.407293933933047 ], [ -5.27554802, 57.8736884, 105.149483613760054 ], [ -5.27545162, 57.87368356, 104.909414360655987 ], [ -5.27536141, 57.8736743, 104.831655571593487 ], [ -5.27525372, 57.87365991, 104.542892797807212 ], [ -5.27515144, 57.87365268, 104.271116325988018 ], [ -5.27505242, 57.8736469, 104.083137309002808 ], [ -5.2748965, 57.87363439, 103.989902838090416 ], [ -5.27479799, 57.87362947, 104.026894502431929 ], [ -5.27471204, 57.87362679, 103.453898635383936 ], [ -5.27461153, 57.873617, 103.860431467938355 ], [ -5.27451443, 57.87360479, 102.600444045540186 ], [ -5.27442187, 57.87359835, 102.687638760767598 ], [ -5.27431881, 57.87359469, 102.581948213369429 ], [ -5.27421854, 57.87359007, 102.569492136883667 ], [ -5.27411492, 57.87358527, 102.78540345716128 ], [ -5.27401326, 57.87358675, 102.840136188571719 ], [ -5.27391929, 57.87359112, 102.798237733633101 ], [ -5.27381288, 57.87358782, 102.921669893056929 ], [ -5.27372699, 57.87358965, 103.410490650241641 ], [ -5.2736338, 57.87359451, 103.093795573162964 ], [ -5.27354216, 57.87359309, 103.349341053073672 ], [ -5.27343193, 57.87359531, 103.513916902334273 ], [ -5.2733396, 57.87359775, 104.022743021893433 ], [ -5.27323539, 57.87360428, 104.448149069169517 ], [ -5.27314559, 57.87361513, 105.406917096338887 ], [ -5.27306148, 57.87362048, 104.80938618639189 ], [ -5.27295526, 57.87362164, 105.03020484222337 ], [ -5.27286907, 57.87362824, 105.211389338421753 ], [ -5.27277024, 57.87363638, 105.426923276148457 ], [ -5.27266707, 57.87363176, 104.914322241166587 ], [ -5.27258184, 57.87363458, 105.031714644905421 ], [ -5.27247838, 57.87364258, 104.900733199592921 ], [ -5.2723805, 57.87365494, 105.096638885017725 ], [ -5.27228441, 57.87367642, 105.443908760680401 ], [ -5.27219037, 57.87369097, 105.668502059456202 ], [ -5.27209926, 57.87369736, 105.953112807747218 ], [ -5.27200944, 57.87370994, 105.653781142708155 ], [ -5.27191702, 57.8737176, 105.63981471858358 ], [ -5.27182598, 57.87371923, 106.265278476779727 ], [ -5.27173036, 57.87372386, 107.091932366027081 ], [ -5.27162903, 57.87372124, 106.693325929433882 ], [ -5.27152527, 57.8737231, 106.828459400241641 ], [ -5.27141943, 57.87372777, 106.565364361963887 ], [ -5.2713186, 57.87372819, 107.510165965008667 ], [ -5.27122221, 57.87372605, 107.55130965484544 ], [ -5.27112057, 57.87372047, 107.781187671726016 ], [ -5.27102235, 57.87372033, 107.800438541476993 ], [ -5.270925, 57.87372258, 108.135252613132266 ], [ -5.27082272, 57.87372853, 108.30322572278628 ], [ -5.27072162, 57.87373625, 108.169224672109664 ], [ -5.27062058, 57.87373042, 108.813562189984253 ], [ -5.27052344, 57.87373454, 108.879241467676778 ], [ -5.27041896, 57.87373148, 109.170269081725323 ], [ -5.27031705, 57.87373992, 108.521779538355489 ], [ -5.27021853, 57.87373737, 109.052121912884644 ], [ -5.27011485, 57.87372912, 109.13478722006586 ], [ -5.27000898, 57.87373359, 109.481302875583438 ], [ -5.26990762, 57.87373031, 109.496779102390079 ], [ -5.26980561, 57.87372625, 109.770443304399009 ], [ -5.2697126, 57.87372494, 109.980315413948389 ], [ -5.26961862, 57.87372519, 109.845181943140645 ], [ -5.26951879, 57.87372364, 109.422417846199366 ], [ -5.26943393, 57.87371827, 109.017395361283775 ], [ -5.26933709, 57.87370973, 108.955490999013961 ], [ -5.26922945, 57.873711, 108.678429809089991 ], [ -5.2691206, 57.87370565, 108.175642900259078 ], [ -5.26902404, 57.87370174, 107.843848706446309 ], [ -5.26892702, 57.87369838, 106.58272940887376 ], [ -5.26883665, 57.87369102, 106.436272009232994 ], [ -5.26874043, 57.87368114, 106.205638954772198 ], [ -5.268643, 57.87368206, 105.681336063449649 ], [ -5.26854183, 57.87367866, 105.341237546167989 ], [ -5.26845655, 57.87367759, 104.568561350750855 ], [ -5.26835882, 57.87367557, 104.252243383744712 ], [ -5.26825678, 57.87368142, 104.020100526601851 ], [ -5.2681583, 57.87366896, 104.11522272770398 ], [ -5.26805784, 57.87367195, 104.078985828464297 ], [ -5.26797043, 57.87367015, 103.798149450639244 ], [ -5.26787025, 57.87364958, 103.774368627885337 ], [ -5.26776577, 57.87364171, 103.492400374885889 ], [ -5.26768132, 57.87363883, 103.232325214450626 ], [ -5.26757762, 57.87362763, 104.535343511918541 ], [ -5.26748705, 57.87360925, 104.359821116375855 ], [ -5.26739832, 57.87361064, 104.111070157251973 ], [ -5.26730258, 57.87361798, 104.082005433828414 ], [ -5.26721572, 57.87361651, 103.947626728122501 ], [ -5.26712903, 57.87361041, 103.907992568489405 ], [ -5.26704091, 57.87359783, 103.75738287087502 ], [ -5.26693727, 57.8735863, 103.725675652159893 ], [ -5.26685151, 57.87357784, 103.223643508430811 ], [ -5.26675858, 57.87356784, 102.959415777543541 ], [ -5.26666721, 57.87356375, 103.005466802934166 ], [ -5.26658327, 57.87355573, 102.891094004559449 ], [ -5.26648592, 57.87355038, 103.113045080522056 ], [ -5.26639298, 57.87354403, 103.365948610097945 ], [ -5.26630757, 57.87353179, 103.600733417575626 ], [ -5.26621313, 57.87352796, 103.165890626699507 ], [ -5.26611996, 57.87352744, 103.286302635802471 ], [ -5.26602946, 57.87351844, 103.259124552655152 ], [ -5.2659315, 57.87352305, 103.306685653206202 ], [ -5.26582728, 57.87352007, 103.24213879564482 ], [ -5.26574142, 57.87351001, 103.16324813140794 ], [ -5.26564894, 57.87350773, 103.172685147486348 ], [ -5.26555376, 57.87350217, 103.13191856772211 ], [ -5.26546271, 57.87349655, 103.415396895881983 ], [ -5.26536836, 57.87349065, 103.086622852390079 ], [ -5.26527378, 57.87348324, 102.671031203743311 ], [ -5.26517825, 57.87347596, 102.873353482447286 ], [ -5.26507335, 57.87347449, 102.706889902996949 ], [ -5.26496281, 57.87347145, 102.672163078917706 ], [ -5.26486229, 57.87346806, 102.911854676992476 ], [ -5.26475947, 57.8734727, 102.741239617003643 ], [ -5.26467334, 57.87347368, 102.720478944570601 ], [ -5.26456789, 57.87347012, 102.550240994654317 ], [ -5.26446581, 57.87346526, 103.107760634895655 ], [ -5.26437331, 57.8734547, 102.805031709463179 ], [ -5.26426875, 57.873451, 102.664990903101582 ], [ -5.26416664, 57.87344653, 102.783138071942261 ], [ -5.26408161, 57.87344777, 102.566849096635337 ], [ -5.26397791, 57.87344456, 102.205234869340416 ], [ -5.26386629, 57.87343936, 102.131250995700626 ], [ -5.2637537, 57.87343231, 101.962145465915469 ], [ -5.26364813, 57.87342834, 101.802099297179424 ], [ -5.26353964, 57.87342412, 101.672250271998067 ], [ -5.26344529, 57.87341735, 101.451432161123336 ], [ -5.26333879, 57.87341381, 101.309504169528751 ], [ -5.26324295, 57.87340902, 101.05660118490961 ], [ -5.26313792, 57.87340187, 100.836160184107442 ], [ -5.26303993, 57.87339822, 99.870975291180542 ], [ -5.26293288, 57.87339504, 99.780760425632266 ], [ -5.26284503, 57.87339331, 99.523704870561119 ], [ -5.26274147, 57.87339149, 99.526725020881983 ], [ -5.26265112, 57.87338607, 99.279512726188159 ], [ -5.26255417, 57.87338495, 99.613794305230257 ], [ -5.26246705, 57.87338373, 99.63317117558789 ], [ -5.26236388, 57.87338903, 99.363131183688907 ], [ -5.26226253, 57.87339187, 99.095909520955615 ], [ -5.26216228, 57.87340554, 98.52539886862543 ], [ -5.26205525, 57.87340792, 98.543800150799683 ] ] ] } }
]
}
