{
"type": "FeatureCollection",
"name": "Shenavall",
"crs": { "type": "name", "properties": { "name": "urn:ogc:def:crs:OGC:1.3:CRS84" } },
"features": [
{ "type": "Feature", "properties": { "name": "23 Apr 2026 08:22:26", "cmt": null, "desc": null, "src": "FitoTrack", "link1_href": null, "link1_text": null, "link1_type": null, "link2_href": null, "link2_text": null, "link2_type": null, "number": 0, "type": "hiking" }, "geometry": { "type": "MultiLineString", "coordinates": [ [ [ -5.17599206, 57.81491895, 107.286538211173109 ], [ -5.17608237, 57.81489476, 107.357878772086195 ], [ -5.1761398, 57.81485141, 107.432742841706968 ], [ -5.1761375, 57.81480555, 107.55763501293093 ], [ -5.1761146, 57.81475849, 107.769832611474968 ], [ -5.17611915, 57.81471354, 107.362281568513609 ], [ -5.17611322, 57.81466748, 107.582064568970594 ], [ -5.17611527, 57.81462156, 107.59077557689578 ], [ -5.17610961, 57.81456983, 107.68023567734221 ], [ -5.17609158, 57.81452158, 107.645885963335516 ], [ -5.17607334, 57.81447422, 108.248323663879589 ], [ -5.17606779, 57.81442178, 108.610692656276356 ], [ -5.17603673, 57.81437568, 108.95041324605036 ], [ -5.17602328, 57.81432791, 109.754797750096117 ], [ -5.17600671, 57.81428204, 110.134908354518544 ], [ -5.17600078, 57.81423076, 110.767544288530829 ], [ -5.17598205, 57.81418614, 111.534558928249012 ], [ -5.17597119, 57.81414083, 112.338187032322679 ], [ -5.1759657, 57.81409121, 112.922129990609506 ], [ -5.17596498, 57.81404449, 113.680462379351141 ], [ -5.17595032, 57.81399934, 114.436152817757943 ], [ -5.17594379, 57.81394778, 115.263184634512967 ], [ -5.17597728, 57.81389742, 116.164198690037523 ], [ -5.1760493, 57.81386402, 116.727379885977811 ], [ -5.17613244, 57.81387263, 117.187891229797557 ], [ -5.17621451, 57.81393492, 117.402293564828256 ], [ -5.17627385, 57.81397952, 117.794860790693207 ], [ -5.17633847, 57.81401809, 118.043988859889637 ], [ -5.17638114, 57.81406012, 118.46411018906096 ], [ -5.1764734, 57.81403972, 118.724185349496224 ], [ -5.17660699, 57.81402845, 118.650202020813182 ], [ -5.17668195, 57.81400545, 118.61283324639912 ], [ -5.17677004, 57.81398413, 118.443350606541429 ], [ -5.17684347, 57.81394724, 119.17752506245661 ], [ -5.17691133, 57.8139091, 119.507809181108954 ], [ -5.17698017, 57.81388083, 119.707490054434842 ], [ -5.17704693, 57.81385161, 120.198576741795335 ], [ -5.17711531, 57.81381578, 120.905574204476693 ], [ -5.17718578, 57.81378034, 120.682867818455492 ], [ -5.17726128, 57.8137488, 121.429497805899686 ], [ -5.17733552, 57.81371535, 122.200663926156381 ], [ -5.17741788, 57.81368405, 122.639282177411957 ], [ -5.17750509, 57.81366058, 122.546425906485624 ], [ -5.17757575, 57.8136321, 123.270032561061512 ], [ -5.17764392, 57.81359949, 124.020060898812631 ], [ -5.17771332, 57.81357153, 124.802174110308172 ], [ -5.17779809, 57.81354359, 125.674124532322679 ], [ -5.17788678, 57.81351575, 125.946279204127919 ], [ -5.17795117, 57.81348483, 126.284112063712186 ], [ -5.17801725, 57.813454, 126.75707784914745 ], [ -5.17808973, 57.81342534, 127.125863162344999 ], [ -5.17815745, 57.81339308, 127.322900995422557 ], [ -5.1782101, 57.81335796, 127.645635283229481 ], [ -5.1782795, 57.81332184, 127.989509533368988 ], [ -5.17836589, 57.81329218, 128.173713634931488 ], [ -5.17843572, 57.81325568, 128.63724294924512 ], [ -5.17849291, 57.81322068, 129.360470313921439 ], [ -5.17854941, 57.81318627, 129.564679777858402 ], [ -5.17862418, 57.81316117, 129.55562041680929 ], [ -5.17870783, 57.81314307, 129.811165896719984 ], [ -5.17879347, 57.81313418, 130.202222502467777 ], [ -5.17888262, 57.81312115, 130.782768200361176 ], [ -5.17897209, 57.81311037, 131.110033258606165 ], [ -5.17906229, 57.8131017, 131.558087980983402 ], [ -5.17914625, 57.81308498, 131.918947443176478 ], [ -5.17922723, 57.81306489, 132.597634402579359 ], [ -5.17931112, 57.81304024, 133.700218151533051 ], [ -5.17938849, 57.81301726, 134.294351801086634 ], [ -5.17946981, 57.81299509, 134.839792474914759 ], [ -5.17955727, 57.81297414, 135.317290120701585 ], [ -5.17962356, 57.81292958, 136.118276274440433 ], [ -5.17966398, 57.81288743, 136.913600327523568 ], [ -5.17970089, 57.8128439, 137.935405137093881 ], [ -5.17970757, 57.81278913, 138.643533929992884 ], [ -5.17971339, 57.81273931, 139.581540739772464 ], [ -5.17971712, 57.81269103, 140.125093683410853 ], [ -5.17975247, 57.81264908, 141.152937703709398 ], [ -5.17979646, 57.81260439, 141.878052798575453 ], [ -5.17986033, 57.81256421, 142.605432733703822 ], [ -5.17992555, 57.81253178, 143.053863476240082 ], [ -5.1799866, 57.81249586, 143.438502671273568 ], [ -5.18003284, 57.81245089, 144.069627985168665 ], [ -5.18005239, 57.8124045, 145.108419096706058 ], [ -5.18005586, 57.81235531, 145.782953485656947 ], [ -5.1800596, 57.81230428, 146.542796494515727 ], [ -5.18006868, 57.81225125, 147.160710966823217 ], [ -5.18008274, 57.81220647, 147.623108950919203 ], [ -5.18013552, 57.81216167, 148.214223540065404 ], [ -5.1801892, 57.81211344, 148.829874262024106 ], [ -5.18024072, 57.81206649, 149.715413725612279 ], [ -5.18029826, 57.81203112, 150.209519473380141 ], [ -5.18034244, 57.81198743, 150.739484465358373 ], [ -5.18039105, 57.81194231, 151.301911441153578 ], [ -5.18043957, 57.81189922, 151.889629859819877 ], [ -5.18049643, 57.81185931, 152.714396836312602 ], [ -5.18053894, 57.81181882, 153.030714803318745 ], [ -5.18058567, 57.81177628, 153.551620434247894 ], [ -5.1806395, 57.81173831, 153.858501930132377 ], [ -5.18069989, 57.81169459, 154.211811561480033 ], [ -5.18074954, 57.8116538, 154.449993629351127 ], [ -5.18078493, 57.81160335, 155.313261800389057 ], [ -5.18083283, 57.81155744, 155.863610354727797 ], [ -5.18089161, 57.81151909, 156.232772777997894 ], [ -5.18093676, 57.81147246, 156.547204104727797 ], [ -5.18097378, 57.81143066, 156.823888457057592 ], [ -5.18098366, 57.81138596, 157.498422846008481 ], [ -5.18101194, 57.81134087, 158.182771906067074 ], [ -5.18104872, 57.81129616, 158.983758059805922 ], [ -5.18108106, 57.81125158, 159.594879101240082 ], [ -5.18111651, 57.81120479, 160.393223304644096 ], [ -5.18112856, 57.81115943, 160.520429289577123 ], [ -5.18111585, 57.81111486, 161.491653393232269 ], [ -5.18110395, 57.81106562, 162.074085731401908 ], [ -5.1811108, 57.81102044, 162.585177781136821 ], [ -5.18111787, 57.81097052, 162.980386957336606 ], [ -5.18113192, 57.81092072, 163.585844808201557 ], [ -5.18117297, 57.81087203, 164.152046699419486 ], [ -5.18121304, 57.8108216, 164.766185711347504 ], [ -5.18123967, 57.81077531, 165.441852520429535 ], [ -5.18125746, 57.81072796, 165.960116201023823 ], [ -5.18126866, 57.81068316, 166.194145698442924 ], [ -5.18126081, 57.81063317, 166.816212196245658 ], [ -5.18125093, 57.81058281, 167.450357660461606 ], [ -5.18125776, 57.81052738, 168.087900930027729 ], [ -5.18128834, 57.81047626, 168.973440393615903 ], [ -5.18132761, 57.81042496, 169.429798622026908 ], [ -5.18137581, 57.81038598, 170.077156017743988 ], [ -5.18141941, 57.81033775, 170.786040120701557 ], [ -5.18146513, 57.8102919, 171.090278576337738 ], [ -5.18150983, 57.81024682, 170.756218997305922 ], [ -5.1815578, 57.81020249, 171.096317242109222 ], [ -5.18161176, 57.8101596, 172.299307092834653 ], [ -5.1816698, 57.81011995, 172.533337135210502 ], [ -5.18171179, 57.81008043, 172.920618825535541 ], [ -5.1817658, 57.81004315, 173.567220911194028 ], [ -5.18180436, 57.8099925, 173.852964079616186 ], [ -5.18179966, 57.80994237, 174.192307014360892 ], [ -5.18183305, 57.80989578, 174.546371410810394 ], [ -5.18188066, 57.80985189, 174.88722496567226 ], [ -5.18193752, 57.80979945, 175.237137881583266 ], [ -5.1820016, 57.80976455, 175.505139982936498 ], [ -5.18207323, 57.80973445, 175.748984151463276 ], [ -5.18214799, 57.80970746, 176.535249933410824 ], [ -5.18220224, 57.80967028, 177.675202456778578 ], [ -5.18224371, 57.80962724, 178.182896701163344 ], [ -5.18229194, 57.80958375, 177.595557027439838 ], [ -5.18234526, 57.80954408, 178.296137079406918 ], [ -5.18241118, 57.80951234, 178.883854408159721 ], [ -5.18245967, 57.80947263, 179.395323567967182 ], [ -5.18249542, 57.80942693, 179.921135989493422 ], [ -5.1825159, 57.8093824, 180.24575855244683 ], [ -5.18253735, 57.80933839, 180.670410107099457 ], [ -5.18251908, 57.80928452, 181.031269024335785 ], [ -5.18250452, 57.80923629, 181.504990664786391 ], [ -5.18249122, 57.80918171, 181.922470043622894 ], [ -5.18250414, 57.80913337, 182.119507876700453 ], [ -5.18251072, 57.80907951, 182.454698785949887 ], [ -5.18253507, 57.8090358, 182.976736837010151 ], [ -5.182601, 57.80899159, 183.284373097996479 ], [ -5.18266341, 57.80895762, 184.0253420746985 ], [ -5.18273263, 57.80892826, 184.302402992144096 ], [ -5.18279885, 57.80889516, 184.771217841997611 ], [ -5.18286827, 57.8088527, 185.044882044006528 ], [ -5.18292253, 57.80880511, 185.179637859785004 ], [ -5.18297044, 57.80876551, 185.750745996643246 ], [ -5.18303505, 57.80872157, 186.209369065316508 ], [ -5.18308944, 57.80867858, 186.647232006513519 ], [ -5.18313141, 57.80863249, 186.937881965532767 ], [ -5.18316772, 57.80858806, 187.066220915553686 ], [ -5.18321155, 57.80854502, 187.585994126351665 ], [ -5.18324213, 57.80850054, 187.928734866446547 ], [ -5.18327602, 57.8084496, 188.180505975891293 ], [ -5.18331051, 57.80839823, 188.561747910531352 ], [ -5.18334776, 57.80835638, 189.080388701198217 ], [ -5.18338035, 57.80830939, 189.529575843706596 ], [ -5.1834192, 57.80826877, 189.642438566920873 ], [ -5.18346874, 57.80822595, 189.757943240469984 ], [ -5.18353353, 57.80818772, 189.902513727356137 ], [ -5.18359654, 57.80814603, 190.381898013419203 ], [ -5.18362515, 57.80809507, 190.742757475612279 ], [ -5.18366942, 57.80805636, 191.113808174028861 ], [ -5.18372551, 57.80802238, 191.67887764511562 ], [ -5.18381165, 57.80799313, 192.410410150695981 ], [ -5.18390174, 57.80796738, 193.368045757734222 ], [ -5.18398847, 57.8079408, 193.919526187247328 ], [ -5.18410051, 57.80788474, 194.62765552510308 ], [ -5.18415065, 57.80784361, 195.384856038670307 ], [ -5.18419407, 57.8077913, 195.635117072954642 ], [ -5.18421334, 57.80774156, 195.93709068832851 ], [ -5.18419686, 57.80767784, 196.449314068281097 ], [ -5.18420643, 57.80763279, 197.33825079226267 ], [ -5.18419643, 57.8075747, 198.469143954581313 ], [ -5.18420986, 57.80752971, 199.260316527125951 ], [ -5.18425508, 57.80748806, 199.607586402788627 ], [ -5.18432334, 57.80745413, 200.246261547529144 ], [ -5.18439653, 57.807424, 200.590134707755141 ], [ -5.18445197, 57.80738988, 201.114059944048392 ], [ -5.18445898, 57.80733685, 201.364320978332699 ], [ -5.18445457, 57.80728765, 201.763304524998432 ], [ -5.18445088, 57.80723959, 202.081132567165014 ], [ -5.18447895, 57.80719076, 202.616004349740336 ], [ -5.18454739, 57.80713509, 203.519473435433696 ], [ -5.18460909, 57.80709446, 204.503909470589946 ], [ -5.1846681, 57.80705013, 205.276586210963842 ], [ -5.1847103, 57.80700667, 206.39577806189854 ], [ -5.18474824, 57.80696426, 207.036529491865082 ], [ -5.18478072, 57.80692014, 207.192800745178403 ], [ -5.18481679, 57.80687888, 207.809771897347758 ], [ -5.1848374, 57.80683115, 208.202904788321547 ], [ -5.18486573, 57.80678662, 209.200363110029144 ], [ -5.18486039, 57.80673589, 209.924911994829642 ], [ -5.18485944, 57.80668774, 210.469786458592182 ], [ -5.18485649, 57.8066407, 211.26907398213433 ], [ -5.18485112, 57.80659466, 211.880948698756811 ], [ -5.18485521, 57.80654135, 212.166502767185932 ], [ -5.18487413, 57.80649727, 212.581528205767142 ], [ -5.18491205, 57.80645268, 212.810650912589125 ], [ -5.18494891, 57.80641012, 213.441210561375385 ], [ -5.1849983, 57.806373, 213.505945973973041 ], [ -5.18504494, 57.8063262, 213.973062193629858 ], [ -5.18510567, 57.80628574, 214.430364287135717 ], [ -5.18518399, 57.80625473, 215.147363886047543 ], [ -5.18524876, 57.8062173, 215.508789013349457 ], [ -5.18530783, 57.80618083, 215.905318619759868 ], [ -5.18538255, 57.80614276, 216.526630897417533 ], [ -5.1854332, 57.80609542, 217.260050588230854 ], [ -5.18548418, 57.80604795, 217.859092118295024 ], [ -5.18553086, 57.80600173, 218.448319522208266 ], [ -5.18556674, 57.80595493, 219.035282085859222 ], [ -5.18559765, 57.80590786, 219.347825682399389 ], [ -5.18564018, 57.80586691, 220.071054136989233 ], [ -5.18568604, 57.80582918, 220.217700364144633 ], [ -5.18572182, 57.80578182, 220.615173835649955 ], [ -5.18576665, 57.80574026, 221.174958316153578 ], [ -5.18581187, 57.80569586, 222.132216268162495 ], [ -5.18585239, 57.80565052, 222.939997487644916 ], [ -5.1858978, 57.80560907, 224.099012053248998 ], [ -5.1859527, 57.80557159, 224.551595911194028 ], [ -5.18600636, 57.80553296, 224.895657626456313 ], [ -5.18609289, 57.8054903, 225.390140484296722 ], [ -5.18614431, 57.80544913, 225.810073258431743 ], [ -5.18619197, 57.8054019, 226.335885679957983 ], [ -5.18623807, 57.8053621, 226.742229412519379 ], [ -5.18629756, 57.80532046, 226.680513060329076 ], [ -5.18632847, 57.80527548, 227.463947246992035 ], [ -5.18637266, 57.80523056, 228.685999139953793 ], [ -5.18640899, 57.80518845, 229.439613565612973 ], [ -5.18645125, 57.80514825, 229.63835002888726 ], [ -5.18648927, 57.80509893, 230.350820492231293 ], [ -5.18653843, 57.8050553, 231.066310560939428 ], [ -5.18660037, 57.80501697, 231.682526675528578 ], [ -5.18665847, 57.80497095, 232.634877836940404 ], [ -5.18671159, 57.80493435, 233.032539863481986 ], [ -5.18675875, 57.80488591, 233.885805625811088 ], [ -5.18680769, 57.80484686, 234.92648392258144 ], [ -5.18686331, 57.80480908, 235.918468971148002 ], [ -5.18690661, 57.80476061, 236.645660623718442 ], [ -5.18695439, 57.80471659, 238.920281224827534 ], [ -5.18700184, 57.80467296, 239.493654474426449 ], [ -5.1870447, 57.80461935, 240.200651392151059 ], [ -5.1870781, 57.80457458, 241.137148671726948 ], [ -5.18711888, 57.80452549, 242.28502813601267 ], [ -5.1871406, 57.80447216, 242.839905825919203 ], [ -5.1871519, 57.80442696, 243.323253037484477 ], [ -5.18714411, 57.80437728, 243.652216180969418 ], [ -5.18718841, 57.80433752, 244.03119354782558 ], [ -5.18723869, 57.80429127, 245.044505478890727 ], [ -5.187286, 57.8042495, 245.35610493785768 ], [ -5.18734231, 57.80421007, 245.488029975786674 ], [ -5.1874025, 57.80416801, 245.981002758466644 ], [ -5.1874548, 57.80411988, 246.819924714120219 ], [ -5.18750828, 57.80407699, 246.527387297389623 ], [ -5.18757952, 57.80404879, 247.005638890843159 ], [ -5.18765342, 57.80401496, 247.264581631147308 ], [ -5.18773232, 57.80397718, 247.614683102094574 ], [ -5.18779381, 57.80393519, 247.842296278712865 ], [ -5.18786064, 57.80389226, 247.984790207894633 ], [ -5.18790797, 57.80385361, 248.244487985778989 ], [ -5.18794972, 57.80381429, 248.854098134617573 ], [ -5.18799423, 57.80376703, 249.295735446280531 ], [ -5.1880272, 57.80371565, 249.484469500845961 ], [ -5.18805965, 57.80367309, 250.081623573198783 ], [ -5.1880979, 57.80362653, 250.760121705087016 ], [ -5.1881382, 57.80357665, 250.777296562090385 ], [ -5.18816562, 57.80353325, 251.052659394296001 ], [ -5.18819681, 57.80348707, 251.396721109558285 ], [ -5.18821849, 57.80344051, 251.41314092898142 ], [ -5.18827779, 57.8033809, 251.561674341369809 ], [ -5.18827247, 57.80333449, 251.695297737017142 ], [ -5.18826553, 57.80328875, 252.760133966613949 ], [ -5.188248, 57.80323816, 253.613588556457699 ], [ -5.1882322, 57.80319137, 254.290954540693207 ], [ -5.18824658, 57.80314321, 254.589531440630424 ], [ -5.18827887, 57.8030931, 254.794873869655248 ], [ -5.18832372, 57.80304545, 255.912933027980444 ], [ -5.18835102, 57.80300065, 256.920582858389878 ], [ -5.18836183, 57.80295248, 257.786493797197807 ], [ -5.18837247, 57.80289992, 259.114613892587045 ], [ -5.18839406, 57.80285263, 260.385358761274233 ], [ -5.18840576, 57.80280805, 261.272785410095423 ], [ -5.18841458, 57.80275892, 262.511823332545873 ], [ -5.18842762, 57.80271189, 264.075105890442103 ], [ -5.18843169, 57.80266193, 264.689623374834525 ], [ -5.18843632, 57.80261344, 265.624422024213686 ], [ -5.18841014, 57.80256861, 266.556767005815971 ], [ -5.1883789, 57.802526, 267.398331184282767 ], [ -5.18835481, 57.80247905, 268.229137643982142 ], [ -5.18834326, 57.80243307, 269.659740398847475 ], [ -5.18833619, 57.80238802, 270.115721517185932 ], [ -5.18836255, 57.80233553, 270.525651610133764 ], [ -5.18838545, 57.80228808, 271.181690439392298 ], [ -5.18840873, 57.80224485, 271.896047815490931 ], [ -5.18843096, 57.80217972, 271.52367586942853 ], [ -5.18845179, 57.80212905, 272.301448227914193 ], [ -5.18847432, 57.80207503, 272.82046612865355 ], [ -5.1884853, 57.8020276, 272.822730968915835 ], [ -5.18846447, 57.80197555, 273.735636525730854 ], [ -5.18845339, 57.80192007, 273.706383247271049 ], [ -5.18845674, 57.80187221, 273.736391835789448 ], [ -5.18848531, 57.80182191, 273.737146600891322 ], [ -5.18850332, 57.80177571, 274.486797556091517 ], [ -5.18854246, 57.80173099, 274.746495061497455 ], [ -5.18857601, 57.80168776, 274.949195267709115 ], [ -5.18860045, 57.8016442, 275.463117277858373 ], [ -5.18863328, 57.80160236, 275.268532840079331 ], [ -5.18864737, 57.80154561, 275.344970109017709 ], [ -5.1886489, 57.80149744, 276.376966972246635 ], [ -5.18862589, 57.80144693, 276.52285788934347 ], [ -5.18861516, 57.80140124, 275.895506673435932 ], [ -5.18860772, 57.80135248, 276.195593648533588 ], [ -5.18860675, 57.80130733, 276.219563026323783 ], [ -5.18858477, 57.80126363, 276.38413887558437 ], [ -5.18857879, 57.80121196, 276.47907252165021 ], [ -5.18858864, 57.80116282, 277.114350678475716 ], [ -5.18861407, 57.80111607, 276.876357165640854 ], [ -5.18862977, 57.80106507, 277.085096855059135 ], [ -5.18865021, 57.80101868, 276.873337287798392 ], [ -5.1886668, 57.80097152, 276.877866968322962 ], [ -5.18869001, 57.80091946, 277.112085565735072 ], [ -5.18871194, 57.80087517, 277.276661414995658 ], [ -5.18872214, 57.80082635, 277.627894761117318 ], [ -5.18873421, 57.80077975, 278.039523484261849 ], [ -5.18875297, 57.80073402, 279.329896877729311 ], [ -5.18876942, 57.8006869, 279.838912097281479 ], [ -5.1887862, 57.80064198, 280.343209081272846 ], [ -5.18876797, 57.8005948, 280.71237259445644 ], [ -5.18874746, 57.80054254, 280.879213283979311 ], [ -5.18872865, 57.80049775, 280.584411299464819 ], [ -5.18871032, 57.80044562, 281.546388031991341 ], [ -5.18869864, 57.80039412, 281.761356032130834 ], [ -5.1886818, 57.8003473, 283.325204527614233 ], [ -5.18867081, 57.8003015, 283.984263234715229 ], [ -5.1886613, 57.80025532, 284.74259562345685 ], [ -5.18864697, 57.80020712, 285.214430623631245 ], [ -5.18863591, 57.80015571, 285.751378691432592 ], [ -5.18861054, 57.80010226, 286.29153491963433 ], [ -5.18860524, 57.80005429, 286.791302223101127 ], [ -5.1885829, 57.80000246, 287.168015022173392 ], [ -5.18855573, 57.79995358, 287.763470191851127 ], [ -5.1885403, 57.79990795, 288.436117395569056 ], [ -5.18852412, 57.79985785, 289.354118842974174 ], [ -5.18850221, 57.79980607, 290.51256719851267 ], [ -5.18849305, 57.79974886, 290.959866065874564 ], [ -5.18846767, 57.79969744, 291.805016059771049 ], [ -5.18845145, 57.79965031, 292.296101657218003 ], [ -5.18841809, 57.7995994, 293.05160354058853 ], [ -5.18840029, 57.79955352, 293.957148911507886 ], [ -5.18837259, 57.79950144, 294.900063056841304 ], [ -5.18834526, 57.79945437, 295.595735773254546 ], [ -5.18832795, 57.7994027, 296.364071388140133 ], [ -5.18829684, 57.79935123, 297.12410240707851 ], [ -5.18826891, 57.79930443, 297.882057140790835 ], [ -5.18821889, 57.79926442, 298.681156109296694 ], [ -5.18815861, 57.79921949, 298.753818462812319 ], [ -5.18812234, 57.79917297, 299.667101129699859 ], [ -5.18807927, 57.79912767, 300.726841468706539 ], [ -5.18802161, 57.79907464, 301.377784679853335 ], [ -5.1879822, 57.79903466, 302.029482656101948 ], [ -5.1879313, 57.79899688, 302.691938623596343 ], [ -5.18788755, 57.79895335, 303.072237238098296 ], [ -5.18784498, 57.7989095, 303.190762061968258 ], [ -5.18778816, 57.79886246, 303.649951340707105 ], [ -5.18775002, 57.79882231, 303.057704876386538 ], [ -5.18771273, 57.79877554, 303.320421987156635 ], [ -5.18769745, 57.79872714, 304.009300727739742 ], [ -5.1876836, 57.79868237, 304.377709475821518 ], [ -5.18766454, 57.79863036, 304.800850955313706 ], [ -5.18764421, 57.79858657, 304.924471669773823 ], [ -5.18762262, 57.79853821, 305.016008055446207 ], [ -5.18759941, 57.79849195, 304.953726038147124 ], [ -5.18756027, 57.79844239, 304.99354875281648 ], [ -5.18753454, 57.79839026, 305.01978297086896 ], [ -5.18750725, 57.79834004, 303.813207304713785 ], [ -5.18749271, 57.79828711, 303.639194439374819 ], [ -5.18747594, 57.79823637, 303.349676355529937 ], [ -5.18746858, 57.79818934, 303.261915430236968 ], [ -5.1874207, 57.79814377, 304.001185776742261 ], [ -5.18739763, 57.79809304, 303.980047994236713 ], [ -5.18736896, 57.79804703, 303.317403471705973 ], [ -5.18733683, 57.79800498, 303.112438697710445 ], [ -5.18733881, 57.79795363, 302.774038538147124 ], [ -5.18733878, 57.79790699, 303.49254821221939 ], [ -5.18732864, 57.79785808, 302.921816640476948 ], [ -5.18731936, 57.79781109, 302.509810807259839 ], [ -5.1873113, 57.79775969, 302.395627108878159 ], [ -5.18730733, 57.7977115, 301.383447325465738 ], [ -5.18731009, 57.79766138, 302.067041620422515 ], [ -5.187316, 57.79761444, 302.035522956743648 ], [ -5.1873157, 57.79756093, 302.478670343567046 ], [ -5.1873032, 57.79750792, 302.267099603820952 ], [ -5.18727843, 57.79746419, 302.362976570024898 ], [ -5.18723136, 57.79742277, 302.040430292297515 ], [ -5.18715903, 57.79738506, 301.882271308794429 ], [ -5.18708916, 57.79734546, 301.571048687421694 ], [ -5.18704592, 57.79730455, 301.555383905578765 ], [ -5.18697889, 57.7972738, 301.733926451442301 ], [ -5.18693197, 57.79722377, 301.935494510001206 ], [ -5.18698111, 57.79718381, 302.153104460475504 ], [ -5.18707337, 57.7971819, 300.77572463433853 ], [ -5.18716529, 57.79715619, 301.143000962289136 ], [ -5.18720024, 57.79710838, 301.378540534868648 ], [ -5.18726126, 57.79706559, 301.31399367730728 ], [ -5.18730397, 57.79701271, 301.465735795052808 ], [ -5.18735309, 57.79696541, 301.176218256164702 ], [ -5.1873636, 57.79691271, 301.598038215532711 ], [ -5.18739149, 57.79686407, 301.669379593880933 ], [ -5.18734292, 57.79682472, 301.595773375270426 ], [ -5.18730625, 57.79678351, 301.361177667785796 ], [ -5.18726584, 57.79674408, 301.648430911368393 ], [ -5.18724463, 57.79669794, 301.062600767848551 ], [ -5.18724912, 57.79665247, 301.91284665233519 ], [ -5.18727479, 57.79660132, 301.927756669076246 ], [ -5.18731259, 57.79655022, 303.093754310503414 ], [ -5.18735466, 57.79650087, 303.092244235343003 ], [ -5.18738942, 57.79645873, 303.28286574761978 ], [ -5.18742771, 57.79641615, 303.432154470066791 ], [ -5.18748716, 57.79636868, 302.843304721182847 ], [ -5.18753567, 57.79632548, 303.790182336975249 ], [ -5.18757505, 57.79628393, 303.814151714765444 ], [ -5.18761083, 57.79623178, 304.419610110587143 ], [ -5.18763871, 57.79617906, 305.202855197257065 ], [ -5.18766786, 57.79613546, 306.003841350995913 ], [ -5.18772506, 57.79609513, 305.956657905474117 ], [ -5.18778854, 57.79605118, 306.691210016418609 ], [ -5.18785431, 57.79601154, 306.378289309805893 ], [ -5.18790817, 57.79596518, 306.043097855599683 ], [ -5.18796437, 57.79591814, 307.091325983215484 ], [ -5.18800624, 57.79587681, 308.020651631932026 ], [ -5.18805552, 57.79583203, 308.347160835161617 ], [ -5.18812186, 57.79579454, 308.928083643127593 ], [ -5.1881896, 57.79576499, 309.696985468078765 ], [ -5.1882777, 57.79573561, 309.246666450395992 ], [ -5.1883569, 57.79570414, 309.381044611145171 ], [ -5.18844352, 57.79571889, 309.210051351170307 ], [ -5.18856112, 57.79567478, 309.837025184526851 ], [ -5.18865391, 57.79567266, 310.470793538670307 ], [ -5.18873972, 57.79567097, 311.64075465055646 ], [ -5.18881557, 57.79569376, 312.278297920122554 ], [ -5.18889468, 57.79571479, 313.289722393476382 ], [ -5.18898307, 57.79572579, 314.716739060433667 ], [ -5.1890717, 57.7956822, 315.380326903102457 ], [ -5.1891474, 57.79565642, 316.258505090881499 ], [ -5.18921895, 57.79563076, 316.695612722019916 ], [ -5.18929733, 57.79560717, 317.240109530753159 ], [ -5.18937546, 57.79557757, 318.454800692862534 ], [ -5.18942361, 57.79553805, 320.19700290669482 ], [ -5.18945996, 57.79549184, 320.768489243539136 ], [ -5.1895048, 57.79544597, 321.825021422145426 ], [ -5.18953945, 57.7954039, 322.754913280927553 ], [ -5.18956641, 57.79536052, 324.158338225123941 ], [ -5.18959768, 57.79531409, 324.451441579441791 ], [ -5.18962163, 57.79526413, 325.461922732657456 ], [ -5.1896604, 57.79522059, 326.428995355774077 ], [ -5.18969601, 57.7951767, 327.325103710615053 ], [ -5.18972454, 57.79513382, 328.214039889639878 ], [ -5.18976086, 57.79509207, 329.163749100716871 ], [ -5.1897931, 57.79504951, 330.445818170715484 ], [ -5.18983458, 57.79500508, 331.675986104588276 ], [ -5.1898658, 57.79496093, 332.121209231680893 ], [ -5.1898977, 57.79491173, 332.730631097961577 ], [ -5.18991324, 57.79486266, 334.141605873003414 ], [ -5.18991818, 57.79481546, 335.192475950954019 ], [ -5.18992986, 57.79476367, 336.336580499817046 ], [ -5.18994669, 57.79471101, 336.638554115190914 ], [ -5.18995441, 57.79466435, 338.000646269557535 ], [ -5.18995565, 57.79461892, 339.071899364911928 ], [ -5.18997496, 57.79456889, 339.921201929260405 ], [ -5.18998341, 57.79451804, 340.316977315525776 ], [ -5.19000743, 57.79446986, 341.084180510280191 ], [ -5.1900185, 57.79442489, 341.967455133606109 ], [ -5.19004895, 57.79438008, 342.948682463405191 ], [ -5.19011542, 57.7943321, 343.9931345856848 ], [ -5.19019637, 57.79430003, 345.175929429086011 ], [ -5.19027923, 57.79427264, 346.390430946245601 ], [ -5.1903415, 57.79422893, 347.308620948687008 ], [ -5.19038843, 57.79418855, 347.935783337079897 ], [ -5.19044148, 57.79414719, 348.369870817897379 ], [ -5.19048293, 57.79410593, 349.466792466195386 ], [ -5.19050767, 57.79405993, 350.089048063991129 ], [ -5.19054041, 57.79401229, 350.29929782856982 ], [ -5.19057115, 57.79396317, 351.079334754839351 ], [ -5.19060453, 57.79391547, 352.489742774858883 ], [ -5.19065275, 57.79386987, 353.171072774510151 ], [ -5.19070955, 57.79382888, 354.086242626630678 ], [ -5.19076252, 57.7937923, 354.427662391558101 ], [ -5.19083464, 57.79375164, 355.328111871887359 ], [ -5.19089814, 57.79371685, 356.048697286228901 ], [ -5.1909778, 57.7936899, 356.509585740121167 ], [ -5.19101814, 57.79364634, 357.414563811061441 ], [ -5.19100318, 57.79359528, 358.887820603402417 ], [ -5.19095299, 57.79355716, 360.007956319432026 ], [ -5.19091552, 57.79351119, 361.04221775044482 ], [ -5.19090883, 57.79346624, 362.028918625863355 ], [ -5.19089916, 57.79341994, 363.185102141139566 ], [ -5.19089518, 57.79337044, 364.15481671459105 ], [ -5.19089681, 57.79332205, 365.311754450012359 ], [ -5.19089789, 57.79326788, 366.571364217381245 ], [ -5.19089981, 57.79321965, 367.039047192060366 ], [ -5.19090729, 57.79316809, 368.228825111284664 ], [ -5.19090977, 57.79311762, 369.082656811200991 ], [ -5.19094726, 57.7930762, 370.142398240121167 ], [ -5.19101155, 57.79303734, 371.790422662902984 ], [ -5.19108805, 57.79301619, 372.561401318036928 ], [ -5.19117463, 57.79307269, 373.198000177551421 ], [ -5.19122197, 57.79311986, 374.252645170924723 ], [ -5.1912805, 57.79316018, 375.666639006373941 ], [ -5.19136839, 57.79315047, 376.6169138825598 ], [ -5.1914479, 57.79312204, 377.580777800319254 ], [ -5.19148158, 57.79307536, 378.443668861284664 ], [ -5.19153894, 57.79303967, 379.49567190432316 ], [ -5.19160229, 57.79300958, 380.329875351937574 ], [ -5.19169173, 57.79300569, 382.177012803109449 ], [ -5.19178435, 57.7930015, 384.177780102216616 ], [ -5.19187297, 57.79297819, 385.607627819501772 ], [ -5.19189921, 57.79292951, 387.44212009419482 ], [ -5.19192334, 57.79286656, 387.892250011884585 ], [ -5.19196947, 57.79282442, 389.290389965497866 ], [ -5.19201554, 57.79278452, 391.253411380118393 ], [ -5.19204993, 57.79273796, 392.357126459289702 ], [ -5.19208125, 57.79268825, 392.871614679504546 ], [ -5.19211713, 57.79264326, 394.584751624956539 ], [ -5.19215271, 57.79259558, 396.31978166297273 ], [ -5.19219241, 57.79255004, 397.531075564688706 ], [ -5.19225344, 57.79251269, 398.293937633954897 ], [ -5.19232965, 57.79248469, 399.443515183480542 ], [ -5.19239963, 57.79245542, 400.029345871957105 ], [ -5.19245791, 57.79241881, 400.18920348565689 ], [ -5.19251926, 57.79238359, 400.697275385070952 ], [ -5.19258003, 57.79235126, 400.929795352286362 ], [ -5.19265054, 57.79231634, 401.82609226216357 ], [ -5.19273527, 57.79229099, 402.515159557783022 ], [ -5.19280763, 57.79226113, 402.603675793134585 ], [ -5.19287965, 57.79223176, 403.046823724914702 ], [ -5.19293919, 57.79218861, 403.726265994376206 ], [ -5.19299913, 57.79214653, 403.830824666599995 ], [ -5.19306283, 57.79211264, 404.113358584708237 ], [ -5.19312701, 57.7920822, 404.832434468846088 ], [ -5.19318962, 57.7920485, 405.509611898045307 ], [ -5.19326558, 57.79202113, 405.706649731122866 ], [ -5.19334611, 57.79199108, 406.064110843009018 ], [ -5.19343619, 57.79196134, 406.570861767255678 ], [ -5.19352568, 57.79194529, 406.900390575849428 ], [ -5.1936104, 57.79192846, 407.418654256443745 ], [ -5.19369615, 57.79190655, 407.673255871259585 ], [ -5.1937615, 57.79187656, 408.122631568804195 ], [ -5.19381674, 57.79183768, 408.462917823687008 ], [ -5.193872, 57.79179562, 408.925126162833237 ], [ -5.19392245, 57.79175127, 409.458676970241129 ], [ -5.1939736, 57.79171515, 409.902012367144039 ], [ -5.19401781, 57.79167479, 410.360070315665268 ], [ -5.19410289, 57.79162471, 410.697337510140699 ], [ -5.19418259, 57.79158983, 410.880030991586011 ], [ -5.19424499, 57.79155515, 411.844083464381754 ], [ -5.19430811, 57.79151964, 412.518052188223862 ], [ -5.19437598, 57.79148094, 413.257321989772379 ], [ -5.19444305, 57.79144682, 414.047362142185932 ], [ -5.19451234, 57.79141618, 414.880056059596598 ], [ -5.19458222, 57.79138977, 415.91375182550064 ], [ -5.19468517, 57.79135327, 416.685861810852202 ], [ -5.19477058, 57.79134028, 417.667089140651285 ], [ -5.19485772, 57.79131568, 418.760236418483316 ], [ -5.19493136, 57.79128189, 419.801103815246734 ], [ -5.19500905, 57.79125363, 421.114502993887925 ], [ -5.19508061, 57.79122458, 422.375810846496734 ], [ -5.19517419, 57.79118956, 423.601637654881245 ], [ -5.19522269, 57.79115084, 425.266459824593824 ], [ -5.19525462, 57.79110642, 426.323181103193178 ], [ -5.19528222, 57.79105854, 427.622425575151851 ], [ -5.19530367, 57.79100896, 428.482297575709879 ], [ -5.19533242, 57.79095708, 429.786637393301987 ], [ -5.19536965, 57.79090893, 430.739365664786362 ], [ -5.19541732, 57.79086467, 431.667936003444254 ], [ -5.19545292, 57.79081412, 432.658788359401285 ], [ -5.19548447, 57.79076518, 433.432597519906324 ], [ -5.19549833, 57.79071742, 434.198290094543609 ], [ -5.19549824, 57.79066513, 434.72089381071271 ], [ -5.19546064, 57.79060504, 434.021069068804195 ], [ -5.19538289, 57.7905825, 434.124306765860581 ], [ -5.19529925, 57.79061772, 434.342293826407456 ], [ -5.19540858, 57.79059616, 434.287560550040268 ], [ -5.19550195, 57.7906003, 434.833001223868393 ], [ -5.1955073, 57.79055102, 434.705417038949292 ], [ -5.1955315, 57.79050408, 434.789780703848862 ], [ -5.19558465, 57.79046664, 434.41589895510441 ], [ -5.19564307, 57.79042796, 434.190362063712143 ], [ -5.19570458, 57.79039584, 433.907072835545307 ], [ -5.19579071, 57.79037607, 433.591887288670307 ], [ -5.19590892, 57.79034269, 433.482421825849428 ], [ -5.19600463, 57.79033108, 433.148740446803629 ], [ -5.19610403, 57.79032076, 432.798449875863355 ], [ -5.19619082, 57.7903065, 433.721546668901851 ], [ -5.1962634, 57.7902703, 433.706448097124508 ], [ -5.19633454, 57.7902343, 433.535454837149643 ], [ -5.1964122, 57.79020563, 433.603210400068178 ], [ -5.19649173, 57.7901775, 433.117786903276851 ], [ -5.1965658, 57.79014857, 433.350306870492261 ], [ -5.19663544, 57.79012325, 433.442975676295816 ], [ -5.19672384, 57.79010996, 433.53715401230312 ], [ -5.19681826, 57.79009463, 433.642845104658022 ], [ -5.19689934, 57.79007847, 433.914055911368393 ], [ -5.19699645, 57.79007141, 434.131288751770171 ], [ -5.19708019, 57.79004838, 434.352295962637925 ], [ -5.19717362, 57.79002789, 434.408538769208803 ], [ -5.19725743, 57.79001212, 434.67748473565689 ], [ -5.19734162, 57.7899973, 434.796009559526851 ], [ -5.19742709, 57.78999463, 434.874145458661928 ], [ -5.19750208, 57.7900261, 435.266334484540835 ], [ -5.19758687, 57.79003259, 435.380329627886226 ], [ -5.19767303, 57.78999652, 435.5649119294348 ], [ -5.19773453, 57.78995789, 435.756476216892963 ], [ -5.19786325, 57.78993987, 436.067320638279682 ], [ -5.19794945, 57.78992086, 436.414591058899077 ], [ -5.19805591, 57.78991393, 436.800551229099995 ], [ -5.19813349, 57.7898891, 437.084784322361713 ], [ -5.19819998, 57.78985852, 437.493581450221598 ], [ -5.19827029, 57.78983099, 437.798386660880112 ], [ -5.19834876, 57.78981331, 438.16547388883771 ], [ -5.19842603, 57.78979177, 438.482358610866129 ], [ -5.19850124, 57.78976759, 438.777350240330463 ], [ -5.19858817, 57.78973827, 439.203887890302553 ], [ -5.19868985, 57.78972944, 439.431123956848296 ], [ -5.19877606, 57.78973894, 439.897863066432535 ], [ -5.19886984, 57.78976436, 440.271744815176987 ], [ -5.19897051, 57.78975905, 440.696585469822651 ], [ -5.19905382, 57.78973368, 441.22107691618146 ], [ -5.19914606, 57.78973055, 441.934302144627338 ], [ -5.19924638, 57.78973251, 442.71754777625398 ], [ -5.19933143, 57.78969425, 443.45436418250398 ], [ -5.19940262, 57.78966563, 443.998106771092182 ], [ -5.19947894, 57.78962503, 444.591108000514566 ], [ -5.19956404, 57.7896211, 445.241862656625074 ], [ -5.19970765, 57.78964544, 445.915641735517397 ], [ -5.19979425, 57.78962139, 446.332931469404116 ], [ -5.19988307, 57.78960681, 446.769284880397379 ], [ -5.19995511, 57.78957778, 447.125047907043609 ], [ -5.20002185, 57.78953753, 447.484585304155758 ], [ -5.20009975, 57.78950653, 448.023042902160796 ], [ -5.20017394, 57.78947259, 448.216306364772379 ], [ -5.20027122, 57.78945269, 448.40654967706314 ], [ -5.20036288, 57.78943539, 448.481099760768473 ], [ -5.20044653, 57.78942269, 448.43316100518814 ], [ -5.20053386, 57.78942086, 448.303123424970522 ], [ -5.20061946, 57.78940896, 448.227063811061441 ], [ -5.20070642, 57.78940134, 448.475249105076557 ], [ -5.20079535, 57.78941303, 448.74381687153857 ], [ -5.20089596, 57.78942282, 448.762879458731675 ], [ -5.20098883, 57.78942024, 449.049000282183101 ], [ -5.20107659, 57.78941243, 449.313038368120601 ], [ -5.20117523, 57.78940174, 449.920383949175289 ], [ -5.20125578, 57.78936879, 450.298606823408022 ], [ -5.20133774, 57.78934043, 450.345790268929761 ], [ -5.20142555, 57.7893294, 450.778556774579897 ], [ -5.20151528, 57.78931859, 450.885758487051987 ], [ -5.20160718, 57.78931772, 450.648330639325991 ], [ -5.20169668, 57.78932262, 450.967857311689272 ], [ -5.20178174, 57.78934368, 451.412891883745601 ], [ -5.20185349, 57.78936787, 451.780356221775776 ], [ -5.20194932, 57.789372, 451.83433418808437 ], [ -5.20201758, 57.78934135, 451.962296572989487 ], [ -5.20211751, 57.78932464, 452.301640052690914 ], [ -5.2022012, 57.7892902, 452.513966102495601 ], [ -5.20227165, 57.78925789, 452.628905110935932 ], [ -5.20235761, 57.78922893, 452.318437799621734 ], [ -5.20245324, 57.78921185, 452.476785883117827 ], [ -5.20254477, 57.78920004, 452.620601059945386 ], [ -5.20263327, 57.78918791, 452.46546168180646 ], [ -5.20271218, 57.78916592, 452.916724019627338 ], [ -5.20279868, 57.78914824, 453.596921599147379 ], [ -5.20287713, 57.78912974, 453.745266456499508 ], [ -5.20296891, 57.78910315, 453.778860860447651 ], [ -5.20304891, 57.7890824, 453.959102036507886 ], [ -5.20312897, 57.78905763, 454.445657953430327 ], [ -5.20322336, 57.78904497, 454.529454863307535 ], [ -5.20331644, 57.78902836, 454.82482360284439 ], [ -5.20340612, 57.78901837, 455.251928007838785 ], [ -5.20349512, 57.78901319, 455.519174799133452 ], [ -5.20358651, 57.78901936, 455.843231152021303 ], [ -5.20367732, 57.78901484, 455.942881943734449 ], [ -5.20376414, 57.78900971, 456.235984753095522 ], [ -5.20386178, 57.78899985, 456.771045090707105 ], [ -5.20396541, 57.78900352, 456.755756873979976 ], [ -5.20406811, 57.78900855, 456.984124270743393 ], [ -5.2041625, 57.78900581, 457.02224835521605 ], [ -5.20425468, 57.78901151, 457.186635649440348 ], [ -5.20434379, 57.78903632, 457.036781261884585 ], [ -5.20440366, 57.7890744, 457.078491161786928 ], [ -5.2044851, 57.78908739, 457.324223060503414 ], [ -5.20452105, 57.78904279, 457.177199178318745 ], [ -5.20462298, 57.78905012, 457.192297750096088 ], [ -5.2046693, 57.78908882, 456.96242082312898 ], [ -5.20475006, 57.78906229, 457.228912304365053 ], [ -5.20481747, 57.7890314, 457.250239731820386 ], [ -5.20489209, 57.78899778, 457.24646536135441 ], [ -5.20497718, 57.78898372, 457.484835984261792 ], [ -5.20504671, 57.78894572, 457.676778471705973 ], [ -5.205116, 57.78888145, 457.542022655927553 ], [ -5.20514389, 57.78883491, 457.185882519208803 ], [ -5.2052077, 57.78880449, 457.214758687596088 ], [ -5.20528288, 57.78877851, 457.527679394208803 ], [ -5.20535914, 57.7887439, 457.488045779532456 ], [ -5.20540295, 57.78870464, 457.630539981192612 ], [ -5.20542353, 57.78865947, 457.82776636930646 ], [ -5.20544936, 57.78861529, 457.607703023533588 ], [ -5.20550275, 57.78857293, 457.928927781136792 ], [ -5.2055862, 57.78854389, 457.841355410880112 ], [ -5.20565148, 57.78850559, 457.957238284415268 ], [ -5.205722, 57.78846862, 458.282992722543042 ], [ -5.20578771, 57.7884391, 458.215992469683101 ], [ -5.20583871, 57.78839811, 458.202970183131754 ], [ -5.20589217, 57.78835516, 458.283748032601636 ], [ -5.20598104, 57.78831229, 458.792951262233316 ], [ -5.20605749, 57.78829225, 458.789176891767397 ], [ -5.2061359, 57.7882619, 458.841644237958803 ], [ -5.20620819, 57.78822779, 458.823525515860581 ], [ -5.20628662, 57.78819602, 458.513623869655191 ], [ -5.20635698, 57.78815845, 458.480029465707105 ], [ -5.20643443, 57.78813407, 458.544764878304761 ], [ -5.20652173, 57.78811193, 458.176167030229976 ], [ -5.20659609, 57.78808264, 457.787186709708237 ], [ -5.20669309, 57.78807299, 457.53881286065689 ], [ -5.20683873, 57.78803974, 457.02960963102521 ], [ -5.20693316, 57.7880295, 456.24938414971939 ], [ -5.20702031, 57.78803182, 455.782079375026285 ], [ -5.20712008, 57.78802911, 455.448586551016831 ], [ -5.20720566, 57.7880209, 454.724038211173081 ], [ -5.20727275, 57.78799295, 454.139529587777417 ], [ -5.20732667, 57.78794617, 453.354208760838276 ], [ -5.20734308, 57.78789445, 452.53302759977521 ], [ -5.20737973, 57.78784458, 451.833014302830463 ], [ -5.20740903, 57.78778858, 450.838576131443745 ], [ -5.20742862, 57.78774121, 449.892075625723862 ], [ -5.20747356, 57.7876979, 449.253967236005678 ], [ -5.20753238, 57.78765561, 448.484310645952633 ], [ -5.20758657, 57.78761066, 447.607263788391265 ], [ -5.20764316, 57.78757324, 446.752298578430327 ], [ -5.2077301, 57.78754514, 446.26328926620937 ], [ -5.20781181, 57.78752138, 445.593283467869526 ], [ -5.2078903, 57.78750411, 444.594881281067046 ], [ -5.20798148, 57.78749462, 444.048873852216616 ], [ -5.20807951, 57.78750735, 443.504377043483316 ], [ -5.20817016, 57.7875142, 442.956860084429195 ], [ -5.20823721, 57.78747911, 442.420667326686441 ], [ -5.20831929, 57.78746836, 442.002432637791401 ], [ -5.20840211, 57.7874781, 441.420188854658022 ], [ -5.20849385, 57.78747776, 440.920799206220522 ], [ -5.20858743, 57.78746305, 440.585418652021303 ], [ -5.20867589, 57.78744965, 440.301940868818178 ], [ -5.2087036, 57.78740006, 439.873892598728901 ], [ -5.2087201, 57.78735508, 439.572862848449859 ], [ -5.20878436, 57.78732382, 439.061960443664702 ], [ -5.20886338, 57.78730546, 438.763195533647945 ], [ -5.20892543, 57.78726456, 438.793582322152417 ], [ -5.20900237, 57.787232, 438.522182960405758 ], [ -5.20902563, 57.78718697, 437.668916925598296 ], [ -5.20911491, 57.78717192, 437.68571358261562 ], [ -5.20918969, 57.78714236, 437.424317447012925 ], [ -5.20926476, 57.78711216, 437.165186151672515 ], [ -5.20932226, 57.78707171, 437.455458455662495 ], [ -5.20937085, 57.78703392, 437.885583010977768 ], [ -5.2094487, 57.78701423, 437.881053330453199 ], [ -5.20953662, 57.78701496, 437.988819618120601 ], [ -5.20959693, 57.78697295, 437.840663315804761 ], [ -5.20968063, 57.78696735, 437.90143580290021 ], [ -5.20973769, 57.78692479, 438.16056709824062 ], [ -5.20977614, 57.7868752, 438.364965117213785 ], [ -5.20982881, 57.78682648, 438.658257571524643 ], [ -5.20987618, 57.78678578, 439.040631926295816 ], [ -5.20997111, 57.78677112, 439.478116667506754 ], [ -5.21006668, 57.78675017, 439.071584379909098 ], [ -5.21016206, 57.78672928, 439.475851827244526 ], [ -5.21024888, 57.78671374, 439.782166568106675 ], [ -5.21034035, 57.78668917, 439.884837510140699 ], [ -5.21042032, 57.78665962, 439.682703241516265 ], [ -5.21051127, 57.78663987, 439.842372300179761 ], [ -5.21061014, 57.78663268, 440.053754484889566 ], [ -5.21071414, 57.78663131, 440.687711394069254 ], [ -5.2108018, 57.78662333, 440.841151597054761 ], [ -5.21090063, 57.78661424, 440.968924337010151 ], [ -5.21098265, 57.78659348, 440.943068318943745 ], [ -5.21104921, 57.78655918, 441.041964890511792 ], [ -5.21114465, 57.78654663, 441.251837545017963 ], [ -5.21122374, 57.78652549, 441.974877444571518 ], [ -5.21130371, 57.78650698, 442.740192909136226 ], [ -5.21138945, 57.78648588, 443.055001345938706 ], [ -5.21147358, 57.78647425, 443.409254842381245 ], [ -5.21161908, 57.78646615, 443.824469380955463 ], [ -5.21170776, 57.78644383, 444.421434625793609 ], [ -5.21179044, 57.78642395, 444.220810977286362 ], [ -5.21187926, 57.7863932, 444.652067952732807 ], [ -5.21197388, 57.78638725, 444.846653480425289 ], [ -5.21207065, 57.78638924, 445.484762960057026 ], [ -5.21215515, 57.78638337, 446.131176490679195 ], [ -5.21224247, 57.78636218, 446.744938392534664 ], [ -5.21232115, 57.78634063, 447.179969738447085 ], [ -5.21238658, 57.78631182, 447.723900882071518 ], [ -5.21245092, 57.78627172, 448.283873372654682 ], [ -5.21253689, 57.78624621, 448.63529636372607 ], [ -5.21258968, 57.78620837, 448.971619693106675 ], [ -5.21265061, 57.78617288, 449.14204728797273 ], [ -5.21269845, 57.78613093, 449.466857861005678 ], [ -5.21277988, 57.78610205, 449.70655054899396 ], [ -5.21283781, 57.78605976, 450.569630164995601 ], [ -5.21290847, 57.78602339, 450.619833760838276 ], [ -5.21300935, 57.78599279, 450.920486401044741 ], [ -5.21308538, 57.78597018, 451.236992923087143 ], [ -5.21312052, 57.78592656, 451.430256385698726 ], [ -5.21319829, 57.78590684, 451.417234099147379 ], [ -5.21327665, 57.78587964, 451.323055763140133 ], [ -5.21336316, 57.78585373, 451.28738507396605 ], [ -5.21345832, 57.78584718, 450.772896853751206 ], [ -5.21353553, 57.78582529, 450.625306216544175 ], [ -5.21362134, 57.78580308, 450.435818214312008 ], [ -5.21369971, 57.78578151, 450.292757257629546 ], [ -5.21378147, 57.78575412, 450.285963826756245 ], [ -5.21384658, 57.78572439, 450.107798935921949 ], [ -5.21391146, 57.78569169, 449.999843003304761 ], [ -5.2139835, 57.78566363, 450.094964114493393 ], [ -5.21405734, 57.7856395, 450.009656584498941 ], [ -5.21413109, 57.78561173, 449.578211054016265 ], [ -5.21420652, 57.78558651, 449.105055623631245 ], [ -5.21427692, 57.78555636, 449.318135893580973 ], [ -5.21430864, 57.78550915, 449.429866196664136 ], [ -5.21436332, 57.78547139, 449.397026012861147 ], [ -5.21440563, 57.78543089, 449.715797375165835 ], [ -5.21447352, 57.78540104, 450.183668904881245 ], [ -5.21452617, 57.78535785, 450.163096787484449 ], [ -5.21460169, 57.78532674, 450.456766351867827 ], [ -5.21465618, 57.78528931, 450.531315345659664 ], [ -5.21471062, 57.78525341, 451.028440153834879 ], [ -5.21478542, 57.78522654, 451.259639145882886 ], [ -5.21486022, 57.7851985, 451.295309835057026 ], [ -5.2149327, 57.7851704, 451.702408877676987 ], [ -5.21500866, 57.78513399, 452.319568039925855 ], [ -5.21507676, 57.78509829, 452.973907421552553 ], [ -5.2151492, 57.78506962, 453.284374732866695 ], [ -5.21522825, 57.78504373, 453.592577203918609 ], [ -5.21528666, 57.78501127, 453.79508858261562 ], [ -5.21537814, 57.78495806, 454.21464424667812 ], [ -5.21545645, 57.78493476, 454.616647943664702 ], [ -5.21552555, 57.78490542, 455.179829139604976 ], [ -5.21560149, 57.78486807, 455.557297793692612 ], [ -5.21569257, 57.78484904, 455.99270733959105 ], [ -5.21578101, 57.78482484, 456.236173308131754 ], [ -5.21584724, 57.78479597, 456.893344285043042 ], [ -5.21591234, 57.78476234, 457.149833630048647 ], [ -5.21599628, 57.78473332, 457.153041245492261 ], [ -5.21609895, 57.78472193, 457.267980253932535 ], [ -5.21618698, 57.78473227, 457.486534069501772 ], [ -5.21626123, 57.78471014, 457.753970505746167 ], [ -5.21634466, 57.78469525, 457.772277782880678 ], [ -5.21642848, 57.78467496, 458.066891212358883 ], [ -5.21651579, 57.78466374, 458.124643549133452 ], [ -5.216593, 57.78463831, 458.05537736609773 ], [ -5.21668109, 57.78462013, 458.296768139325991 ], [ -5.21675987, 57.78459837, 458.611198376142397 ], [ -5.21684122, 57.7845845, 458.706320577244526 ], [ -5.21692462, 57.78455747, 458.887694173435932 ], [ -5.21700369, 57.78452182, 458.531175836731109 ], [ -5.21706881, 57.78449222, 458.882975937875074 ], [ -5.21714807, 57.78446027, 458.795403567618393 ], [ -5.21722599, 57.78442606, 458.900528994864487 ], [ -5.21729306, 57.78439809, 459.062651448826557 ], [ -5.217374, 57.78437695, 459.057933213265699 ], [ -5.217433, 57.7843448, 459.279506089242261 ], [ -5.21750316, 57.7843081, 459.314611113307535 ], [ -5.21756647, 57.78427797, 459.423510911019605 ], [ -5.21765318, 57.78425044, 459.475979347124508 ], [ -5.21770678, 57.78421256, 459.656409078221088 ], [ -5.21779035, 57.78418375, 459.73643161763232 ], [ -5.21784654, 57.78413626, 459.671695115121167 ], [ -5.21787795, 57.78409172, 459.541468979867261 ], [ -5.21792959, 57.7840444, 459.861373852216616 ], [ -5.21798715, 57.78400033, 459.895535011187008 ], [ -5.21803932, 57.78396006, 460.311881969892397 ], [ -5.21809492, 57.78392338, 460.288289702174723 ], [ -5.21813878, 57.78387831, 460.094272019418042 ], [ -5.21818009, 57.78383776, 460.048598104099995 ], [ -5.21821957, 57.78378132, 460.280929516279116 ], [ -5.21833642, 57.78372859, 460.163537112540268 ], [ -5.2183932, 57.78369218, 460.120128037484449 ], [ -5.21846296, 57.78365461, 460.091251869097164 ], [ -5.21855613, 57.78363852, 459.713595749886792 ], [ -5.21865231, 57.78363218, 459.316122823338276 ], [ -5.21874201, 57.78362127, 459.109081764116695 ], [ -5.21880788, 57.78358036, 458.765585713963276 ], [ -5.21884867, 57.78354063, 458.431337579895171 ], [ -5.21891272, 57.78349989, 458.10407252165021 ], [ -5.21903665, 57.78347122, 457.774355158020171 ], [ -5.21905327, 57.78341842, 457.406701175040268 ], [ -5.21901803, 57.78336719, 457.169084772277984 ], [ -5.21899254, 57.78332217, 456.911085897068745 ], [ -5.21906192, 57.7833479, 456.348281811200991 ], [ -5.21914461, 57.78332532, 456.129161240609449 ], [ -5.2192254, 57.78329199, 455.826243760140699 ], [ -5.21931045, 57.78326975, 454.811987691502338 ], [ -5.21937191, 57.78323007, 454.207095505746167 ], [ -5.21942159, 57.78319356, 454.215399556736713 ], [ -5.21949882, 57.78315946, 454.19407321919482 ], [ -5.21955733, 57.78312551, 454.169726731332105 ], [ -5.21962713, 57.78309407, 454.11103052946271 ], [ -5.21969985, 57.78306605, 454.14821183875398 ], [ -5.21978692, 57.78304702, 454.145191688433101 ], [ -5.21985657, 57.78301981, 454.60343819199062 ], [ -5.21991127, 57.78298503, 454.643072896580463 ], [ -5.21995684, 57.78294627, 454.590415905439272 ], [ -5.21999346, 57.78290141, 454.820482477356109 ], [ -5.22003387, 57.7828553, 454.930703250235581 ], [ -5.22004788, 57.78281082, 455.129440258466616 ], [ -5.22007443, 57.78276502, 455.910043939758452 ], [ -5.22010919, 57.78272283, 456.406980192897379 ], [ -5.2201736, 57.78268555, 456.230514477216616 ], [ -5.22020785, 57.78264367, 456.209187049761226 ], [ -5.2202025, 57.78259406, 456.191068327663004 ], [ -5.2202296, 57.78254471, 456.324314613237789 ], [ -5.22024955, 57.78249449, 456.542113118748432 ], [ -5.22026204, 57.78244949, 456.62213674807316 ], [ -5.2203081, 57.78240792, 456.290908764325991 ], [ -5.22036921, 57.78236929, 456.181253656555327 ], [ -5.22042549, 57.78232851, 456.058764817269605 ], [ -5.22047491, 57.78229161, 455.605803304295307 ], [ -5.2205168, 57.78225011, 455.554090178248941 ], [ -5.22057655, 57.78221533, 455.461798482517963 ], [ -5.22062635, 57.78215348, 455.346859474077633 ], [ -5.22063997, 57.78210725, 455.082631743190348 ], [ -5.22068243, 57.78206753, 455.077158197570952 ], [ -5.22074833, 57.78202934, 454.813120111633452 ], [ -5.22078421, 57.78198401, 454.660812328779116 ], [ -5.22082871, 57.78193914, 454.299197556527417 ], [ -5.22086821, 57.78189135, 453.882095287763491 ], [ -5.22093187, 57.78185234, 453.503683858494526 ], [ -5.22095566, 57.78180591, 453.131688750026285 ], [ -5.22097108, 57.7817608, 452.901810733145737 ], [ -5.2209769, 57.78170895, 452.103844729727768 ], [ -5.22102553, 57.78166245, 451.967579383745601 ], [ -5.22109028, 57.78162579, 451.726377165553629 ], [ -5.22118135, 57.78164275, 451.015039667297515 ], [ -5.22126362, 57.78162999, 450.830835565735015 ], [ -5.22128952, 57.7815862, 450.721936857936441 ], [ -5.2212805, 57.78153805, 450.590389747515133 ], [ -5.22129691, 57.7814934, 450.633797732657456 ], [ -5.22130889, 57.78144413, 450.576045395882886 ], [ -5.22132473, 57.78138886, 450.52357804969148 ], [ -5.22134185, 57.7813407, 450.473375543762359 ], [ -5.22137403, 57.78129216, 450.526031444990053 ], [ -5.2213858, 57.78123563, 450.4093943513098 ], [ -5.22140487, 57.78118257, 450.257275123491695 ], [ -5.22143008, 57.78112768, 451.103179882490053 ], [ -5.2214647, 57.78108212, 450.963327631164702 ], [ -5.22149033, 57.78103885, 450.6468211091223 ], [ -5.22153069, 57.78099884, 450.965592471426987 ], [ -5.22157728, 57.78096133, 450.817247614074859 ], [ -5.22164577, 57.78092423, 450.755719816920816 ], [ -5.22172568, 57.78090231, 450.38523532856982 ], [ -5.2217517, 57.78083499, 450.040607948198726 ], [ -5.22181106, 57.78079049, 449.6746531403723 ], [ -5.22189623, 57.78077318, 449.478369527439838 ], [ -5.22195368, 57.78073852, 449.17243189665021 ], [ -5.22202147, 57.7807097, 448.846677458522379 ], [ -5.22205743, 57.78066836, 448.756274582894605 ], [ -5.22208738, 57.78061632, 448.744950381583237 ], [ -5.22213626, 57.78057167, 448.255752514325991 ], [ -5.22215868, 57.78052004, 448.499219572780191 ], [ -5.2222129, 57.78047859, 448.493180362051987 ], [ -5.22224337, 57.78042417, 447.988883923017397 ], [ -5.22229339, 57.78038123, 447.664827570129546 ], [ -5.22235189, 57.78033528, 447.28452950058437 ], [ -5.22235748, 57.78028764, 446.748525297877848 ], [ -5.22238999, 57.78024556, 446.39710230680646 ], [ -5.22240499, 57.78018467, 446.201574003932535 ], [ -5.22243904, 57.78014089, 445.644809128793042 ], [ -5.22251245, 57.78010776, 444.901197111842691 ], [ -5.22254479, 57.78006577, 444.492965649091616 ], [ -5.22256912, 57.78002262, 443.995651195966616 ], [ -5.22263462, 57.77999403, 443.481540085824292 ], [ -5.22268074, 57.7799502, 442.513901797598862 ], [ -5.22274594, 57.77990762, 441.612698097124508 ], [ -5.22280664, 57.77987049, 440.777173674342691 ], [ -5.22283654, 57.77982787, 440.232110110587143 ], [ -5.22287641, 57.77977971, 439.550214445827066 ], [ -5.22289801, 57.77973066, 438.955135841265133 ], [ -5.22294591, 57.77968526, 438.772064159833803 ], [ -5.22295483, 57.77963121, 438.20435328336896 ], [ -5.22304559, 57.7796002, 437.36071227471939 ], [ -5.22310467, 57.77956053, 436.799229164019039 ], [ -5.22316962, 57.77952848, 436.549912539786362 ], [ -5.22321804, 57.77948605, 436.073359849007886 ], [ -5.2232663, 57.77944518, 435.438081964660796 ], [ -5.22329719, 57.77939727, 434.854517206360015 ], [ -5.22334721, 57.77935222, 434.887167745213276 ], [ -5.22341814, 57.77931322, 434.15355895440689 ], [ -5.22349192, 57.77928008, 433.940100484471088 ], [ -5.22357337, 57.77924814, 433.548100013628414 ], [ -5.22364792, 57.77921973, 433.243673002955973 ], [ -5.22376466, 57.77920545, 432.66029679969148 ], [ -5.22382332, 57.77916849, 432.040494597194254 ], [ -5.22389651, 57.77914043, 431.621882798226636 ], [ -5.22395897, 57.77910496, 431.265742661507886 ], [ -5.22402647, 57.77907776, 430.762200442618393 ], [ -5.2240809, 57.77903549, 429.958948358703765 ], [ -5.22411978, 57.77899269, 429.51013941618146 ], [ -5.22421727, 57.77898407, 429.114553129909098 ], [ -5.22430604, 57.77896343, 428.561752270185366 ], [ -5.22437436, 57.77893248, 428.186549546273511 ], [ -5.22445976, 57.77890284, 428.012537225891265 ], [ -5.22453182, 57.77886359, 427.335926551714351 ], [ -5.22458144, 57.77882657, 427.11586320594148 ], [ -5.2246534, 57.77879909, 426.616283912554195 ], [ -5.22474067, 57.77877062, 426.416037374119526 ], [ -5.22482836, 57.77874778, 426.199559843776285 ], [ -5.22487889, 57.77871063, 425.74338962544482 ], [ -5.22493293, 57.77866405, 425.372338382071518 ], [ -5.22499525, 57.77862318, 424.951273187805327 ], [ -5.22507492, 57.77859315, 424.699313523324292 ], [ -5.22505161, 57.77853526, 423.969857302969956 ], [ -5.22511103, 57.77847943, 423.308345200570386 ], [ -5.22517415, 57.77844931, 422.416955081290268 ], [ -5.22520177, 57.77840256, 421.195469398394039 ], [ -5.22523212, 57.77835017, 420.003236993957671 ], [ -5.225234, 57.77828356, 419.212252976449292 ], [ -5.22518739, 57.77823696, 417.931882536647379 ], [ -5.22515392, 57.77819036, 416.763242399928629 ], [ -5.2251155, 57.77814856, 415.698405625375074 ], [ -5.22507277, 57.77810228, 414.53674856447941 ], [ -5.22504261, 57.77805461, 413.235807097194254 ], [ -5.22503175, 57.77800594, 412.72754664274396 ], [ -5.22506858, 57.77796239, 411.694984386884585 ], [ -5.2251298, 57.77792683, 410.789817760908022 ], [ -5.22518672, 57.77789026, 409.815762061968258 ], [ -5.22517132, 57.77784524, 408.571439421413004 ], [ -5.22515299, 57.77780037, 407.941822547808101 ], [ -5.22514717, 57.77775542, 407.163861906764566 ], [ -5.22526118, 57.77773197, 406.430819870980542 ], [ -5.22534474, 57.77771992, 405.585292222054761 ], [ -5.22539005, 57.7776748, 404.900376406973862 ], [ -5.22540416, 57.77762184, 404.192247614074859 ], [ -5.2254332, 57.77757644, 403.540738737819254 ], [ -5.22538317, 57.77753741, 402.473825678039702 ], [ -5.22537562, 57.77749113, 401.663590518301987 ], [ -5.22535092, 57.77744226, 400.006319269348296 ], [ -5.22534937, 57.77738932, 399.358018008536362 ], [ -5.225342, 57.77734264, 398.120301333731675 ], [ -5.22540353, 57.77730766, 397.469924877607241 ], [ -5.22545316, 57.77726896, 396.828041027509585 ], [ -5.22549603, 57.7772072, 395.449340771161928 ], [ -5.22558196, 57.77718557, 394.811231291530191 ], [ -5.2256551, 57.77715609, 394.300328886745035 ], [ -5.22574389, 57.77712289, 393.479148815595522 ], [ -5.22582711, 57.77711456, 392.68080461219148 ], [ -5.22589112, 57.77707972, 391.689008391139566 ], [ -5.22597896, 57.77708552, 390.334843177690914 ], [ -5.22604095, 57.77705282, 389.986818536926421 ], [ -5.22612344, 57.7770285, 389.666160534345522 ], [ -5.22617534, 57.77699211, 389.176962667088276 ], [ -5.22631141, 57.77697241, 388.396925740818745 ], [ -5.2263999, 57.77696039, 388.072492277858316 ], [ -5.22649237, 57.77694117, 387.27433662949062 ], [ -5.2265771, 57.77692293, 386.780609081708803 ], [ -5.22666414, 57.77690864, 386.742673552272379 ], [ -5.22675135, 57.7768884, 386.19119366771605 ], [ -5.22684282, 57.77686786, 385.698787095101636 ], [ -5.22692723, 57.77685804, 385.42210274277187 ], [ -5.22701146, 57.77684126, 385.056147934945386 ], [ -5.22710479, 57.77683899, 384.95706280834105 ], [ -5.22720106, 57.77682615, 385.074266657043609 ], [ -5.22729349, 57.77681825, 384.598656741446518 ], [ -5.22738149, 57.77680351, 384.07171080987564 ], [ -5.22747206, 57.77678065, 383.562317935294175 ], [ -5.22758356, 57.77676549, 383.016688706429761 ], [ -5.22767371, 57.77677385, 382.69395332870937 ], [ -5.2277675, 57.77677157, 382.36442452011562 ], [ -5.22784849, 57.77679514, 382.059807864493393 ], [ -5.22793229, 57.77681991, 381.801997544320386 ], [ -5.22802813, 57.7768403, 381.529277207406324 ], [ -5.2281186, 57.77686907, 381.281470113377338 ], [ -5.22819943, 57.77688956, 381.045552885768473 ], [ -5.22827943, 57.77691016, 380.920800296134018 ], [ -5.22836528, 57.77692209, 380.862669759373432 ], [ -5.22846348, 57.77694087, 380.877013021092182 ], [ -5.22855389, 57.77695923, 380.776418364284098 ], [ -5.22865224, 57.77698042, 380.889659287484449 ], [ -5.22873431, 57.77699408, 381.39829685200732 ], [ -5.22882061, 57.77699778, 381.806339759722164 ], [ -5.22889371, 57.77703128, 382.918737089870035 ], [ -5.22896739, 57.77705673, 383.314889041251206 ], [ -5.2290442, 57.77707661, 383.759357948198726 ], [ -5.22913855, 57.7771011, 384.168533276044741 ], [ -5.2292379, 57.77710048, 384.429929411647379 ], [ -5.22934033, 57.77710476, 384.917428103751206 ], [ -5.22943545, 57.77708954, 385.235633800947085 ], [ -5.22949867, 57.77714149, 385.587999567199859 ], [ -5.22958207, 57.77716831, 385.986416358843258 ], [ -5.22961949, 57.77721156, 386.344067115679195 ], [ -5.22964003, 57.7772649, 386.812127200430893 ], [ -5.22968746, 57.77730432, 387.02464180527187 ], [ -5.22976072, 57.77733224, 387.080506411856675 ], [ -5.22985171, 57.77735896, 387.309629118678629 ], [ -5.22993555, 57.7773768, 386.546389939339917 ], [ -5.23001372, 57.77739695, 386.528271217241695 ], [ -5.23009784, 57.77737776, 386.371810863935366 ], [ -5.23019226, 57.77737206, 386.243094258885151 ], [ -5.23028365, 57.77737066, 386.181189351658588 ], [ -5.23037831, 57.77737023, 385.865249584638491 ], [ -5.23046754, 57.77737998, 385.544779047180327 ], [ -5.23055413, 57.77737003, 385.033688087358883 ], [ -5.2306333, 57.77734682, 384.617907883675855 ], [ -5.2307169, 57.77734096, 384.078884620562008 ], [ -5.2307869, 57.77730765, 383.590440973449859 ], [ -5.23087272, 57.77729685, 383.30167819966357 ], [ -5.23095921, 57.77727121, 382.827767459219956 ], [ -5.23107782, 57.77726734, 382.297047157183101 ], [ -5.23114646, 57.77723483, 381.658370922529116 ], [ -5.23113825, 57.77718703, 381.224471996747866 ], [ -5.23114074, 57.77713392, 380.839077491655758 ], [ -5.23123203, 57.7771221, 380.452172366446518 ], [ -5.23131915, 57.77710302, 379.794057524440348 ], [ -5.23140571, 57.7771103, 379.212190851379546 ], [ -5.23149865, 57.77710471, 378.378931268860015 ], [ -5.23158732, 57.77709697, 377.813107032671383 ], [ -5.2316041, 57.77705062, 377.22236955359773 ], [ -5.23166114, 57.77701589, 376.704105873003414 ], [ -5.23178296, 57.77700744, 375.996354190176987 ], [ -5.23186687, 57.77698022, 375.086845348798647 ], [ -5.23196034, 57.77697415, 374.422125630955463 ], [ -5.232043, 57.77695043, 373.635860938921383 ], [ -5.23210289, 57.77691841, 373.201584903067612 ], [ -5.23218878, 57.77690336, 372.421359421761792 ], [ -5.23227698, 57.77689441, 371.74304957243146 ], [ -5.23235792, 57.77687246, 370.932626947570952 ], [ -5.23244534, 57.77686622, 370.426631333382886 ], [ -5.23254496, 57.77685826, 369.776631987330973 ], [ -5.23262387, 57.77683902, 369.449178374049723 ], [ -5.23271148, 57.77682828, 368.73972751606982 ], [ -5.23279888, 57.77681733, 367.83097507466357 ], [ -5.23288213, 57.77680379, 366.878435358215484 ], [ -5.23297145, 57.77682121, 366.045364330732241 ], [ -5.23306579, 57.77682583, 365.523893034694254 ], [ -5.23312216, 57.77678762, 364.792737639186441 ], [ -5.23315552, 57.7767458, 363.980238729099995 ], [ -5.23317841, 57.77669551, 363.199257937735581 ], [ -5.23321455, 57.77665063, 362.435829113447085 ], [ -5.2332867, 57.77661321, 361.783187817060366 ], [ -5.2333776, 57.77659683, 361.227932472124508 ], [ -5.2334618, 57.77658897, 360.209713477983883 ], [ -5.2335533, 57.77658877, 359.544237360168609 ], [ -5.23364043, 57.77657672, 358.667001947570952 ], [ -5.23373087, 57.77656431, 358.464113458801421 ], [ -5.23380726, 57.7765838, 358.386354669738921 ], [ -5.23385977, 57.77662037, 358.028892467939272 ], [ -5.23389501, 57.7766652, 358.164025393790268 ], [ -5.23398124, 57.77666726, 357.64897041855312 ], [ -5.23407937, 57.77667553, 357.698041594264566 ], [ -5.23416868, 57.77668968, 357.851104687177553 ], [ -5.2342493, 57.77670707, 357.84581969659439 ], [ -5.23431461, 57.77673712, 358.148926822012925 ], [ -5.23440533, 57.77675088, 358.09381643557316 ], [ -5.23448979, 57.77675216, 357.890927946803629 ], [ -5.23457419, 57.77674062, 358.201583813154116 ], [ -5.2346608, 57.77673365, 358.218193005048647 ], [ -5.23474564, 57.77673056, 358.54243791297273 ], [ -5.23484516, 57.77672916, 358.066829087289136 ], [ -5.23494649, 57.77672203, 357.882813540762925 ], [ -5.23504043, 57.77672753, 357.728996227704897 ], [ -5.23512546, 57.77671961, 357.378328546692046 ], [ -5.23522159, 57.77671439, 357.39342711846939 ], [ -5.23531541, 57.77671473, 356.983119370492261 ], [ -5.23541251, 57.77672038, 356.63698137000398 ], [ -5.23549949, 57.77671836, 356.405405267883452 ], [ -5.23559082, 57.77672684, 356.236488293134585 ], [ -5.23567524, 57.77673528, 355.946215989144605 ], [ -5.2357607, 57.77675148, 355.713317821943178 ], [ -5.23585042, 57.77677387, 355.606305754420816 ], [ -5.23594601, 57.77678664, 355.537606326407456 ], [ -5.2360359, 57.77678044, 355.400397115330463 ], [ -5.23612, 57.77678852, 355.62347952151066 ], [ -5.2362203, 57.77679063, 355.442484125305327 ], [ -5.23630457, 57.77680029, 355.296214463265699 ], [ -5.23641269, 57.77679845, 355.024060881373941 ], [ -5.23649794, 57.77678932, 354.548452055690348 ], [ -5.23657952, 57.7767781, 354.256858776533022 ], [ -5.23666877, 57.77676465, 353.834094407113355 ], [ -5.23675625, 57.7767436, 353.907323515651285 ], [ -5.23684924, 57.77673505, 353.161069548366129 ], [ -5.23693494, 57.77674166, 352.726226757490053 ], [ -5.23701672, 57.77673051, 352.177577378304761 ], [ -5.23711446, 57.7767271, 351.542110938921383 ], [ -5.23720953, 57.7767423, 350.180962649649643 ], [ -5.23729702, 57.77675604, 349.255601016348862 ], [ -5.23730644, 57.7768053, 348.516331214800289 ], [ -5.23735886, 57.77674025, 347.863877383536362 ], [ -5.23740998, 57.7767014, 347.469990272417476 ], [ -5.23748901, 57.77668241, 346.799607364005112 ], [ -5.23757896, 57.77667619, 346.386279465707105 ], [ -5.23766823, 57.77668151, 346.157155668971598 ], [ -5.23776026, 57.77667777, 345.757983567269605 ], [ -5.23785215, 57.77667025, 344.894337196245601 ], [ -5.23794229, 57.77666321, 344.200551665065348 ], [ -5.23803206, 57.77667014, 343.651524085894039 ], [ -5.23812546, 57.77668092, 343.189881411856675 ], [ -5.23816921, 57.77672611, 342.904515898463785 ], [ -5.23827292, 57.77677048, 343.073998538321518 ], [ -5.23836692, 57.77677675, 342.707288420436441 ], [ -5.2384559, 57.77680024, 342.211861697501206 ], [ -5.23854536, 57.77680861, 341.450698803388491 ], [ -5.23863954, 57.77680011, 340.821271574733316 ], [ -5.23872623, 57.77680568, 340.361327530892652 ], [ -5.23883299, 57.77683853, 339.914028663530758 ], [ -5.23889288, 57.77687053, 339.119082265476948 ], [ -5.23898252, 57.77687543, 338.33696959893814 ], [ -5.23907167, 57.77689716, 337.445013269592437 ], [ -5.23914333, 57.77692517, 336.994316596880367 ], [ -5.23923554, 57.77693847, 336.584198493853023 ], [ -5.23931968, 57.77695407, 336.191443257908588 ], [ -5.23940477, 57.77696781, 335.675822072605854 ], [ -5.23949376, 57.77698305, 335.243055566955718 ], [ -5.23961079, 57.77699489, 335.031673382245913 ], [ -5.23971377, 57.77700521, 334.754801019836577 ], [ -5.23981151, 57.77700185, 334.849734120945698 ], [ -5.2399041, 57.77699034, 334.751781414472475 ], [ -5.23999776, 57.77700325, 334.36280054899396 ], [ -5.24009711, 57.77701273, 333.96494942245937 ], [ -5.2401836, 57.77702653, 333.612016901184234 ], [ -5.24026134, 57.77704864, 333.420262968776285 ], [ -5.24036707, 57.77705676, 332.114602176016831 ], [ -5.24040711, 57.77700939, 331.511597720450425 ], [ -5.24049057, 57.77699486, 330.712875862017086 ], [ -5.24058036, 57.77699383, 329.774491397208237 ], [ -5.24066658, 57.77698106, 328.7864695466223 ], [ -5.24075406, 57.7769739, 327.960947805027729 ], [ -5.24084394, 57.77697846, 327.244136761152163 ], [ -5.24095228, 57.77698044, 326.184773532218003 ], [ -5.24104647, 57.77698693, 324.982538991551166 ], [ -5.24112637, 57.77701041, 324.07869225082851 ], [ -5.24121043, 57.77704717, 322.994982534031635 ], [ -5.24125685, 57.77708788, 322.1921091950598 ], [ -5.24134272, 57.77711819, 321.323933688468003 ], [ -5.24143155, 57.77713207, 320.346858929120913 ], [ -5.24156231, 57.77713781, 320.34232979355312 ], [ -5.24164786, 57.77713638, 319.669871144871479 ], [ -5.24174337, 57.77714506, 318.808867269139057 ], [ -5.24181828, 57.77716696, 318.093943410496479 ], [ -5.24191226, 57.77718371, 317.34353741771605 ], [ -5.24200279, 57.77718436, 316.680137585126772 ], [ -5.24208565, 57.7772003, 315.546035717450991 ], [ -5.24216901, 57.77718963, 314.314170243294996 ], [ -5.24225641, 57.77720304, 313.710976687735581 ], [ -5.24234917, 57.77719101, 312.658785634617573 ], [ -5.24245619, 57.77720174, 312.142221129176676 ], [ -5.24255038, 57.77721766, 311.418992674586832 ], [ -5.24265088, 57.77723602, 310.663490791216304 ], [ -5.24273289, 57.7772594, 309.954983798331284 ], [ -5.2427947, 57.77729177, 309.346316697152417 ], [ -5.24284654, 57.77732779, 308.892788974112534 ], [ -5.24292675, 57.77734291, 308.636111074070698 ], [ -5.2430234, 57.77734751, 308.204476988551676 ], [ -5.24311539, 57.77736192, 307.766992247340738 ], [ -5.24320223, 57.77734468, 306.99563702709105 ], [ -5.24327663, 57.77737156, 306.579101513349428 ], [ -5.24336322, 57.77737764, 306.734995656590229 ], [ -5.24346268, 57.77737132, 306.202954924342691 ], [ -5.24354825, 57.77734421, 305.785097890476948 ], [ -5.24363431, 57.77732925, 305.256265863586577 ], [ -5.24372602, 57.77733597, 304.509823341265133 ], [ -5.24381853, 57.7773378, 303.594842044180893 ], [ -5.243909, 57.7773382, 302.957865529637104 ], [ -5.24397805, 57.7773675, 302.428278737644916 ], [ -5.2440479, 57.77739272, 301.290591054539448 ], [ -5.24413301, 57.77739279, 300.161962732483062 ], [ -5.24422769, 57.7773978, 299.315491218462398 ], [ -5.24430793, 57.77741299, 298.502614108389878 ], [ -5.24439438, 57.77740546, 297.914897324593824 ], [ -5.24447901, 57.77739339, 297.135992818455463 ], [ -5.24458234, 57.77739203, 296.315755522487223 ], [ -5.24466426, 57.77740372, 295.440974050144916 ], [ -5.24474587, 57.77743149, 294.28743303016023 ], [ -5.24483063, 57.77742669, 293.29809020440689 ], [ -5.24490785, 57.77740176, 292.276851604902163 ], [ -5.24499485, 57.77738204, 291.400182402370092 ], [ -5.24508065, 57.77737023, 290.558806778939584 ], [ -5.24516645, 57.77737267, 289.549646600891322 ], [ -5.24526065, 57.77737167, 288.518405320199349 ], [ -5.24534351, 57.77739217, 287.715531436270737 ], [ -5.2454358, 57.77738949, 286.776957871468881 ], [ -5.24552517, 57.77739171, 285.622850641418665 ], [ -5.24561799, 57.777385, 284.297561051400521 ], [ -5.24570547, 57.77739522, 283.279908267325425 ], [ -5.24578022, 57.77742658, 282.235265955139369 ], [ -5.24587063, 57.77743581, 280.992453389744526 ], [ -5.24594747, 57.77745753, 280.095967379874253 ], [ -5.24602679, 57.77747705, 279.006217907392397 ], [ -5.24611374, 57.77749281, 278.171070594683158 ], [ -5.246204, 57.77750567, 277.268734201599329 ], [ -5.24631145, 57.77751368, 276.052910619358784 ], [ -5.24639647, 57.77751294, 275.008268852129447 ], [ -5.24648367, 57.77751532, 274.254276771440971 ], [ -5.24658474, 57.77751984, 273.135273748020893 ], [ -5.24667371, 57.77754258, 272.096482636483529 ], [ -5.24675279, 57.77756655, 271.394958991899955 ], [ -5.24684042, 57.77757767, 270.828002880536928 ], [ -5.24692786, 57.77758438, 269.972472277945542 ], [ -5.24701599, 57.77760206, 268.937456081830874 ], [ -5.24710812, 57.77760302, 268.133072667698627 ], [ -5.24719304, 57.77760647, 267.630474586382377 ], [ -5.24728561, 57.77760227, 267.149769597630268 ], [ -5.24737839, 57.77759895, 266.621126125776186 ], [ -5.24746886, 57.7776133, 266.340101465393275 ], [ -5.24756592, 57.77761906, 265.790697321106165 ], [ -5.24764925, 57.7776095, 264.654897095712045 ], [ -5.24774474, 57.77760234, 264.029433065037495 ], [ -5.24781964, 57.77762563, 263.510226064305073 ], [ -5.24790282, 57.77763975, 263.135023340393275 ], [ -5.24803973, 57.77762557, 262.286286986110326 ], [ -5.2481217, 57.77764641, 261.19502771094642 ], [ -5.24815037, 57.7776907, 260.32307728893187 ], [ -5.24824343, 57.77770165, 259.470943946733939 ], [ -5.24832786, 57.77772341, 258.780178020917788 ], [ -5.2484137, 57.77774226, 257.80159291393187 ], [ -5.24850246, 57.77774434, 256.881515181300756 ], [ -5.24858705, 57.77775504, 255.448647858651469 ], [ -5.24867729, 57.77775617, 254.202060922790707 ], [ -5.24875989, 57.77777652, 253.525638803650082 ], [ -5.24887647, 57.77778276, 253.128731542210346 ], [ -5.24896401, 57.77780401, 252.150146707702817 ], [ -5.24905568, 57.77780533, 251.195342150992445 ], [ -5.24914913, 57.77780005, 250.030288102181743 ], [ -5.24923554, 57.77778569, 248.969226515529272 ], [ -5.24933436, 57.77780282, 247.923452328168793 ], [ -5.24941573, 57.77783814, 246.845404439549213 ], [ -5.24948425, 57.77787011, 245.458210759739643 ], [ -5.24956695, 57.77788625, 243.811696412118266 ], [ -5.24965114, 57.77789547, 242.207081336870658 ], [ -5.24974543, 57.77789295, 240.638891715898978 ], [ -5.24981923, 57.77786693, 239.2935967635064 ], [ -5.24991262, 57.77786376, 237.612544146842055 ], [ -5.25001719, 57.77783774, 235.696706722700043 ], [ -5.25010563, 57.77784169, 233.870706781555356 ], [ -5.25017778, 57.77781133, 232.282700080767142 ], [ -5.25027402, 57.77778717, 230.456700139622455 ], [ -5.25035778, 57.77776567, 228.656745316537211 ], [ -5.25044665, 57.77776766, 226.871511682678403 ], [ -5.25053565, 57.77776603, 225.13383887689227 ], [ -5.25062621, 57.77776356, 222.663690517866058 ], [ -5.25072083, 57.77776619, 221.063604850664603 ], [ -5.2508146, 57.77775302, 219.380854148760307 ], [ -5.2508826, 57.77769577, 217.68583565292812 ], [ -5.25097213, 57.7776801, 215.813973513907484 ], [ -5.25107876, 57.77767071, 213.852273619411108 ], [ -5.25116024, 57.7776582, 212.125547632385434 ], [ -5.25124518, 57.77764716, 210.320685746224711 ], [ -5.25133951, 57.77764025, 208.494874087637953 ], [ -5.25142691, 57.77763967, 206.653020537135717 ], [ -5.25153532, 57.77762779, 204.920443894418071 ], [ -5.25162293, 57.77762757, 202.928169201337738 ], [ -5.25169291, 57.7775938, 200.981756978611713 ], [ -5.25176587, 57.77756789, 199.539075529811498 ], [ -5.25185615, 57.77754709, 198.467821889500385 ], [ -5.2518607, 57.77749758, 196.925300004037211 ], [ -5.25194793, 57.77748366, 195.328988707301733 ], [ -5.25203279, 57.77747205, 193.491852847403578 ], [ -5.25212086, 57.77747048, 192.356052349531097 ], [ -5.25220995, 57.77744995, 191.254601565665297 ], [ -5.25227243, 57.77741701, 190.011222790204926 ], [ -5.25233469, 57.77737752, 188.857304115190971 ], [ -5.25241089, 57.77735717, 187.905708263837738 ], [ -5.25249018, 57.77733007, 186.69630154735475 ], [ -5.25256821, 57.77730697, 185.779810175110043 ], [ -5.25262744, 57.77727342, 184.904085382629574 ], [ -5.25269148, 57.77723995, 183.814336455104467 ], [ -5.25275589, 57.77720764, 183.002026100054252 ], [ -5.25280515, 57.77716299, 182.166690232308696 ], [ -5.25287774, 57.77712868, 181.351737381966899 ], [ -5.25293765, 57.77709047, 180.226883975333266 ], [ -5.252994, 57.77705528, 179.739950948338276 ], [ -5.25306721, 57.77702017, 178.498837558096938 ], [ -5.25315738, 57.7770003, 177.679355572187347 ], [ -5.253222, 57.77696392, 176.740971107378471 ], [ -5.25331975, 57.77696791, 175.739926425284438 ], [ -5.2533709, 57.77692824, 174.611675213300629 ], [ -5.25345694, 57.77690599, 173.658946941816254 ], [ -5.25353605, 57.77688179, 172.200411611180073 ], [ -5.25361985, 57.77686025, 171.052532146894379 ], [ -5.25370557, 57.77684098, 170.861910634617573 ], [ -5.25380046, 57.77682552, 169.757817355460219 ], [ -5.25387927, 57.77679641, 169.024775319676166 ], [ -5.25394649, 57.77676355, 168.312116301295873 ], [ -5.25405674, 57.7767617, 168.280409082580746 ], [ -5.25413337, 57.77673255, 167.730061073198783 ], [ -5.25421464, 57.77671501, 167.698353309526908 ], [ -5.25418857, 57.77676031, 167.36429427545184 ], [ -5.25416098, 57.77680444, 167.085345627816508 ], [ -5.25423746, 57.77682503, 166.911333307434262 ], [ -5.25439704, 57.77661795, 166.858487761256811 ], [ -5.25439594, 57.776722, 166.752796668901908 ], [ -5.25434097, 57.77675852, 167.096292174098608 ], [ -5.25420946, 57.77679949, 167.227273619411108 ], [ -5.25397924, 57.77673222, 166.993244121992035 ], [ -5.25422697, 57.77678546, 167.124225567304535 ], [ -5.25426361, 57.77668921, 167.179713063816791 ], [ -5.25420852, 57.77673361, 167.181223138977231 ], [ -5.25416427, 57.77668883, 167.16574691217059 ], [ -5.2540883, 57.77671274, 167.186508129560394 ], [ -5.25406066, 57.77675979, 166.821497186828793 ], [ -5.25406939, 57.77681382, 166.675416624782201 ], [ -5.25415023, 57.77682915, 166.478378791704642 ], [ -5.25422874, 57.77679991, 166.587467144452972 ], [ -5.25429435, 57.7767714, 166.38325768051601 ], [ -5.25436378, 57.77674257, 166.399488672424496 ], [ -5.25443538, 57.77671652, 166.145830377746762 ], [ -5.2544985, 57.77677264, 166.370046293971654 ], [ -5.25455272, 57.77681, 166.478379336661391 ], [ -5.25460581, 57.7768508, 166.589732529671977 ], [ -5.25466987, 57.77689302, 166.705237203221088 ], [ -5.2547401, 57.77692541, 166.934737565072368 ], [ -5.25479145, 57.77696198, 167.054772464102797 ], [ -5.25482195, 57.77700853, 167.281252675633198 ], [ -5.25488172, 57.77705083, 167.68023622229893 ], [ -5.25496025, 57.77706864, 168.086769599810111 ], [ -5.2550506, 57.77708775, 168.467256769348324 ], [ -5.25513357, 57.77710811, 168.498963988063451 ], [ -5.25521085, 57.7771356, 168.890775358913061 ], [ -5.25530619, 57.77715236, 169.138772097891859 ], [ -5.25538467, 57.77717715, 169.222947207755141 ], [ -5.2554096, 57.77711084, 168.913423761535824 ], [ -5.25528252, 57.77707176, 167.981456162484477 ], [ -5.25519633, 57.77706798, 167.614179289577123 ], [ -5.25510964, 57.77705819, 167.118186901533051 ], [ -5.25501733, 57.77704393, 166.268506682155248 ], [ -5.25493513, 57.77702315, 166.177158851519096 ], [ -5.25485639, 57.7769981, 165.879714371712993 ], [ -5.25479859, 57.77696146, 165.554714153730316 ], [ -5.25472593, 57.77692956, 165.168941448652191 ], [ -5.25466356, 57.77689744, 164.888483270813168 ], [ -5.25460051, 57.77686029, 164.520451632803969 ], [ -5.25453062, 57.77682155, 164.197338600054252 ], [ -5.2544744, 57.77678494, 163.749283877677016 ], [ -5.25442658, 57.77673571, 163.488831607169203 ], [ -5.25439591, 57.77668876, 163.244610328569877 ], [ -5.25439958, 57.77664171, 163.617548212219418 ], [ -5.25453428, 57.77661716, 163.400505016767426 ], [ -5.25452733, 57.77657128, 163.022283232448217 ], [ -5.25446844, 57.77653008, 163.394466895952689 ], [ -5.2544586, 57.7764817, 162.929049851449321 ], [ -5.2544702, 57.77643595, 162.601030573059262 ], [ -5.25450878, 57.77639553, 162.111077395743422 ], [ -5.25455931, 57.77635525, 161.361427257978363 ], [ -5.25460071, 57.77630751, 160.826932585475561 ], [ -5.25464599, 57.77626389, 160.546474952593314 ], [ -5.25471361, 57.77623524, 159.928183370213276 ], [ -5.25478458, 57.77619782, 159.262708342311498 ], [ -5.25485874, 57.77615954, 158.720663838963276 ], [ -5.25489771, 57.77611013, 158.313376241307026 ], [ -5.25492616, 57.77606034, 157.743022324593852 ], [ -5.25498678, 57.77602035, 157.410850475751801 ], [ -5.2550388, 57.7759796, 157.190408929992856 ], [ -5.25510218, 57.7759415, 156.316947887861176 ], [ -5.25517984, 57.77590652, 155.835298761535824 ], [ -5.25524924, 57.77587572, 154.922959414786391 ], [ -5.25530343, 57.77584112, 154.551909261326557 ], [ -5.25534293, 57.77578946, 154.187652538740082 ], [ -5.25536711, 57.77573782, 153.855480689898002 ], [ -5.25539235, 57.77568369, 153.236432707545873 ], [ -5.25542366, 57.77563611, 152.945782203569877 ], [ -5.25545666, 57.77558624, 152.241426691223324 ], [ -5.25551849, 57.77554175, 152.076473731890189 ], [ -5.25556836, 57.77550093, 151.842820254630141 ], [ -5.25560722, 57.77545991, 151.697118437526342 ], [ -5.25561558, 57.77540639, 151.447235058271332 ], [ -5.25562798, 57.77535771, 151.469505260908051 ], [ -5.25559628, 57.77531201, 151.720899260280248 ], [ -5.25554985, 57.77527342, 151.777142066851127 ], [ -5.2556167, 57.7752072, 152.328621951407484 ], [ -5.2555164, 57.77519749, 152.460735816851127 ], [ -5.2554237, 57.77518315, 153.042791044948217 ], [ -5.25534051, 57.77517446, 153.397233096427016 ], [ -5.25525446, 57.77516794, 153.875107852286391 ], [ -5.2551827, 57.7751374, 154.45565355017979 ], [ -5.2551058, 57.77510996, 155.646564979448783 ], [ -5.25501373, 57.77508934, 156.352807132071547 ], [ -5.25492367, 57.77505612, 157.149264695199321 ], [ -5.25497208, 57.77509734, 157.889855471915297 ], [ -5.2548817, 57.77507071, 158.048769220520199 ], [ -5.25479618, 57.77505774, 158.693106465916401 ], [ -5.25469727, 57.77505285, 159.301207357029682 ], [ -5.25461491, 57.77503935, 160.026322451895766 ], [ -5.25453309, 57.77501929, 160.359249610796439 ], [ -5.25444472, 57.77500489, 160.954893880467182 ], [ -5.25433214, 57.77495305, 161.073041594264623 ], [ -5.25426813, 57.77490908, 161.290464079616186 ], [ -5.25421525, 57.77487031, 161.447868298017426 ], [ -5.2542029, 57.77482442, 161.557333760838276 ], [ -5.25413018, 57.77474999, 161.573564752746762 ], [ -5.25406022, 57.77470531, 161.40257149277187 ], [ -5.25398921, 57.77466932, 160.805417692897436 ], [ -5.25390073, 57.77464578, 160.802398632490082 ], [ -5.25381335, 57.77466519, 161.223652381792533 ], [ -5.25373618, 57.77464083, 160.869965640372328 ], [ -5.25366016, 57.77460507, 160.746911135977797 ], [ -5.25358743, 57.77457456, 160.467963033299213 ], [ -5.25350179, 57.77455932, 160.518920849286957 ], [ -5.25342375, 57.77452364, 160.509483288251801 ], [ -5.25337672, 57.77447498, 160.900917004072113 ], [ -5.25334389, 57.77443324, 161.289708224600844 ], [ -5.25330466, 57.7743887, 161.71813360476267 ], [ -5.25326682, 57.77433216, 162.00689637854893 ], [ -5.25327428, 57.7742848, 162.408144765476948 ], [ -5.25323578, 57.7742374, 162.957360899684545 ], [ -5.25322344, 57.77418426, 163.818741340532767 ], [ -5.25318346, 57.77410416, 164.145250543762387 ], [ -5.25314739, 57.77405615, 164.338891116446547 ], [ -5.25306166, 57.77403183, 164.668797035112846 ], [ -5.25297764, 57.7740127, 164.984359692060394 ], [ -5.25289698, 57.7739954, 165.449022516418637 ], [ -5.2528108, 57.77401697, 165.824980550389057 ], [ -5.25273741, 57.7740524, 166.120160734889623 ], [ -5.25265282, 57.77405006, 166.340224625619243 ], [ -5.25260127, 57.77400928, 166.491211978262953 ], [ -5.25253209, 57.77397642, 166.755062054120941 ], [ -5.25247369, 57.77394124, 166.93473702011562 ], [ -5.25239356, 57.77390319, 167.228783694571547 ], [ -5.25232696, 57.77387417, 167.534532770324887 ], [ -5.25227066, 57.77383698, 167.949747308899106 ], [ -5.25221287, 57.77379335, 168.344200630083549 ], [ -5.25215808, 57.77375569, 168.855292679818461 ], [ -5.25210091, 57.77371198, 169.402621628793071 ], [ -5.25203827, 57.7736684, 169.799340335196547 ], [ -5.25198215, 57.77363484, 170.035634672877904 ], [ -5.25190263, 57.77359891, 170.411214506862279 ], [ -5.25181788, 57.77361861, 170.78452950058437 ], [ -5.25180909, 57.77367215, 171.115568384338559 ], [ -5.25173501, 57.77362948, 171.384324705836889 ], [ -5.25164471, 57.77364036, 171.501339454546439 ], [ -5.25158846, 57.77360226, 171.542860799412495 ], [ -5.25151522, 57.77356737, 171.742164017709086 ], [ -5.2514421, 57.77353029, 171.858424001316791 ], [ -5.25136133, 57.77350499, 171.935050370248149 ], [ -5.25126983, 57.77348478, 172.057350654497611 ], [ -5.25118806, 57.77346226, 172.174365403207133 ], [ -5.25109348, 57.77343864, 172.295155067339408 ], [ -5.25101274, 57.77340203, 172.25136888221104 ], [ -5.25093672, 57.77337641, 172.256653872794203 ], [ -5.25085262, 57.77336602, 172.512954662763519 ], [ -5.25075766, 57.77335076, 172.554476552586323 ], [ -5.25068761, 57.77332107, 172.637519787275238 ], [ -5.25060737, 57.7732968, 172.783599804365082 ], [ -5.25052198, 57.7732768, 173.106712292158051 ], [ -5.25043871, 57.7732602, 173.507583024056743 ], [ -5.25034866, 57.7732342, 173.591380478890727 ], [ -5.25026613, 57.77322312, 173.789173622026908 ], [ -5.25017211, 57.77320337, 173.956391421622328 ], [ -5.25009223, 57.77318092, 174.035659195931743 ], [ -5.25001601, 57.7731591, 174.247419035670873 ], [ -5.24994337, 57.77313409, 174.357639263593597 ], [ -5.24985372, 57.77312009, 174.552789911438168 ], [ -5.24975481, 57.77310757, 174.668294584987279 ], [ -5.24966879, 57.77308171, 174.60299241736729 ], [ -5.24965502, 57.77303291, 174.522214022940688 ], [ -5.24969273, 57.77298209, 174.351221307922543 ], [ -5.24964191, 57.77291249, 174.169659701651625 ], [ -5.2495798, 57.77287967, 173.947331515616469 ], [ -5.24955965, 57.77283331, 173.762749759024672 ], [ -5.24949315, 57.77280312, 173.503429908648002 ], [ -5.2494026, 57.77277903, 173.288650463544769 ], [ -5.24882475, 57.77283638, 172.993093168971654 ], [ -5.24873431, 57.77282033, 172.862867033717748 ], [ -5.24864723, 57.77281607, 172.689608933480571 ], [ -5.24856828, 57.77279707, 172.531072839904965 ], [ -5.24848558, 57.77278674, 172.500498041320981 ], [ -5.24842567, 57.77274567, 172.487287199733373 ], [ -5.2483467, 57.77272128, 172.289494056597221 ], [ -5.24825688, 57.77272186, 172.147943720031918 ], [ -5.24817197, 57.77271209, 172.131334528137387 ], [ -5.2480874, 57.77271095, 172.041119662589125 ], [ -5.24800946, 57.77268265, 171.935806225263519 ], [ -5.24792572, 57.77264932, 171.845591359715229 ], [ -5.24783147, 57.77263657, 171.910515872305922 ], [ -5.24774233, 57.77262774, 171.870504057643529 ], [ -5.24764943, 57.77262107, 172.048291838405248 ], [ -5.24756289, 57.77261067, 172.091323258431743 ], [ -5.24747716, 57.77260049, 172.107554250340229 ], [ -5.24740198, 57.77257881, 172.300440057922543 ], [ -5.24733521, 57.77254818, 172.37593346176601 ], [ -5.24725681, 57.77252277, 172.575990900207699 ], [ -5.24716775, 57.77250431, 172.910804699384613 ], [ -5.24707858, 57.77249536, 173.156913708173676 ], [ -5.24699084, 57.77248781, 173.513243489842182 ], [ -5.24690362, 57.77246125, 173.911094616376801 ], [ -5.24681025, 57.77245998, 174.275728449035824 ], [ -5.24672719, 57.77244442, 174.603747727425883 ], [ -5.24665835, 57.77241212, 174.905344232727231 ], [ -5.24658859, 57.77238687, 175.180896164925883 ], [ -5.24651206, 57.77236214, 175.351511224914731 ], [ -5.24637757, 57.77234775, 175.629326907462172 ], [ -5.24631684, 57.77230516, 175.847880723031352 ], [ -5.24623054, 57.7723083, 175.947154404671977 ], [ -5.24614521, 57.77228725, 176.08228787547975 ], [ -5.24607703, 57.77226038, 176.088704741237279 ], [ -5.24599349, 57.77222655, 176.118524774719418 ], [ -5.2459102, 57.77219281, 176.314808387651908 ], [ -5.2458365, 57.77217046, 176.199303714102797 ], [ -5.24576094, 57.77214847, 176.190999118155531 ], [ -5.24568909, 57.77211153, 176.253281135454642 ], [ -5.24561855, 57.77207356, 176.311788782287778 ], [ -5.24554037, 57.77203725, 176.300842236005707 ], [ -5.24545494, 57.7720133, 176.280835783717748 ], [ -5.24536311, 57.77199339, 176.161556194745941 ], [ -5.24526763, 57.77198179, 175.961498756304252 ], [ -5.2451793, 57.77196937, 175.745209780997328 ], [ -5.24508311, 57.77196205, 175.548549602949066 ], [ -5.24499603, 57.77196473, 175.298666223694028 ], [ -5.24490486, 57.77195674, 175.036326222996479 ], [ -5.24481797, 57.77194258, 174.547128355739233 ], [ -5.24472792, 57.77192786, 174.10473573401768 ], [ -5.2446527, 57.77190712, 173.806913599182309 ], [ -5.24455989, 57.77188297, 173.458511303388519 ], [ -5.24447731, 57.77187193, 173.137663655857807 ], [ -5.24438358, 57.77184961, 172.796810645952689 ], [ -5.24430343, 57.7718229, 172.435951183759613 ], [ -5.24421368, 57.77180962, 172.320446510210502 ], [ -5.24414263, 57.77176251, 172.270620569397153 ], [ -5.2440539, 57.77174134, 172.14303638447808 ], [ -5.2439682, 57.77171459, 172.148698485133764 ], [ -5.24388177, 57.77167846, 172.06829774573643 ], [ -5.24379313, 57.77167415, 171.915800317932309 ], [ -5.24371733, 57.77169725, 171.57079473757517 ], [ -5.24361978, 57.7717142, 171.767832570652729 ], [ -5.24353316, 57.77172156, 171.780666302167816 ], [ -5.24344209, 57.77171397, 171.663651008501517 ], [ -5.24335279, 57.7717003, 171.53870877391725 ], [ -5.2432563, 57.77167578, 171.220880731750668 ], [ -5.24317598, 57.77165946, 171.047245521440971 ], [ -5.2431302, 57.77161384, 170.961937991446547 ], [ -5.243086, 57.77157385, 170.622594511745092 ], [ -5.24300491, 57.77154866, 170.433860729658051 ], [ -5.2429295, 57.77152749, 170.144343190769916 ], [ -5.24284738, 57.77151535, 169.684587701965512 ], [ -5.24276012, 57.7714859, 169.605319382699321 ], [ -5.24268352, 57.77145763, 169.536242844613383 ], [ -5.24261792, 57.77142282, 169.661562189270199 ], [ -5.24255128, 57.77139339, 169.358833263837738 ], [ -5.2424605, 57.77136713, 169.180291262930922 ], [ -5.24237083, 57.77134572, 169.139524683166684 ], [ -5.24227101, 57.77133737, 169.029303910287211 ], [ -5.24218021, 57.77133113, 169.162550195861996 ], [ -5.24208134, 57.77132047, 169.189727734052582 ], [ -5.24198524, 57.77131125, 169.21652816217059 ], [ -5.24190112, 57.77129901, 169.31504707870937 ], [ -5.24180052, 57.77129381, 169.213508556806488 ], [ -5.24170135, 57.77129293, 169.319576759233939 ], [ -5.24161634, 57.77128707, 169.515105062107807 ], [ -5.24152184, 57.77129552, 169.313537548505707 ], [ -5.24142181, 57.77129456, 169.221058387651908 ], [ -5.2413535, 57.77126548, 169.555117421726948 ], [ -5.2412714, 57.77123694, 169.591354320966644 ], [ -5.24117361, 57.77121542, 169.770651631932026 ], [ -5.24108263, 57.7711916, 169.841238245178403 ], [ -5.24100591, 57.77117117, 170.071493917088276 ], [ -5.24092854, 57.77115269, 170.041296773533588 ], [ -5.24083972, 57.7711269, 169.768010226553969 ], [ -5.24076408, 57.77110364, 169.742719873596371 ], [ -5.24067622, 57.77108639, 169.679305436166118 ], [ -5.24059486, 57.77106925, 169.569084663286674 ], [ -5.24053204, 57.77103826, 169.325240494759868 ], [ -5.24045187, 57.77101022, 169.292777965986176 ], [ -5.24040285, 57.77096974, 169.108950429539448 ], [ -5.24033475, 57.77093429, 169.025907739807309 ], [ -5.2402688, 57.77089553, 167.862929158787495 ], [ -5.2402033, 57.77085284, 167.426954492736996 ], [ -5.24014263, 57.77081084, 167.090630618399672 ], [ -5.2400936, 57.77077313, 166.722599525347221 ], [ -5.24001648, 57.77073398, 166.223964642011566 ], [ -5.23996463, 57.77069799, 165.711363062072934 ], [ -5.23992745, 57.77065601, 165.390892524614799 ], [ -5.23987298, 57.7706191, 165.383720348798676 ], [ -5.23982382, 57.77057169, 165.193854146580463 ], [ -5.23980704, 57.77052054, 165.022106666460502 ], [ -5.23978514, 57.77047541, 164.803175740818745 ], [ -5.23981393, 57.77043296, 164.585377235308158 ], [ -5.23977499, 57.77047577, 164.715226805446264 ], [ -5.23977364, 57.77053001, 164.564238907845805 ], [ -5.23968093, 57.77053098, 165.140633125200736 ], [ -5.2396034, 57.7705124, 165.552827513454076 ], [ -5.23952019, 57.77049791, 165.452043756653012 ], [ -5.2394308, 57.77049561, 165.600765724077689 ], [ -5.23933828, 57.77050967, 165.555847118818207 ], [ -5.23923462, 57.7705173, 165.741184730425346 ], [ -5.23913969, 57.77052638, 166.145453267674213 ], [ -5.23905916, 57.77054139, 165.943885754072113 ], [ -5.23893685, 57.77051966, 166.230006032566791 ], [ -5.23889486, 57.77047323, 166.419872234785004 ], [ -5.2388236, 57.77043999, 166.457618119271586 ], [ -5.23875871, 57.77040138, 166.565574051888774 ], [ -5.23871157, 57.77036137, 166.498762354065121 ], [ -5.23861762, 57.77032188, 166.715806639430639 ], [ -5.23853372, 57.7703002, 166.869058287379858 ], [ -5.23845385, 57.77026557, 166.878872413530814 ], [ -5.23838403, 57.77023934, 167.201229591265189 ], [ -5.23831799, 57.77020607, 167.350706868748432 ], [ -5.2382884, 57.77012766, 167.580961995701557 ], [ -5.23820348, 57.77012243, 167.828202334708266 ], [ -5.2381323, 57.7700975, 168.009009175877338 ], [ -5.23804072, 57.77010356, 168.089787025347221 ], [ -5.23795517, 57.77010052, 168.117719873596371 ], [ -5.23787011, 57.77009924, 168.186796411682309 ], [ -5.23781793, 57.7700625, 168.450269377467748 ], [ -5.23777838, 57.77001374, 168.390251655474174 ], [ -5.23776642, 57.76996179, 168.448758757350561 ], [ -5.23774791, 57.76991673, 168.538218857796977 ], [ -5.23771996, 57.76987403, 168.580494967764906 ], [ -5.23764535, 57.76983758, 168.450645942583549 ], [ -5.23757372, 57.76979757, 168.495564547843031 ], [ -5.23749548, 57.76975998, 168.574832867109222 ], [ -5.23741946, 57.76972635, 168.634095824000951 ], [ -5.23733846, 57.76969883, 168.608805471043354 ], [ -5.23725738, 57.76966924, 168.577475907357524 ], [ -5.23718195, 57.76963322, 168.682412234610609 ], [ -5.23712027, 57.76958982, 168.718649133850278 ], [ -5.23707811, 57.76954593, 169.030437420331879 ], [ -5.23704653, 57.7695038, 169.091964672529144 ], [ -5.23697248, 57.76946824, 169.104043638942358 ], [ -5.23689713, 57.76942764, 169.378840261082416 ], [ -5.23682767, 57.76939066, 169.606453437700736 ], [ -5.2367641, 57.76935714, 169.795187764744526 ], [ -5.23672429, 57.76931046, 169.925036789925883 ], [ -5.23665869, 57.76927194, 170.111883931736713 ], [ -5.23660686, 57.76923595, 170.232673595868988 ], [ -5.23655821, 57.76919177, 170.138683814898002 ], [ -5.23650202, 57.76915231, 170.097162470031918 ], [ -5.23644104, 57.7691183, 170.475007144278578 ], [ -5.23636404, 57.76908208, 170.652039614981703 ], [ -5.23630457, 57.76904633, 170.691296119585502 ], [ -5.23623107, 57.76900906, 170.48255643016725 ], [ -5.23615705, 57.76898285, 170.634298547912778 ], [ -5.23607328, 57.76894923, 170.954768540414165 ], [ -5.23598231, 57.76893404, 171.180116876770199 ], [ -5.23589839, 57.7689038, 171.33034837439854 ], [ -5.2358415, 57.76886552, 171.335632275068207 ], [ -5.23577701, 57.76882496, 171.667426468880961 ], [ -5.23570222, 57.76879931, 171.828227402718852 ], [ -5.2356012, 57.76880169, 172.099249654392963 ], [ -5.23552167, 57.7687817, 172.708860075709936 ], [ -5.2354639, 57.76873564, 173.407552942444028 ], [ -5.23536361, 57.76872982, 173.445299916844135 ], [ -5.23528121, 57.76874073, 173.665363807573783 ], [ -5.23519477, 57.76872903, 173.863911715811781 ], [ -5.23510493, 57.7687295, 174.154939329860326 ], [ -5.23502616, 57.76870732, 174.54599593560809 ], [ -5.23496587, 57.76866864, 174.98159349158604 ], [ -5.23491708, 57.7686263, 174.740014163321547 ], [ -5.23486572, 57.7685855, 174.888359020673676 ], [ -5.23480009, 57.76855401, 175.009526339835219 ], [ -5.23473662, 57.76851226, 175.251860433201557 ], [ -5.23467373, 57.76847459, 175.047272769278578 ], [ -5.23460233, 57.76843649, 174.990274652649106 ], [ -5.23452584, 57.76840565, 174.895152451546977 ], [ -5.23446, 57.76836821, 174.580344559701274 ], [ -5.23438273, 57.7683399, 174.31271956842059 ], [ -5.23427067, 57.76832796, 174.150408014465512 ], [ -5.23425195, 57.76828096, 174.18173812310809 ], [ -5.23427411, 57.7682367, 174.111906819920307 ], [ -5.2342684, 57.76818529, 173.970356483355033 ], [ -5.23421626, 57.76814975, 173.681593709568745 ], [ -5.23415119, 57.76811379, 174.031883735552299 ], [ -5.2340861, 57.76808202, 173.650264145882915 ], [ -5.23401364, 57.76804991, 173.783132776428403 ], [ -5.23395875, 57.76801347, 173.654038516348891 ], [ -5.23395351, 57.76796296, 173.726512314828227 ], [ -5.23392995, 57.76791951, 173.581564717869526 ], [ -5.23388598, 57.76787841, 173.507581389186498 ], [ -5.23382826, 57.76782863, 173.799363768336889 ], [ -5.23374007, 57.76784702, 174.106245264221371 ], [ -5.23370262, 57.76780645, 174.167017751316791 ], [ -5.23363352, 57.76778037, 174.083975061584653 ], [ -5.23356809, 57.76775082, 174.188533188851665 ], [ -5.23349415, 57.76772486, 173.846547213858656 ], [ -5.23341177, 57.76769423, 173.913358911682309 ], [ -5.23332295, 57.76767266, 173.715565768546156 ], [ -5.23325246, 57.76764732, 173.770298499956596 ], [ -5.23318442, 57.76761041, 173.821256315944311 ], [ -5.23310347, 57.76757982, 173.697447591404682 ], [ -5.23303161, 57.76754412, 173.732174960440688 ], [ -5.23295843, 57.76751028, 173.628371598275493 ], [ -5.23289435, 57.76746695, 173.949974010908051 ], [ -5.23281089, 57.76745296, 173.49588062275933 ], [ -5.23273516, 57.76742785, 173.557407874956596 ], [ -5.23265643, 57.76741074, 173.36791932776768 ], [ -5.23255896, 57.76740074, 173.472477455034721 ], [ -5.23247551, 57.76739135, 173.356972236528861 ], [ -5.23237915, 57.76738784, 173.939027464625951 ], [ -5.23231643, 57.76735323, 173.99074059067226 ], [ -5.23222667, 57.76734329, 173.56797676620937 ], [ -5.2321344, 57.76733368, 173.869573271510717 ], [ -5.23204906, 57.76731095, 173.909585086173109 ], [ -5.23196227, 57.76729582, 174.103980968915863 ], [ -5.23186326, 57.76728181, 174.402180213823783 ], [ -5.23177207, 57.76726627, 174.804183365853618 ], [ -5.23168709, 57.76725976, 174.360281213928403 ], [ -5.23160174, 57.76725876, 174.919688039402729 ], [ -5.23151622, 57.76725772, 175.032928417646332 ], [ -5.23143372, 57.76724662, 175.399448890581596 ], [ -5.23134061, 57.76722644, 175.574216521022436 ], [ -5.23124343, 57.76722104, 175.453426856890189 ], [ -5.23116085, 57.76721119, 175.308101604902191 ], [ -5.23107238, 57.76721346, 175.374913302725844 ], [ -5.23098058, 57.76722041, 176.200057934247894 ], [ -5.23088708, 57.76721714, 176.087572866062885 ], [ -5.23078995, 57.76720434, 176.354442547285004 ], [ -5.23069416, 57.76719446, 176.6737795746985 ], [ -5.23060599, 57.76719127, 176.742479002711889 ], [ -5.23052421, 57.76717595, 176.756067499328793 ], [ -5.23046852, 57.76713378, 177.270933374572934 ], [ -5.23041732, 57.76708671, 177.201102071385151 ], [ -5.23034121, 57.76705341, 177.010103449035824 ], [ -5.23026254, 57.76702165, 177.206009406939017 ], [ -5.23019774, 57.76698723, 177.108245255502055 ], [ -5.23012381, 57.76695979, 177.583854626142426 ], [ -5.23003101, 57.76694046, 177.971136861424213 ], [ -5.2299537, 57.76691449, 178.069656322919769 ], [ -5.22988362, 57.76688226, 178.088152155090512 ], [ -5.22981983, 57.76685122, 178.459957618608939 ], [ -5.22974421, 57.7668195, 178.47543384541558 ], [ -5.22972482, 57.766768, 178.321049777335219 ], [ -5.22978443, 57.76673118, 178.268581341230316 ], [ -5.22974933, 57.76666153, 178.375404853716361 ], [ -5.22967671, 57.76663242, 178.401450516732524 ], [ -5.22962081, 57.76659068, 178.506009188956313 ], [ -5.2295527, 57.76655915, 178.717768483738666 ], [ -5.22947887, 57.76652259, 178.521862525835502 ], [ -5.2294068, 57.76649014, 178.631705643685649 ], [ -5.22935129, 57.76644555, 178.506763954058158 ], [ -5.22928004, 57.76640454, 178.296891844508764 ], [ -5.22923964, 57.76635383, 178.319917357204076 ], [ -5.22919223, 57.76630887, 178.217623525242573 ], [ -5.22915092, 57.76626265, 177.825812154392963 ], [ -5.22907277, 57.76622834, 177.638588447466361 ], [ -5.22899069, 57.76619218, 177.480051808933979 ], [ -5.22893404, 57.76614728, 177.379268052132915 ], [ -5.22886696, 57.76611942, 177.433246018441508 ], [ -5.22878425, 57.76609827, 177.434755548645199 ], [ -5.22871495, 57.76607003, 177.531009624921722 ], [ -5.22873309, 57.76602405, 177.603861078430356 ], [ -5.22878264, 57.76598641, 177.949621968846088 ], [ -5.22874126, 57.7659464, 178.011149221043354 ], [ -5.228687, 57.76590749, 178.200638313189017 ], [ -5.22861693, 57.76587325, 178.350870355774106 ], [ -5.22853413, 57.76585067, 178.533942037205463 ], [ -5.22846779, 57.76587838, 178.77929628089268 ], [ -5.22837785, 57.76586888, 179.246223945513236 ], [ -5.2283601, 57.7657888, 179.487047963719135 ], [ -5.22827323, 57.76576128, 179.99625228326434 ], [ -5.22817898, 57.7657539, 180.457140192199887 ], [ -5.22808277, 57.76574582, 180.731559159310649 ], [ -5.22798996, 57.76572954, 180.976158637896049 ], [ -5.22789639, 57.76570989, 180.702872090916401 ], [ -5.22780689, 57.7656925, 180.589254057643529 ], [ -5.22772127, 57.76567559, 180.583214301958549 ], [ -5.2276516, 57.76564977, 180.601710134129291 ], [ -5.22758569, 57.76562158, 180.79082102628891 ], [ -5.22749901, 57.76561986, 180.570002370457416 ], [ -5.22741568, 57.7656106, 180.494886621643246 ], [ -5.2273458, 57.76557987, 180.258591739005141 ], [ -5.22725164, 57.76557122, 180.123458268197368 ], [ -5.22715628, 57.76555434, 179.900374772103618 ], [ -5.22707158, 57.7655454, 179.560275982343597 ], [ -5.22697703, 57.76552618, 179.248865350891293 ], [ -5.22690488, 57.76549258, 178.788354552028295 ], [ -5.22684792, 57.76544725, 178.040591054539448 ], [ -5.22678431, 57.76541164, 178.333883508850278 ], [ -5.22670689, 57.7653815, 178.317652516941791 ], [ -5.22661687, 57.76536671, 177.832983785252338 ], [ -5.22654436, 57.76534293, 177.54233382623309 ], [ -5.22645897, 57.76531061, 176.662834118329926 ], [ -5.22639046, 57.76528068, 176.556010605843852 ], [ -5.22631924, 57.76525664, 176.04793870642979 ], [ -5.22623912, 57.76523832, 175.990941134757094 ], [ -5.22615252, 57.7652177, 175.636121428248998 ], [ -5.22606525, 57.76522415, 175.582521661926449 ], [ -5.22597043, 57.76520463, 175.314142450500668 ], [ -5.22588408, 57.76517937, 175.080867718183441 ], [ -5.22581689, 57.76521466, 175.072941322222221 ], [ -5.22573444, 57.76523001, 175.286965457266859 ], [ -5.22570814, 57.76527917, 174.769834741760434 ], [ -5.22566781, 57.76532865, 174.636589001142426 ], [ -5.22559648, 57.76535497, 174.748319849182309 ], [ -5.22557311, 57.76543099, 174.196461764639906 ], [ -5.22558373, 57.76547685, 174.290451000654144 ], [ -5.22559914, 57.76542686, 174.079447015930356 ], [ -5.22560707, 57.76538203, 174.464464410949887 ], [ -5.22564963, 57.76531713, 174.420678225821547 ], [ -5.2256906, 57.76527354, 174.576950024091644 ], [ -5.22562758, 57.765235, 174.566002932852797 ], [ -5.22564739, 57.76518502, 174.877413564305073 ], [ -5.22566088, 57.7651325, 174.880432624712455 ], [ -5.22559277, 57.76510455, 174.823812163112279 ], [ -5.22549854, 57.76510439, 174.589027355634613 ], [ -5.22540577, 57.76508623, 174.779270667925346 ], [ -5.22546288, 57.7650502, 174.773230912240336 ], [ -5.22554934, 57.76503217, 174.669427005118422 ], [ -5.22549552, 57.76499164, 175.301308174028861 ], [ -5.22540827, 57.76498067, 175.693120089835219 ], [ -5.22535611, 57.76494486, 175.939983863726127 ], [ -5.22542982, 57.7649165, 175.722184813258764 ], [ -5.22550382, 57.76494108, 175.85241094851267 ], [ -5.22554695, 57.76500235, 175.866377100158871 ], [ -5.22544116, 57.76496785, 175.830894966021049 ], [ -5.2253278, 57.7649435, 175.573462300877338 ], [ -5.22524322, 57.76493997, 175.643671259094418 ], [ -5.22516045, 57.76493123, 175.66820684695017 ], [ -5.22506731, 57.76493623, 175.876568881339125 ], [ -5.22497748, 57.76494822, 175.989432149510151 ], [ -5.22488754, 57.76495784, 175.88638355244683 ], [ -5.2248017, 57.76496483, 175.952440485168637 ], [ -5.22471251, 57.76496628, 176.120035939793354 ], [ -5.22461947, 57.7649485, 176.24535528445017 ], [ -5.2245349, 57.76493768, 176.811556630711323 ], [ -5.22444642, 57.76492787, 176.974622404811498 ], [ -5.22435537, 57.76491218, 177.142217859436215 ], [ -5.22424554, 57.76491261, 177.045963783159721 ], [ -5.22413714, 57.76493126, 177.236962950465795 ], [ -5.22404967, 57.76492886, 176.848171184980316 ], [ -5.22397389, 57.764909, 177.009350318804252 ], [ -5.22414642, 57.76494458, 177.277730075186781 ], [ -5.22421331, 57.76497349, 177.487979294808696 ], [ -5.22418521, 57.76501896, 177.574796899963559 ], [ -5.22410084, 57.76501937, 177.986991288216899 ], [ -5.22402014, 57.76499945, 178.275376406973891 ], [ -5.22410986, 57.7649694, 178.234610372166401 ], [ -5.22397628, 57.76496026, 178.330109683341078 ], [ -5.22387947, 57.76494928, 177.917914750130961 ], [ -5.22380843, 57.76492115, 177.942450337986713 ], [ -5.22383172, 57.76487282, 177.855632732831879 ], [ -5.22387388, 57.76483363, 178.087020279916118 ], [ -5.22380662, 57.76479432, 178.156096818002055 ], [ -5.22371224, 57.76477438, 178.742304071594418 ], [ -5.22360605, 57.76475128, 178.665678247619809 ], [ -5.22352743, 57.76473043, 178.585654618295024 ], [ -5.22344041, 57.7647253, 178.654731156380961 ], [ -5.2233457, 57.76471773, 178.641896879909154 ], [ -5.22325463, 57.76469896, 178.641142114807309 ], [ -5.22316047, 57.76468485, 178.589051878688451 ], [ -5.22306434, 57.76467643, 178.746833207162211 ], [ -5.22297945, 57.76466453, 178.626798308131811 ], [ -5.22287885, 57.76465074, 178.346717785322113 ], [ -5.22278038, 57.76462938, 178.185916851484222 ], [ -5.22270368, 57.7646083, 178.126654439549213 ], [ -5.22262477, 57.76458721, 178.237629977530531 ], [ -5.22254465, 57.76457233, 177.973024591613949 ], [ -5.22246276, 57.76454899, 177.977931927167816 ], [ -5.22238946, 57.76452434, 177.914894599810111 ], [ -5.22231109, 57.76449268, 178.051161035705746 ], [ -5.22229151, 57.76444841, 178.191956607169203 ], [ -5.22230268, 57.76440336, 178.275754606959936 ], [ -5.222386, 57.76441832, 178.17044116963433 ], [ -5.2224849, 57.76442302, 178.071922253095551 ], [ -5.22257102, 57.76444988, 177.93490159705479 ], [ -5.22266781, 57.76443825, 177.762398806876234 ], [ -5.22275847, 57.7644322, 177.952265009094418 ], [ -5.21889255, 57.76376643, 178.047764320269096 ], [ -5.21880983, 57.76374199, 178.04700955516725 ], [ -5.21871486, 57.76372308, 177.760133966613949 ], [ -5.21863061, 57.76371258, 177.779385108843314 ], [ -5.21854711, 57.76369259, 177.584611571071264 ], [ -5.21847296, 57.76365727, 177.294339267081313 ], [ -5.21841845, 57.76361967, 177.054269469020483 ], [ -5.21836939, 57.76358233, 176.766639115365336 ], [ -5.21830699, 57.76354358, 176.395965527021332 ], [ -5.21823719, 57.76351463, 176.279705543413627 ], [ -5.2181561, 57.76348297, 176.220443131478618 ], [ -5.2180762, 57.76346199, 176.100408232448217 ], [ -5.21800101, 57.76342598, 175.995094795122611 ], [ -5.21794046, 57.76338986, 175.85996077935809 ], [ -5.2178788, 57.76335211, 175.865999990086323 ], [ -5.21782431, 57.76330682, 175.570442695513236 ], [ -5.21778628, 57.76326133, 175.226947190316508 ], [ -5.2177334, 57.76322031, 175.171459693804252 ], [ -5.21767456, 57.763186, 174.73963650829225 ], [ -5.21761843, 57.76314902, 175.256011913740082 ], [ -5.2175757, 57.76310539, 175.28922920761562 ], [ -5.21751817, 57.76306057, 175.424362678423392 ], [ -5.21744693, 57.76303161, 175.605924829651059 ], [ -5.21735208, 57.76300893, 175.841464402230571 ], [ -5.21726466, 57.76298406, 176.063792588265727 ], [ -5.21718654, 57.76294943, 176.036992160147719 ], [ -5.21709272, 57.76295788, 176.560162631339125 ], [ -5.21698984, 57.7629166, 176.973867639709653 ], [ -5.21693957, 57.76287992, 177.297734892604467 ], [ -5.21687251, 57.76283751, 177.711062245945698 ], [ -5.21681773, 57.76280259, 178.205922213858656 ], [ -5.21674206, 57.7627743, 178.606037635698783 ], [ -5.2166489, 57.76275011, 179.233389124084653 ], [ -5.21657083, 57.76273252, 178.605282870596938 ], [ -5.21648512, 57.76270465, 178.781937686270766 ], [ -5.21641285, 57.76267628, 178.861960770638774 ], [ -5.21633251, 57.76264763, 179.147326284031635 ], [ -5.21624956, 57.76263146, 179.045032997026908 ], [ -5.21614952, 57.76264276, 179.031066845380707 ], [ -5.21606271, 57.76263124, 179.328134215114233 ], [ -5.21599109, 57.76259564, 179.121281710928969 ], [ -5.21590726, 57.7625772, 178.95595055160976 ], [ -5.21581098, 57.76257809, 178.987657770324887 ], [ -5.21568544, 57.76256474, 178.893668534310649 ], [ -5.21559345, 57.76254977, 178.768349189653861 ], [ -5.21550418, 57.76252171, 178.643030389953793 ], [ -5.21542668, 57.76248486, 178.270469616376801 ], [ -5.21534315, 57.76247669, 178.975957003897719 ], [ -5.21525421, 57.76244878, 179.084667701616752 ], [ -5.21517813, 57.76242322, 177.687660168134613 ], [ -5.2151002, 57.76238908, 177.645006403137387 ], [ -5.21503754, 57.76235663, 177.76504075721104 ], [ -5.21497233, 57.76232708, 177.772967698129008 ], [ -5.21489921, 57.76230325, 177.653687564200453 ], [ -5.21481411, 57.76227631, 177.772590043099711 ], [ -5.21473454, 57.76224923, 177.880168865644379 ], [ -5.21467517, 57.76221684, 177.795238990679252 ], [ -5.21456946, 57.76215982, 177.922822630641576 ], [ -5.21451923, 57.76212233, 178.239518252677016 ], [ -5.2144828, 57.76207905, 178.287078808271332 ], [ -5.21443996, 57.76202951, 178.86649154107684 ], [ -5.21439993, 57.76198825, 178.900463600054252 ], [ -5.21437692, 57.76194144, 178.81968575058437 ], [ -5.21432807, 57.76190044, 180.214428443804252 ], [ -5.2142901, 57.76185243, 180.549997553039731 ], [ -5.21424214, 57.7618097, 180.568116275137953 ], [ -5.21416708, 57.76177663, 180.73571172976267 ], [ -5.21410236, 57.76174283, 180.909346940072368 ], [ -5.21402976, 57.7617032, 181.004091486145199 ], [ -5.21395889, 57.76166912, 181.050142511535824 ], [ -5.21388915, 57.76163515, 181.073545679260434 ], [ -5.21381694, 57.76159176, 181.055049847089691 ], [ -5.21374348, 57.76156821, 180.902930074314838 ], [ -5.21366239, 57.76155559, 180.875374881094984 ], [ -5.21357632, 57.76154913, 180.642100148777729 ], [ -5.21348902, 57.76155799, 180.346165199175346 ], [ -5.21341143, 57.76153903, 180.274446165797826 ], [ -5.21335618, 57.76149874, 180.20687915791558 ], [ -5.21333044, 57.76145214, 179.619161829162778 ], [ -5.21329544, 57.76140752, 179.404005273986996 ], [ -5.21322847, 57.76137295, 179.166200861145199 ], [ -5.2132016, 57.76132669, 179.038616676226127 ], [ -5.21315545, 57.76128037, 178.784203071489799 ], [ -5.21306622, 57.76126183, 178.959725467032484 ], [ -5.21296357, 57.76124762, 179.150346434352514 ], [ -5.21287081, 57.7612338, 179.297936526602797 ], [ -5.21278218, 57.76122436, 179.601043652021332 ], [ -5.21279704, 57.76117797, 179.83394127426601 ], [ -5.21269915, 57.76118818, 180.20234947739101 ], [ -5.21262544, 57.76115674, 180.636815158194594 ], [ -5.21255024, 57.76109542, 180.916140915902446 ], [ -5.21247996, 57.76106274, 181.165270075012387 ], [ -5.21241892, 57.76102055, 181.713730899161391 ], [ -5.21235531, 57.76097714, 182.088933623073217 ], [ -5.21236943, 57.76092784, 182.305977363481986 ], [ -5.21232562, 57.76088255, 181.800547959359477 ], [ -5.21232683, 57.76083406, 181.962481858285258 ], [ -5.2123429, 57.76078438, 181.843202269313451 ], [ -5.2123667, 57.7607396, 181.421570864981703 ], [ -5.21240403, 57.76068908, 180.622471351519096 ], [ -5.21246382, 57.76064282, 180.383911628618705 ], [ -5.21253776, 57.76061202, 180.310305410008198 ], [ -5.21263904, 57.76060889, 179.784870643511283 ], [ -5.21271861, 57.76057948, 179.358709558654965 ], [ -5.21276072, 57.76053323, 179.174883112121762 ], [ -5.21278959, 57.76049032, 179.083535826442358 ], [ -5.21280744, 57.76043473, 178.613588011500951 ], [ -5.21283626, 57.76038307, 178.479964615853618 ], [ -5.21285459, 57.76032795, 178.644540465114233 ], [ -5.21283364, 57.76028202, 179.28132896957851 ], [ -5.21275051, 57.76031015, 179.489313348938168 ], [ -5.21266929, 57.76029297, 179.334928735901059 ], [ -5.21260539, 57.76026197, 179.702582173924213 ], [ -5.21281385, 57.76015083, 180.392593334638519 ], [ -5.2129025, 57.76011398, 180.575665016069877 ], [ -5.21299393, 57.76008524, 180.432604604344135 ], [ -5.21307209, 57.76005675, 181.062598043064838 ], [ -5.21314667, 57.76003574, 181.14488596769516 ], [ -5.2132289, 57.76000488, 181.077318959812885 ], [ -5.21329948, 57.75997354, 181.125634825465795 ], [ -5.21337946, 57.75994256, 181.220379371538627 ], [ -5.21346362, 57.75991543, 181.417040094543637 ], [ -5.21352834, 57.75988505, 181.033910429713842 ], [ -5.21356966, 57.75983871, 180.895002043483373 ], [ -5.21349843, 57.75981354, 180.557168638942358 ], [ -5.21363593, 57.75983571, 180.787801420924779 ], [ -5.21367801, 57.75978883, 180.613411445513236 ], [ -5.21358375, 57.7597931, 180.659462470903861 ], [ -5.21350237, 57.75981184, 180.641721403834936 ], [ -5.21342014, 57.75982928, 180.704003966090795 ], [ -5.21334133, 57.75984996, 180.565096124817074 ], [ -5.21325765, 57.7598741, 180.878771596531635 ], [ -5.2132006, 57.75991385, 181.125635370422543 ], [ -5.21311594, 57.75993525, 181.319276488063451 ], [ -5.21302619, 57.75994992, 181.714485119306488 ], [ -5.21292762, 57.75995547, 181.720524330034721 ], [ -5.21284114, 57.75995499, 182.267097423993988 ], [ -5.21275449, 57.75995662, 182.612857769452972 ], [ -5.21269985, 57.7598894, 183.004292030230033 ], [ -5.21263342, 57.75985352, 183.112625072919769 ], [ -5.21264085, 57.75980461, 183.444796376805073 ], [ -5.21265424, 57.75975539, 183.670899478262953 ], [ -5.2126703, 57.75971036, 183.696189831220551 ], [ -5.21268848, 57.75965957, 183.980422924482269 ], [ -5.2127029, 57.75961074, 183.934749009164165 ], [ -5.21272827, 57.75955839, 184.04949891761143 ], [ -5.21275109, 57.75951494, 184.114423975158871 ], [ -5.21277821, 57.75946967, 183.908326236075453 ], [ -5.21279929, 57.75941671, 183.963436622515189 ], [ -5.21281065, 57.75936533, 183.97438316879726 ], [ -5.21282263, 57.75931187, 183.932861823931205 ], [ -5.2128366, 57.75926211, 184.040062991446547 ], [ -5.21285502, 57.75920786, 183.898512109924496 ], [ -5.21286058, 57.7591622, 184.041572521650238 ], [ -5.21283846, 57.75911383, 184.178216067618422 ], [ -5.21279407, 57.75907431, 184.248425025835502 ], [ -5.21276479, 57.7590295, 184.458674790414165 ], [ -5.21269491, 57.75898876, 184.63872686648142 ], [ -5.2126574, 57.75894638, 184.900312102077123 ], [ -5.21263086, 57.75889929, 185.132454959219984 ], [ -5.21258588, 57.75885072, 185.261925784415297 ], [ -5.21255363, 57.75880562, 185.428011708836323 ], [ -5.21249124, 57.75876078, 185.484254515407201 ], [ -5.21243438, 57.75872696, 185.441223095380707 ], [ -5.21235825, 57.75870742, 185.52049141464687 ], [ -5.21230006, 57.75867151, 185.186054725542533 ], [ -5.21227805, 57.75861759, 185.53294749113266 ], [ -5.21225735, 57.75857305, 185.525398205243988 ], [ -5.21223029, 57.7585283, 185.473307424168354 ], [ -5.21218352, 57.75848943, 185.236257776428403 ], [ -5.21213013, 57.75845439, 185.255886028730316 ], [ -5.2120641, 57.75842133, 184.840671490156097 ], [ -5.21200017, 57.75838975, 184.92446948994683 ], [ -5.21192235, 57.75836398, 184.503970505746196 ], [ -5.21184811, 57.75833456, 184.576821959254858 ], [ -5.21177158, 57.75830665, 184.739888278311781 ], [ -5.21169917, 57.75827768, 184.786694068804252 ], [ -5.21162635, 57.7582465, 185.055073825186781 ], [ -5.21156135, 57.75821242, 185.006003194432026 ], [ -5.21150235, 57.75817869, 185.566165329964946 ], [ -5.21143786, 57.75814803, 185.365352581464691 ], [ -5.2113558, 57.75812877, 185.507280573059262 ], [ -5.21125745, 57.75810628, 185.52804124549229 ], [ -5.21119729, 57.75806699, 185.528796010594135 ], [ -5.21112873, 57.7580358, 185.70280833097641 ], [ -5.21105521, 57.75799966, 186.153505003688451 ], [ -5.2109895, 57.75797045, 186.17275560096104 ], [ -5.21090318, 57.75795429, 186.464915635140727 ], [ -5.21081889, 57.75794176, 186.422639525172826 ], [ -5.21072375, 57.7579295, 186.413580164123715 ], [ -5.21063337, 57.75791762, 186.31921327308018 ], [ -5.21054809, 57.75791117, 186.470577735796439 ], [ -5.21046266, 57.75789978, 186.340728710615082 ], [ -5.21038756, 57.75787135, 185.977227298087172 ], [ -5.21030457, 57.75785691, 186.382250600437885 ], [ -5.21021529, 57.75784147, 186.436983331848324 ], [ -5.21014449, 57.75781683, 186.575136408020199 ], [ -5.21006474, 57.75779076, 186.786518592730033 ], [ -5.20999845, 57.75775322, 186.474353196175883 ], [ -5.20995946, 57.75770149, 186.652518087010151 ], [ -5.20992926, 57.75765431, 186.766136120283051 ], [ -5.20991014, 57.75760307, 187.044330002816508 ], [ -5.20990586, 57.7575572, 187.134167213335502 ], [ -5.20989505, 57.75750718, 187.307047113586606 ], [ -5.20987907, 57.75746044, 187.658092449628754 ], [ -5.20985461, 57.75741672, 187.781524064095805 ], [ -5.20982863, 57.75737152, 187.868341669250668 ], [ -5.20980754, 57.75732676, 188.488520981820415 ], [ -5.20976808, 57.75728692, 188.44246995642979 ], [ -5.20970884, 57.75724519, 188.899205839870092 ], [ -5.20963646, 57.7572049, 189.509193916216361 ], [ -5.20957038, 57.75716904, 190.234686666111713 ], [ -5.20951457, 57.75712287, 191.206666079825453 ], [ -5.20945388, 57.75708565, 191.775509376421439 ], [ -5.20936428, 57.75707108, 192.504399386710219 ], [ -5.20926283, 57.75708117, 193.037383439095805 ], [ -5.20917389, 57.75709493, 194.003700752153861 ], [ -5.20910337, 57.75712631, 194.96209112429392 ], [ -5.20905942, 57.7571766, 195.462235537833266 ], [ -5.20902379, 57.75722335, 196.336073690037495 ], [ -5.20901644, 57.7572684, 197.529626524684545 ], [ -5.20898383, 57.75731501, 198.384213534659438 ], [ -5.2089608, 57.75736446, 199.456976160217465 ], [ -5.20889283, 57.75739225, 200.36138856604893 ], [ -5.20880968, 57.75740884, 201.118966189688734 ], [ -5.20872399, 57.75742783, 201.961474233250385 ], [ -5.20867955, 57.75746896, 202.690364243539165 ], [ -5.20860623, 57.75749126, 203.48663270667393 ], [ -5.20852995, 57.75752117, 204.301774112052016 ], [ -5.2084995, 57.75756709, 205.216567399056743 ], [ -5.20855104, 57.75763922, 205.916769795994526 ], [ -5.20856927, 57.75769287, 206.582056813816791 ], [ -5.20860319, 57.75774257, 207.462688941851127 ], [ -5.20861183, 57.75779315, 208.059465086696264 ], [ -5.20859981, 57.75784052, 209.074286820443461 ], [ -5.20856465, 57.75788577, 209.715982115504858 ], [ -5.20854709, 57.75793538, 210.628132907218031 ], [ -5.20861417, 57.75797033, 211.426288555585785 ], [ -5.20854166, 57.7580357, 212.191604565107269 ], [ -5.20853653, 57.75808595, 213.139803156067074 ], [ -5.20853492, 57.75813594, 213.662595972229184 ], [ -5.20853754, 57.75819244, 214.459996310538344 ], [ -5.20854111, 57.75824611, 214.946363672424496 ], [ -5.20856304, 57.75829966, 215.559937019243705 ], [ -5.20857665, 57.75835274, 216.452648113691254 ], [ -5.20857781, 57.75840229, 217.159267921343314 ], [ -5.20856833, 57.75844698, 218.207495504002338 ], [ -5.20853528, 57.75853915, 218.711792487993705 ], [ -5.20852416, 57.75858641, 218.725947739632915 ], [ -5.20851246, 57.75863423, 219.203444295506245 ], [ -5.20848793, 57.75867772, 219.489942229030248 ], [ -5.20845392, 57.75871961, 219.911195978332699 ], [ -5.20841264, 57.75876777, 220.599697063886566 ], [ -5.20836738, 57.75881629, 220.529110995596938 ], [ -5.20833255, 57.7588613, 221.201003434212993 ], [ -5.20832932, 57.75891811, 221.348970636535824 ], [ -5.20833741, 57.75897176, 221.76946962073643 ], [ -5.20833724, 57.75901974, 222.288298966439555 ], [ -5.2083419, 57.75906766, 222.330764176400493 ], [ -5.20836318, 57.75911583, 222.810147917506811 ], [ -5.2084028, 57.7591628, 223.220455665483939 ], [ -5.208462, 57.75920588, 224.08485680160976 ], [ -5.20851166, 57.7592433, 225.12402529569809 ], [ -5.20856606, 57.75928011, 226.012395537135717 ], [ -5.20864095, 57.75932477, 226.749590143371762 ], [ -5.20870972, 57.75929416, 227.384868572675629 ], [ -5.2086352, 57.759354, 227.802725061584653 ], [ -5.20862634, 57.75940246, 228.863031610656918 ], [ -5.20859334, 57.7594501, 229.543039545227231 ], [ -5.20853527, 57.75948766, 230.581453274213715 ], [ -5.20845538, 57.75950268, 231.417921562090385 ], [ -5.20836806, 57.75951394, 232.215699827907201 ], [ -5.2082855, 57.75950293, 233.204854098624281 ], [ -5.20821742, 57.75947584, 233.686125569920307 ], [ -5.20815631, 57.75943934, 234.266670722856986 ], [ -5.20808442, 57.7594137, 234.814376236947368 ], [ -5.20801174, 57.75938417, 235.260731784171156 ], [ -5.20792059, 57.75935919, 235.698216797860454 ], [ -5.20783814, 57.75933917, 236.475422946280531 ], [ -5.20776166, 57.7593184, 237.179211431126362 ], [ -5.20765535, 57.75931127, 237.795804928266449 ], [ -5.20756387, 57.75931191, 238.561498320338842 ], [ -5.20747042, 57.75932529, 239.534610154183696 ], [ -5.20740032, 57.75937613, 240.204238025015883 ], [ -5.20735348, 57.7594166, 241.27360393513726 ], [ -5.20728087, 57.75944806, 242.011930689026059 ], [ -5.20720802, 57.75948141, 242.753465875793637 ], [ -5.20714296, 57.75951035, 243.748848184753598 ], [ -5.20710029, 57.75955248, 244.756686842677709 ], [ -5.20714858, 57.75960314, 245.618256928475688 ], [ -5.20704694, 57.75965641, 246.764060107535414 ], [ -5.20703012, 57.75970222, 247.775673680882221 ], [ -5.20700519, 57.75974538, 248.497957997898823 ], [ -5.20698756, 57.75979445, 248.895620024440404 ], [ -5.20697455, 57.75984095, 249.86854303077061 ], [ -5.20697025, 57.75989294, 250.639520595991058 ], [ -5.2069591, 57.75994096, 251.448056308096938 ], [ -5.20695138, 57.75998832, 251.938386867963715 ], [ -5.20695027, 57.76004133, 252.133160405735737 ], [ -5.20694129, 57.7600965, 252.607826183759613 ], [ -5.20693135, 57.76014806, 253.094382100682026 ], [ -5.20690935, 57.76019246, 253.670020190543227 ], [ -5.20689289, 57.76023853, 253.901408010105854 ], [ -5.20687817, 57.76029593, 254.286613687683285 ], [ -5.20683856, 57.76034722, 254.869046298331313 ], [ -5.20680608, 57.76039111, 256.105441725490209 ], [ -5.2067647, 57.7604332, 257.0615675298464 ], [ -5.20686896, 57.76042834, 258.427623154672006 ], [ -5.20681466, 57.76034149, 259.274283223728901 ], [ -5.20688631, 57.76030419, 260.201532859697807 ], [ -5.2068463, 57.76026182, 260.907586184805893 ], [ -5.20677029, 57.76028847, 262.301951495474839 ], [ -5.20670919, 57.76031947, 263.695562041041967 ], [ -5.20663981, 57.76035375, 264.871751463649389 ], [ -5.20659072, 57.76039308, 265.997171352826967 ], [ -5.20652153, 57.76042519, 267.041058354954487 ], [ -5.20646305, 57.76046271, 268.035685626334214 ], [ -5.20638523, 57.76049522, 269.283782909833803 ], [ -5.20631303, 57.76053751, 270.327481356925034 ], [ -5.206259, 57.7605721, 270.683433211085912 ], [ -5.20619321, 57.76061225, 271.303235141104722 ], [ -5.20612367, 57.76063936, 272.040807129891732 ], [ -5.20604953, 57.7606716, 272.828959824593881 ], [ -5.20599434, 57.76070839, 273.483488851170307 ], [ -5.20599162, 57.7607587, 273.976461633850306 ], [ -5.20599702, 57.76080545, 274.491894264116752 ], [ -5.20601446, 57.76085467, 274.657979916059389 ], [ -5.20603274, 57.76090223, 275.471233863726127 ], [ -5.20606352, 57.7609523, 276.373570256809955 ], [ -5.20608859, 57.76099652, 277.228912031886694 ], [ -5.20612325, 57.76104318, 278.195606727495658 ], [ -5.20614245, 57.76109302, 278.72462730942226 ], [ -5.20615925, 57.76114858, 279.151920814409721 ], [ -5.20617501, 57.76120453, 279.653386748073217 ], [ -5.2061761, 57.76127192, 280.165987783055073 ], [ -5.2061569, 57.76132448, 280.641408598659154 ], [ -5.20611428, 57.76136737, 281.169297305411362 ], [ -5.20607652, 57.76141854, 281.5518607601756 ], [ -5.20607848, 57.76147496, 282.386441862819311 ], [ -5.20611253, 57.76152032, 282.763720327000385 ], [ -5.20616685, 57.7615634, 283.546588303597787 ], [ -5.2062492, 57.7615881, 283.72097827900933 ], [ -5.20632232, 57.76161897, 283.441086311235892 ], [ -5.20639472, 57.76164519, 283.450711882350561 ], [ -5.20647176, 57.76166936, 283.622837562456596 ], [ -5.20656019, 57.76167741, 283.938778419390189 ], [ -5.20656725, 57.76174347, 284.114111714939838 ], [ -5.20660596, 57.76179168, 284.352105227774643 ], [ -5.20663352, 57.76183633, 284.52574043808437 ], [ -5.20666761, 57.76188229, 284.415708220241186 ], [ -5.20667961, 57.76192823, 284.366259934457162 ], [ -5.20668375, 57.76198837, 284.490446858982807 ], [ -5.20664953, 57.76203575, 284.33700611104058 ], [ -5.20663777, 57.76208322, 284.320586564095834 ], [ -5.20663701, 57.76213014, 284.488371118713587 ], [ -5.20667377, 57.7621766, 284.708623564479467 ], [ -5.206686, 57.76222901, 284.847719960789448 ], [ -5.20671709, 57.76227994, 285.118741667506811 ], [ -5.20677851, 57.76231662, 285.100811500444877 ], [ -5.20682671, 57.76235756, 285.27237042552855 ], [ -5.20686655, 57.76240461, 285.371078442060366 ], [ -5.20689948, 57.76245292, 285.416751812421694 ], [ -5.2069483, 57.76249921, 285.495264821629291 ], [ -5.20698948, 57.76254696, 285.698908620457416 ], [ -5.20702992, 57.76258868, 285.862918259652474 ], [ -5.20705759, 57.76263302, 286.057691252467748 ], [ -5.20709658, 57.76267571, 286.32720342898142 ], [ -5.20712479, 57.76272748, 286.561610581429818 ], [ -5.20715437, 57.76277829, 286.504613009757065 ], [ -5.20717247, 57.76282313, 286.467055135349995 ], [ -5.20719508, 57.76286971, 286.959839362993705 ], [ -5.20723336, 57.76292029, 287.030992186305639 ], [ -5.20727361, 57.76297104, 287.126114387407767 ], [ -5.20731504, 57.76302153, 287.198776740923392 ], [ -5.20735395, 57.76306924, 287.506790111982241 ], [ -5.20738946, 57.76311299, 287.210289497271049 ], [ -5.20742256, 57.76316635, 287.587002296343314 ], [ -5.20746111, 57.76321426, 287.790646095171439 ], [ -5.20750157, 57.76326164, 287.649095758606165 ], [ -5.20753818, 57.76330618, 287.425823707476127 ], [ -5.20758238, 57.76335684, 287.457342371154994 ], [ -5.20762337, 57.76340779, 287.525475589102768 ], [ -5.20766234, 57.76345011, 287.681935942409154 ], [ -5.20769956, 57.76350071, 287.89331758216224 ], [ -5.20773159, 57.76355289, 287.983910102739799 ], [ -5.20775267, 57.76359872, 288.07752168372474 ], [ -5.20778141, 57.76364395, 288.282108802690971 ], [ -5.20781006, 57.76368746, 288.570494466404682 ], [ -5.2078536, 57.76372665, 288.750169432399389 ], [ -5.20789524, 57.76376877, 289.558327761954331 ], [ -5.20794313, 57.76380848, 289.626649534938451 ], [ -5.20798595, 57.76384826, 289.562291232413315 ], [ -5.20802838, 57.76389403, 290.038655368155503 ], [ -5.2080637, 57.76394101, 290.770754083801478 ], [ -5.20806908, 57.7639878, 291.303549581150776 ], [ -5.20810471, 57.76403586, 291.372437564200425 ], [ -5.20813584, 57.76408272, 291.992994531799525 ], [ -5.20818504, 57.76412979, 292.532585094892397 ], [ -5.20821819, 57.76417833, 292.824178919006499 ], [ -5.20824374, 57.76422168, 293.237883927377027 ], [ -5.20827475, 57.76427169, 293.554013339346909 ], [ -5.20828717, 57.76431781, 293.731611475158843 ], [ -5.20828033, 57.76436621, 294.127574871503725 ], [ -5.20825542, 57.7644116, 294.842875840218824 ], [ -5.20824908, 57.76445645, 295.49872584196271 ], [ -5.2083045, 57.76449829, 296.375583599531069 ], [ -5.20838711, 57.76452759, 297.053326693839097 ], [ -5.20845271, 57.76456255, 297.526293569187885 ], [ -5.20849798, 57.76460464, 297.919992125270426 ], [ -5.20856231, 57.76463987, 298.750609757455152 ], [ -5.20858932, 57.76468975, 299.052206262756499 ], [ -5.20861825, 57.76473752, 299.492333499259018 ], [ -5.20864734, 57.7647896, 300.376362887686753 ], [ -5.20868445, 57.7648357, 300.811960443664702 ], [ -5.20872368, 57.76488489, 301.61124851216357 ], [ -5.2087657, 57.76493114, 302.419029731645992 ], [ -5.20881437, 57.76497078, 303.271163346322339 ], [ -5.20886397, 57.76501347, 303.635797178981363 ], [ -5.20890448, 57.76505549, 304.316938078639566 ], [ -5.20895057, 57.76509336, 305.156615071873432 ], [ -5.20899314, 57.7651337, 306.053478191816225 ], [ -5.20900763, 57.76518111, 307.075094446350249 ], [ -5.20900809, 57.76524059, 308.033485363447085 ], [ -5.20900962, 57.76528919, 308.689335365190914 ], [ -5.20901025, 57.76533721, 309.792673879246479 ], [ -5.20900237, 57.76538388, 311.106638722996479 ], [ -5.2089771, 57.76542698, 312.063330464939838 ], [ -5.20896236, 57.76547349, 313.43485909042812 ], [ -5.20893957, 57.76552431, 314.326814874817046 ], [ -5.208939, 57.76557666, 315.139125229867261 ], [ -5.20893897, 57.7656269, 316.079396879909098 ], [ -5.20894671, 57.76567251, 316.773937721147945 ], [ -5.20896982, 57.76572077, 317.584360890965229 ], [ -5.20897304, 57.76576784, 318.391197700395992 ], [ -5.20896304, 57.76583149, 319.131978122061753 ], [ -5.20894795, 57.76587791, 319.448862299133452 ], [ -5.20890944, 57.7659226, 319.795943619759839 ], [ -5.20887246, 57.76597081, 320.915324025730854 ], [ -5.20887453, 57.76601711, 321.493038128339663 ], [ -5.20889281, 57.76606816, 321.871827212637925 ], [ -5.20890774, 57.76612189, 322.255711642569565 ], [ -5.20892973, 57.76616541, 322.514843482866695 ], [ -5.20894459, 57.76621638, 323.585342358075991 ], [ -5.20896413, 57.76626447, 324.317251973728901 ], [ -5.20899849, 57.76631054, 324.961023554016265 ], [ -5.20905532, 57.7663764, 325.793906026463276 ], [ -5.20909062, 57.76642073, 326.450888448338276 ], [ -5.20911277, 57.76646852, 327.347374458208492 ], [ -5.20911255, 57.76651483, 328.080605593985581 ], [ -5.20909658, 57.76655939, 329.073911890197905 ], [ -5.2090295, 57.7665883, 330.270295775172769 ], [ -5.2089994, 57.76663558, 330.744772725682026 ], [ -5.20900236, 57.76668206, 331.692594206569254 ], [ -5.20903962, 57.76672468, 332.291446636640444 ], [ -5.20909406, 57.76676511, 333.374778698408022 ], [ -5.20915564, 57.76680824, 334.622875164472475 ], [ -5.20921071, 57.76685102, 335.243054477042222 ], [ -5.20926616, 57.76688963, 336.269578067130112 ], [ -5.20930655, 57.76693663, 337.070375665832671 ], [ -5.20933366, 57.76698116, 337.728679062875074 ], [ -5.20932966, 57.76706607, 338.691032360517397 ], [ -5.20931627, 57.76711332, 339.155506629839351 ], [ -5.20930214, 57.76716466, 339.724539026428374 ], [ -5.20927212, 57.76721397, 340.713127087079897 ], [ -5.20926765, 57.76726064, 341.466929795296949 ], [ -5.20924735, 57.7673071, 342.381534527265444 ], [ -5.2092379, 57.76735451, 343.058522311514878 ], [ -5.20922124, 57.76740373, 343.80081280834105 ], [ -5.20919915, 57.76745309, 344.716739060433667 ], [ -5.20915276, 57.76750039, 345.249912757769039 ], [ -5.20910029, 57.76753899, 346.305311971287495 ], [ -5.20901711, 57.76762579, 347.110639250514566 ], [ -5.20896172, 57.76766681, 347.885769386187008 ], [ -5.20891723, 57.76771343, 349.097063287902984 ], [ -5.20888484, 57.76775547, 349.797077674761226 ], [ -5.20886687, 57.76779943, 350.800763762233316 ], [ -5.20884611, 57.76784783, 351.725371175389057 ], [ -5.20888288, 57.76789557, 352.51748761302855 ], [ -5.20891055, 57.76796305, 353.009517075570386 ], [ -5.20893041, 57.76801124, 354.069445969613355 ], [ -5.20891729, 57.76806093, 354.548830255676421 ], [ -5.20893859, 57.7681102, 355.340945603402417 ], [ -5.20894372, 57.76816086, 355.479664344683101 ], [ -5.20894529, 57.76820801, 356.305186631234449 ], [ -5.20895596, 57.76825707, 356.686806765860581 ], [ -5.20895659, 57.76830282, 357.268106683899077 ], [ -5.20895443, 57.76835661, 357.949247038600504 ], [ -5.20895814, 57.7684114, 358.043425374607807 ], [ -5.20895872, 57.76845876, 358.663981797250074 ], [ -5.20896244, 57.76850646, 359.149783494027417 ], [ -5.20897496, 57.76855432, 359.696545143022945 ], [ -5.20896171, 57.76860018, 360.214052423645171 ], [ -5.20895884, 57.7686482, 360.72910739888232 ], [ -5.2089754, 57.7686969, 361.275303382769039 ], [ -5.20901168, 57.76874347, 362.30956481378189 ], [ -5.20904593, 57.76879173, 363.042796494515699 ], [ -5.20907185, 57.76884165, 363.990240865330463 ], [ -5.20908179, 57.76889461, 364.778770397626772 ], [ -5.20909995, 57.76894129, 365.596177188223862 ], [ -5.209121, 57.76900476, 366.272410752328199 ], [ -5.20913291, 57.76905563, 366.853522115330463 ], [ -5.20915861, 57.76910555, 367.477475798366129 ], [ -5.20917056, 57.76915533, 368.221653480425289 ], [ -5.20916109, 57.76920606, 368.992442490609449 ], [ -5.20913288, 57.76925107, 369.839480759652417 ], [ -5.20910434, 57.76929428, 370.226762994934234 ], [ -5.20905274, 57.76934202, 371.187795317409098 ], [ -5.20900497, 57.76938668, 371.678691269906324 ], [ -5.20897663, 57.76942984, 371.802501084359449 ], [ -5.20893874, 57.76947815, 372.509497457127338 ], [ -5.20889705, 57.76951772, 373.171763779671949 ], [ -5.20885803, 57.76959832, 373.411266822710445 ], [ -5.2088198, 57.76964804, 373.662848287205463 ], [ -5.20878213, 57.76969858, 373.71191946291691 ], [ -5.20875677, 57.76975075, 374.286803060154682 ], [ -5.20871093, 57.76979554, 375.114967297040835 ], [ -5.20865033, 57.76983897, 375.314459615330463 ], [ -5.20861039, 57.76987897, 375.365794541390699 ], [ -5.20856115, 57.7699296, 375.320497736145171 ], [ -5.20851152, 57.76996747, 375.672486392325425 ], [ -5.20846325, 57.77001334, 375.799315267185932 ], [ -5.20843137, 57.77005495, 375.935958813154116 ], [ -5.20838877, 57.7700974, 376.390806966404682 ], [ -5.20834907, 57.77013765, 376.416285874398511 ], [ -5.20830548, 57.7701867, 376.487438697710445 ], [ -5.20829139, 57.77023552, 376.451202343427553 ], [ -5.20828518, 57.77028716, 376.737700276951557 ], [ -5.20828391, 57.77033392, 377.161407421552553 ], [ -5.20827965, 57.7703886, 377.361842515023511 ], [ -5.20824805, 57.77044185, 377.658155119655191 ], [ -5.20820966, 57.77048554, 378.220203895464351 ], [ -5.20813556, 57.770522, 378.853406584498941 ], [ -5.20807119, 57.77055419, 379.595507981332105 ], [ -5.20802507, 57.770595, 380.162464637651851 ], [ -5.20797561, 57.77063332, 380.727911763767963 ], [ -5.20795136, 57.77068454, 381.311477611982241 ], [ -5.20793489, 57.77073037, 381.937885780229976 ], [ -5.20794898, 57.77078586, 382.580524940386226 ], [ -5.20796544, 57.77083481, 382.798134890860581 ], [ -5.20804634, 57.77089692, 383.874294776812008 ], [ -5.20803571, 57.77094236, 384.438986592869526 ], [ -5.20802158, 57.77099323, 385.160327317269605 ], [ -5.20799433, 57.77104371, 385.608570594683101 ], [ -5.20795973, 57.77109267, 386.0766306794348 ], [ -5.2079232, 57.77114352, 386.323872108354976 ], [ -5.20788726, 57.77119155, 386.659629772626772 ], [ -5.20785544, 57.7712396, 387.167134917018473 ], [ -5.20783956, 57.77129118, 387.697288464033022 ], [ -5.207816, 57.77133534, 388.057958281276285 ], [ -5.20779218, 57.77138383, 388.383901274440348 ], [ -5.20776441, 57.77143263, 388.620762367144039 ], [ -5.20773561, 57.7714855, 388.754574317827633 ], [ -5.20769835, 57.77153396, 389.673331075291401 ], [ -5.20765157, 57.77157225, 389.979835461103335 ], [ -5.2076168, 57.77161586, 390.411092436549723 ], [ -5.20756419, 57.77166099, 390.547170317409098 ], [ -5.20748443, 57.77169694, 391.032215614214351 ], [ -5.20740701, 57.77173072, 391.514807515721088 ], [ -5.2073416, 57.7717677, 392.034580726519039 ], [ -5.20728058, 57.77181383, 392.524911013907456 ], [ -5.20723564, 57.77186438, 392.838021365469956 ], [ -5.2071953, 57.77191363, 392.999199954337143 ], [ -5.20716453, 57.77196008, 393.326087902509585 ], [ -5.20713865, 57.77200882, 393.740735686061441 ], [ -5.20712913, 57.7720641, 394.072717889953765 ], [ -5.20710648, 57.77211692, 394.644015671761792 ], [ -5.20708619, 57.77217219, 394.87804625909439 ], [ -5.20709661, 57.77222386, 395.053568109680327 ], [ -5.2071266, 57.77227447, 395.257778663530758 ], [ -5.20715074, 57.77231975, 395.84568454731982 ], [ -5.20717804, 57.77236743, 395.849460007699292 ], [ -5.20720923, 57.77241234, 396.054614426644605 ], [ -5.20724019, 57.77246154, 396.366402713126206 ], [ -5.20727284, 57.77250935, 396.440574596845522 ], [ -5.20730195, 57.77255628, 396.603451270952633 ], [ -5.2073289, 57.77260547, 397.081891691920816 ], [ -5.20735532, 57.77265285, 397.398209658926987 ], [ -5.20738447, 57.77269738, 397.654887558968824 ], [ -5.2074164, 57.77274615, 398.080293878723296 ], [ -5.20744554, 57.77280191, 398.479277425389057 ], [ -5.20746706, 57.77284793, 398.8395701325598 ], [ -5.20749154, 57.77290111, 399.155322434457105 ], [ -5.20751928, 57.77294417, 399.5210886872473 ], [ -5.20754575, 57.77298715, 399.883834789716616 ], [ -5.20757041, 57.77303055, 400.586490036996167 ], [ -5.20759453, 57.77307565, 400.983207653486147 ], [ -5.20762145, 57.77312081, 401.550541419878414 ], [ -5.20766866, 57.77316965, 402.127501302342182 ], [ -5.2077111, 57.77320994, 402.692381673435932 ], [ -5.20776551, 57.77324983, 403.357479591265133 ], [ -5.20779838, 57.77329513, 403.690782770324859 ], [ -5.20780321, 57.77334361, 404.232260518650776 ], [ -5.20780215, 57.77339593, 404.823940772905758 ], [ -5.20781308, 57.77344053, 405.278411816083803 ], [ -5.20783317, 57.77348777, 405.834609936200991 ], [ -5.20784713, 57.77353883, 406.442898292437008 ], [ -5.20786926, 57.77358804, 406.946627976449292 ], [ -5.20787921, 57.77364015, 406.948892816711577 ], [ -5.2078696, 57.77368494, 406.998907857517963 ], [ -5.2078756, 57.77373243, 407.53302541994816 ], [ -5.20786496, 57.7737784, 407.820844328639566 ], [ -5.20787704, 57.77383154, 408.284563287902984 ], [ -5.20786979, 57.77387671, 408.643913219892397 ], [ -5.20786417, 57.7739234, 408.393085975542476 ], [ -5.20785921, 57.77398048, 408.614282831360015 ], [ -5.20786311, 57.77403409, 408.984013099565914 ], [ -5.20787313, 57.77408248, 409.382808091195386 ], [ -5.20787354, 57.77413101, 409.742156933271303 ], [ -5.20789504, 57.77417446, 410.148500665832671 ], [ -5.20791432, 57.77422196, 410.660913690735015 ], [ -5.20794119, 57.77426536, 411.051404631373941 ], [ -5.20793324, 57.77431608, 411.912407962149643 ], [ -5.20792781, 57.77436531, 412.424065676993393 ], [ -5.20790837, 57.77442009, 412.776619998282456 ], [ -5.2078943, 57.77447, 413.227694870980542 ], [ -5.20788072, 57.77455174, 413.631773763279682 ], [ -5.20787935, 57.77460599, 414.081336925947085 ], [ -5.20788727, 57.77465967, 414.86212916227521 ], [ -5.20791192, 57.77470412, 415.490423970799213 ], [ -5.20793475, 57.77474797, 416.075875369376206 ], [ -5.20795186, 57.77479547, 416.492222328081539 ], [ -5.20795523, 57.77484824, 416.758337789158588 ], [ -5.20795876, 57.77489822, 417.465335251839917 ], [ -5.20792016, 57.7749443, 417.741452849147379 ], [ -5.2079206, 57.77499896, 417.748247369934234 ], [ -5.20794002, 57.77504973, 418.025687032322651 ], [ -5.20794448, 57.77510087, 418.524698480774077 ], [ -5.2079358, 57.77516764, 419.146765523533588 ], [ -5.20794698, 57.77521641, 419.51253068641023 ], [ -5.20792601, 57.77526571, 420.181025864632886 ], [ -5.20791159, 57.77531209, 420.674943057364487 ], [ -5.20788865, 57.77535677, 421.009378656555327 ], [ -5.20787985, 57.77540353, 421.806778994864487 ], [ -5.20784593, 57.77545042, 422.165750726867827 ], [ -5.20782569, 57.77550008, 422.343915617702066 ], [ -5.20780491, 57.7755478, 423.12697160437898 ], [ -5.20778124, 57.77559104, 423.47782784042812 ], [ -5.2077482, 57.77563861, 424.06969664971939 ], [ -5.20769991, 57.77570892, 424.856528096775776 ], [ -5.20765275, 57.77575108, 425.348367914367827 ], [ -5.20760991, 57.77579351, 425.913059730425289 ], [ -5.20758695, 57.77584229, 426.179552301574859 ], [ -5.20751065, 57.77587792, 426.696306451965484 ], [ -5.20749377, 57.77592581, 426.593068754909098 ], [ -5.20747738, 57.7759752, 426.846726504630112 ], [ -5.20744878, 57.77602017, 427.247597781485581 ], [ -5.20743028, 57.77607004, 427.413871715986147 ], [ -5.20737184, 57.77610588, 427.558065092799723 ], [ -5.20740039, 57.77617595, 427.917980689897945 ], [ -5.20738593, 57.77623226, 427.755669680899643 ], [ -5.20737078, 57.77627968, 427.414061360935932 ], [ -5.2073629, 57.77632458, 427.14002004885441 ], [ -5.20738621, 57.77637756, 426.937320115121167 ], [ -5.20740678, 57.7764283, 426.908443946733883 ], [ -5.20739431, 57.77648192, 426.783124602077066 ], [ -5.20735259, 57.77652726, 426.593258399858883 ], [ -5.20730924, 57.77656827, 426.185781157252848 ], [ -5.20726796, 57.77661278, 425.880033171413004 ], [ -5.20723214, 57.77665769, 425.487655590497866 ], [ -5.20721144, 57.77670249, 425.281935506443745 ], [ -5.20720811, 57.7767509, 424.938063436131245 ], [ -5.20720769, 57.776799, 424.789341468706539 ], [ -5.20721831, 57.77685003, 424.105558073756754 ], [ -5.20720712, 57.77689699, 424.192753333940914 ], [ -5.20718847, 57.7769463, 424.210872056039136 ], [ -5.20717017, 57.77699523, 424.177466207127338 ], [ -5.20716997, 57.77704196, 423.780747500723862 ], [ -5.20717285, 57.77708935, 423.859638709917476 ], [ -5.20716328, 57.77713566, 423.890779718567046 ], [ -5.20715475, 57.7771807, 424.107822914019039 ], [ -5.20712925, 57.77723215, 424.538891334429195 ], [ -5.20710233, 57.77728329, 425.034506612400776 ], [ -5.20708809, 57.77733239, 425.294016107727202 ], [ -5.20707952, 57.77738113, 425.651478309526851 ], [ -5.20707473, 57.77743338, 426.226927571873432 ], [ -5.20705509, 57.77748696, 426.61118965683437 ], [ -5.20703765, 57.77753719, 427.352536833522379 ], [ -5.20703584, 57.77758605, 427.754162330522945 ], [ -5.20704504, 57.77763972, 428.183154465707105 ], [ -5.20705884, 57.77768886, 428.799747962847164 ], [ -5.20705804, 57.77773735, 429.579029579058101 ], [ -5.20705844, 57.77778303, 430.065018740958237 ], [ -5.20703997, 57.77788459, 430.554783363237789 ], [ -5.20702106, 57.77794051, 430.97263985214687 ], [ -5.20701163, 57.77798989, 431.211010475054195 ], [ -5.20700531, 57.7780411, 431.649060881373941 ], [ -5.20698413, 57.77809513, 432.393992783578199 ], [ -5.20696692, 57.77814423, 432.564230733494526 ], [ -5.20695078, 57.77819589, 432.701062834498941 ], [ -5.20689305, 57.77823807, 432.941698297668609 ], [ -5.20683812, 57.77828374, 433.345777189967691 ], [ -5.20681715, 57.77832858, 433.446938601798081 ], [ -5.20678519, 57.77837448, 433.645297410043042 ], [ -5.20676482, 57.77842271, 433.724188619236713 ], [ -5.20679298, 57.77847175, 434.185265628165268 ], [ -5.2067814, 57.77851686, 434.22395646766023 ], [ -5.20677822, 57.77856177, 434.263591172250074 ], [ -5.20674584, 57.77861298, 434.280955674203199 ], [ -5.20673957, 57.77866494, 434.55669616143814 ], [ -5.20671788, 57.77871715, 434.71391182480312 ], [ -5.20667734, 57.77876076, 434.662388343706539 ], [ -5.20664596, 57.77880532, 434.939638361145171 ], [ -5.20664789, 57.77885817, 435.055143034694254 ], [ -5.20665439, 57.77890846, 435.11214006141023 ], [ -5.20666338, 57.77895457, 435.292191592520737 ], [ -5.20666129, 57.77900126, 435.495080081290268 ], [ -5.20668224, 57.77905701, 435.40241236540021 ], [ -5.20668794, 57.77910613, 435.567365324733316 ], [ -5.2066981, 57.77915545, 435.580954366307026 ], [ -5.20671309, 57.77920863, 435.753457156485581 ], [ -5.20674104, 57.77925647, 435.809510318106675 ], [ -5.20676692, 57.77930652, 435.935018217799723 ], [ -5.20678427, 57.77936002, 435.953325494934234 ], [ -5.20680973, 57.77941175, 436.04920191618146 ], [ -5.20682559, 57.77945776, 435.881983026672515 ], [ -5.20681489, 57.77951223, 435.899534993748432 ], [ -5.20680485, 57.77955763, 435.924636791669741 ], [ -5.20678925, 57.77960184, 436.063733732936441 ], [ -5.20678392, 57.77965598, 436.114504083801421 ], [ -5.20677699, 57.77970611, 436.157724603820952 ], [ -5.20676834, 57.7797562, 436.43723946152187 ], [ -5.2067701, 57.77980816, 436.578412688014566 ], [ -5.20675807, 57.77985445, 436.745630487610015 ], [ -5.20675282, 57.77990146, 436.813196405578765 ], [ -5.20674492, 57.77994708, 437.04345153253189 ], [ -5.20673713, 57.77999953, 437.200666105983316 ], [ -5.20673617, 57.78004948, 437.26823311386562 ], [ -5.20672112, 57.78009943, 437.215765767674213 ], [ -5.20670841, 57.78014485, 437.527365499119526 ], [ -5.20668264, 57.78019204, 437.59568672714687 ], [ -5.20667479, 57.78023973, 437.659478274649643 ], [ -5.20665138, 57.78029177, 437.646455988098296 ], [ -5.20667081, 57.78033958, 437.845003351379546 ], [ -5.20665895, 57.78039127, 438.064689587079897 ], [ -5.20660119, 57.78043298, 438.374023388349428 ], [ -5.20655318, 57.78047749, 438.443288481471598 ], [ -5.20654153, 57.78052715, 438.724502514325991 ], [ -5.20651906, 57.78057851, 439.081020851030758 ], [ -5.20648621, 57.7806271, 439.482457792995035 ], [ -5.20648388, 57.78067278, 439.909751842939272 ], [ -5.20646559, 57.78072786, 440.297599743329897 ], [ -5.20645109, 57.78077483, 440.755089846915268 ], [ -5.20643622, 57.78082965, 441.195217628374508 ], [ -5.20641536, 57.78087569, 441.627795578988355 ], [ -5.20636122, 57.78092091, 442.10283873956314 ], [ -5.20634967, 57.78097245, 442.68451685758771 ], [ -5.20632836, 57.78102085, 442.841732520952633 ], [ -5.20632068, 57.78106767, 443.008196100402984 ], [ -5.20631955, 57.78112168, 442.986303007838785 ], [ -5.2063254, 57.78117239, 443.235620721985015 ], [ -5.20631417, 57.78122293, 443.346595715009585 ], [ -5.20627301, 57.78126891, 443.426430789298081 ], [ -5.20621139, 57.78130987, 443.269027660810366 ], [ -5.20614983, 57.78135118, 443.208066618678629 ], [ -5.20609486, 57.78138698, 443.265063645394605 ], [ -5.20602371, 57.78142835, 443.239962937386792 ], [ -5.20598169, 57.78147276, 443.21863550993146 ], [ -5.20593891, 57.78152045, 443.191269961661362 ], [ -5.20590786, 57.78156622, 443.446061221426987 ], [ -5.20586296, 57.78161208, 443.433793155020737 ], [ -5.20582497, 57.78165393, 443.817866684945386 ], [ -5.20577422, 57.78169129, 444.055859107866695 ], [ -5.20572058, 57.78173605, 444.417850990190914 ], [ -5.20564922, 57.78179547, 444.698498268022945 ], [ -5.20561112, 57.78184613, 445.022366065874508 ], [ -5.20557692, 57.78190123, 445.344156488586577 ], [ -5.20551026, 57.78193908, 445.792021566014057 ], [ -5.20546798, 57.7819787, 446.153258138279682 ], [ -5.20546259, 57.78202577, 446.515250020603901 ], [ -5.20545792, 57.78208003, 447.046157787763491 ], [ -5.20546242, 57.78213025, 447.393051098310366 ], [ -5.20545083, 57.78218493, 447.779388378583803 ], [ -5.2054153, 57.78222969, 447.9390574372473 ], [ -5.2053858, 57.78227212, 448.230462161368393 ], [ -5.20535994, 57.78232431, 448.367482817409098 ], [ -5.20531877, 57.78237119, 448.642090884512925 ], [ -5.20526958, 57.78241646, 448.858756969892397 ], [ -5.20521293, 57.78245708, 449.0975047028723 ], [ -5.20515692, 57.78249579, 449.192625814060932 ], [ -5.20509487, 57.78253929, 449.408726234331539 ], [ -5.20503523, 57.78258566, 449.552541411159098 ], [ -5.20497741, 57.7826262, 449.66898994980312 ], [ -5.2049215, 57.7826723, 449.822619797738355 ], [ -5.20487485, 57.78271214, 449.830358183620035 ], [ -5.20482164, 57.78275605, 449.955110773254546 ], [ -5.20479873, 57.78280121, 449.937558806178629 ], [ -5.20477239, 57.78284444, 449.933029125654116 ], [ -5.20474924, 57.78289483, 450.037964907950425 ], [ -5.20474913, 57.78295172, 450.075900437386792 ], [ -5.20473439, 57.78300283, 450.185555545157456 ], [ -5.20473866, 57.78305138, 450.27388322547273 ], [ -5.20474536, 57.78309818, 450.391087074175289 ], [ -5.2047554, 57.783145, 450.576801795854976 ], [ -5.2048046, 57.78318992, 450.527353510070952 ], [ -5.20485007, 57.78322855, 450.609452334708237 ], [ -5.20489193, 57.78327822, 450.698534235168609 ], [ -5.20493577, 57.78332909, 450.710801211661362 ], [ -5.20498189, 57.78336954, 450.745716590776851 ], [ -5.20502244, 57.78341516, 450.745716590776851 ], [ -5.20502506, 57.78346573, 450.900855968915835 ], [ -5.20500972, 57.78351053, 450.865939499886792 ], [ -5.20496563, 57.78355104, 450.826305885210445 ], [ -5.20490769, 57.78359685, 450.808753918134585 ], [ -5.20479937, 57.78366096, 450.649650524579897 ], [ -5.20473154, 57.78370131, 450.317856875723862 ], [ -5.20466771, 57.7837443, 449.995311142953199 ], [ -5.20462301, 57.78378595, 449.611049057992261 ], [ -5.20457609, 57.78382578, 449.335686770743393 ], [ -5.20453066, 57.78387238, 448.845923238377338 ], [ -5.20447445, 57.78391044, 448.262358480076557 ], [ -5.20439438, 57.78393579, 447.888665286368393 ], [ -5.20431385, 57.78395326, 447.420793756652984 ], [ -5.20423567, 57.78397167, 446.810806225263491 ], [ -5.20415483, 57.78400023, 446.165148004699859 ], [ -5.20407442, 57.7840311, 445.502692037205463 ], [ -5.20399605, 57.78406148, 444.885154674970522 ], [ -5.20392292, 57.78409329, 444.2121287263098 ], [ -5.20385253, 57.78412165, 443.410765462498432 ], [ -5.20378533, 57.78415349, 443.047264049970522 ], [ -5.2037256, 57.78419394, 442.504465326477202 ], [ -5.20367356, 57.78423584, 441.988277931108883 ], [ -5.20362191, 57.78427813, 441.430192080801987 ], [ -5.20357288, 57.78431637, 441.031774199245035 ], [ -5.20351697, 57.78436173, 440.675444417576557 ], [ -5.20347301, 57.78441196, 440.039977978193178 ], [ -5.20343454, 57.78445229, 439.479816932573726 ], [ -5.20339677, 57.7845034, 439.100461638209879 ], [ -5.20335894, 57.78454603, 438.800186108075991 ], [ -5.20331896, 57.78458815, 438.590503098519605 ], [ -5.20330137, 57.78463719, 438.40894094729191 ], [ -5.20329397, 57.78469075, 438.02751045761562 ], [ -5.20327781, 57.78473963, 437.601348827802553 ], [ -5.2032665, 57.78479006, 437.067986575430893 ], [ -5.20323777, 57.78484136, 436.676552859610581 ], [ -5.20320099, 57.78489312, 436.340039885280191 ], [ -5.20317171, 57.78494746, 435.953324405020737 ], [ -5.20311907, 57.78498416, 435.551321797947651 ], [ -5.203053, 57.78501509, 435.188010030369526 ], [ -5.20298876, 57.78504416, 434.922084214242261 ], [ -5.20292834, 57.78507795, 434.600104146580463 ], [ -5.20286574, 57.78510943, 434.208858985796383 ], [ -5.20279743, 57.78513938, 433.864797270534098 ], [ -5.20271107, 57.78517125, 433.445431251421383 ], [ -5.20265696, 57.78520613, 432.951515148603335 ], [ -5.2025932, 57.78525266, 432.631799921203765 ], [ -5.20252585, 57.78528857, 432.548190476449292 ], [ -5.20245613, 57.78531881, 432.344546677621167 ], [ -5.20239216, 57.78535693, 432.153169855285796 ], [ -5.20233936, 57.78539819, 431.827982172180327 ], [ -5.20228829, 57.7854378, 431.585647533857241 ], [ -5.2022369, 57.78547516, 431.404273937665835 ], [ -5.20219571, 57.78551936, 431.241019063572651 ], [ -5.20214855, 57.78555742, 431.072479198896303 ], [ -5.20209938, 57.78559975, 431.012460931945952 ], [ -5.20205768, 57.78563917, 430.995852829964917 ], [ -5.20202954, 57.78568897, 430.933570812665835 ], [ -5.2019883, 57.78572949, 431.045301115748941 ], [ -5.20193012, 57.78577344, 431.089464410949859 ], [ -5.20188037, 57.7858099, 431.20025084893814 ], [ -5.20183477, 57.78585816, 431.267063636675289 ], [ -5.20178041, 57.78590036, 431.273292492353335 ], [ -5.20172595, 57.78593473, 431.368226138419175 ], [ -5.20166869, 57.78597565, 431.620374357936441 ], [ -5.2016207, 57.78601895, 431.769284880397379 ], [ -5.20158636, 57.78605998, 431.928765384024643 ], [ -5.20155622, 57.78611196, 432.251688226867827 ], [ -5.20153604, 57.78616315, 432.494022865190914 ], [ -5.20151839, 57.78620747, 432.710501485447651 ], [ -5.20150771, 57.78625317, 432.674830796273511 ], [ -5.20149146, 57.78629939, 432.92999807619816 ], [ -5.20150414, 57.78635974, 433.059091791320952 ], [ -5.20144594, 57.78642194, 433.027196562526285 ], [ -5.20139294, 57.78645799, 433.378241353611713 ], [ -5.20134566, 57.78650256, 433.469399539298081 ], [ -5.20126536, 57.78652604, 433.429953389744526 ], [ -5.20118615, 57.78656088, 433.370690432852768 ], [ -5.20113286, 57.78660608, 432.945472668134585 ], [ -5.20109268, 57.78664618, 432.88017159042812 ], [ -5.20105167, 57.78669249, 432.966800095589917 ], [ -5.20101203, 57.78674186, 432.689550078151285 ], [ -5.2009704, 57.7867821, 432.461559791460445 ], [ -5.20092164, 57.78681913, 432.383989557434234 ], [ -5.20087368, 57.78686032, 432.306419323408022 ], [ -5.20084032, 57.78690484, 431.798348513907456 ], [ -5.20081185, 57.78694928, 431.420125639674723 ], [ -5.20079118, 57.78700215, 431.145140462498432 ], [ -5.20077493, 57.78705688, 430.791076611005678 ], [ -5.2007567, 57.78710199, 430.339247518162495 ], [ -5.20074853, 57.7871581, 430.143907770324859 ], [ -5.200737, 57.78720351, 429.955552188223862 ], [ -5.20071663, 57.78725631, 430.170520188363355 ], [ -5.20069923, 57.78730586, 430.190902660810366 ], [ -5.20067685, 57.78735044, 429.982729181457671 ], [ -5.20065269, 57.7874023, 429.950833952663004 ], [ -5.20062708, 57.78745134, 429.928940860098862 ], [ -5.20056964, 57.78749961, 429.727750456569254 ], [ -5.20051995, 57.78754118, 429.926676019836577 ], [ -5.20046346, 57.78758025, 429.975934660670816 ], [ -5.20041435, 57.78762147, 429.536373634233883 ], [ -5.20033966, 57.78766422, 429.8424998200598 ], [ -5.20027251, 57.7876994, 429.679999166111713 ], [ -5.20019828, 57.7877383, 430.010283284764057 ], [ -5.20011726, 57.78777603, 430.077096072501206 ], [ -5.20005387, 57.78781152, 430.164479887721598 ], [ -5.19999942, 57.78785789, 430.221289449314838 ], [ -5.19995657, 57.78790809, 430.045956153765133 ], [ -5.19991681, 57.78795138, 430.049730524231109 ], [ -5.19989522, 57.78800088, 430.237331886187008 ], [ -5.19989708, 57.7880535, 430.302634053807026 ], [ -5.19991339, 57.78810605, 430.785604155299723 ], [ -5.19980716, 57.78813618, 430.859398928946518 ], [ -5.19982751, 57.78818981, 431.407859753095522 ], [ -5.19982854, 57.78824463, 432.04181666227521 ], [ -5.1998237, 57.78829546, 432.39342711846939 ], [ -5.19981191, 57.788344, 433.060412766488355 ], [ -5.19979829, 57.7883954, 433.559613859889566 ], [ -5.19979173, 57.78844326, 434.215274216683667 ], [ -5.19978282, 57.78849859, 434.622372169390133 ], [ -5.19977153, 57.78854964, 434.828280808480542 ], [ -5.19975842, 57.78859913, 434.944352237051987 ], [ -5.19971973, 57.7886436, 435.515650018860015 ], [ -5.19965239, 57.78867941, 435.832345095938706 ], [ -5.19958621, 57.78871232, 436.245483349286928 ], [ -5.19952711, 57.78874464, 436.304934861214917 ], [ -5.19944919, 57.78876335, 436.409682088474995 ], [ -5.19936766, 57.78874806, 436.450826323268473 ], [ -5.19933443, 57.7888208, 436.837541803527984 ], [ -5.19928684, 57.78886432, 436.744118777579331 ], [ -5.19923122, 57.78890283, 436.496500238586577 ], [ -5.1991751, 57.78894609, 436.319467767883452 ], [ -5.19908535, 57.78896899, 436.113560218706539 ], [ -5.19899901, 57.78899125, 436.247373259303629 ], [ -5.19890808, 57.78900623, 436.334757074524077 ], [ -5.19881791, 57.78902913, 436.768656000305327 ], [ -5.19874345, 57.78905037, 436.530851042506754 ], [ -5.19865775, 57.78907697, 436.360613092590484 ], [ -5.19858157, 57.78911021, 436.287761094125074 ], [ -5.19850752, 57.78913919, 436.131112185782456 ], [ -5.19841958, 57.78915778, 435.75439993166691 ], [ -5.19833994, 57.78917916, 435.660788350682026 ], [ -5.19826885, 57.78920329, 435.504139442339351 ], [ -5.19819473, 57.78923374, 435.405431425807535 ], [ -5.19811616, 57.78926739, 435.400901745283022 ], [ -5.19804365, 57.78930444, 435.163852097543042 ], [ -5.19799672, 57.78934619, 435.278601461033588 ], [ -5.19792284, 57.78936939, 435.145543730495035 ], [ -5.19784777, 57.78940601, 435.260293093985581 ], [ -5.19777127, 57.78944492, 435.15611153183437 ], [ -5.19770763, 57.78948328, 435.352206589730542 ], [ -5.19765045, 57.78952272, 435.502816287344956 ], [ -5.19758705, 57.78956969, 435.568873765023511 ], [ -5.19752851, 57.78960656, 435.708724926435366 ], [ -5.19748741, 57.78965527, 436.337775045017963 ], [ -5.19744252, 57.78970133, 436.543116929086011 ], [ -5.19738462, 57.7897426, 436.873023937665835 ], [ -5.19732178, 57.78977963, 437.324475920436441 ], [ -5.19723792, 57.78981162, 437.581342375514566 ], [ -5.1971684, 57.78984209, 438.157358392883452 ], [ -5.19708431, 57.78986062, 438.34345022463566 ], [ -5.19698891, 57.78988705, 438.522936090637359 ], [ -5.19690928, 57.78990934, 438.689965335196518 ], [ -5.19682652, 57.78994065, 438.667883687596088 ], [ -5.19675159, 57.78997209, 438.533316426853901 ], [ -5.19670823, 57.79001168, 438.479338460545307 ], [ -5.19663237, 57.79008008, 438.486132981332105 ], [ -5.19656469, 57.79011422, 438.426115804295307 ], [ -5.19649307, 57.79014462, 438.37138252792812 ], [ -5.19639321, 57.79016864, 438.305137585126772 ], [ -5.19629876, 57.79020209, 438.169060794180893 ], [ -5.19623367, 57.79023804, 438.003163969752848 ], [ -5.19617176, 57.79028218, 438.077525498421949 ], [ -5.19609026, 57.79030356, 438.043175784415268 ], [ -5.19600283, 57.79030556, 438.078280808480542 ], [ -5.19590796, 57.79032261, 438.190577866586011 ], [ -5.19581411, 57.79033939, 438.341942874259018 ], [ -5.1957276, 57.79036649, 438.797169227495601 ], [ -5.19565887, 57.79039281, 439.248620120352768 ], [ -5.19557738, 57.7904277, 439.472080726519039 ], [ -5.19551592, 57.79046286, 439.808781165972164 ], [ -5.19548607, 57.79051398, 440.137178644348296 ], [ -5.19546688, 57.7905617, 440.280049956080973 ], [ -5.19548851, 57.79060708, 440.381210277997866 ], [ -5.19550105, 57.79065715, 440.249850632699292 ], [ -5.19545733, 57.79073834, 439.93088962544482 ], [ -5.19544064, 57.79078618, 439.594943406136792 ], [ -5.19540338, 57.79082853, 439.117823960336011 ], [ -5.19536133, 57.79087417, 438.578988162344956 ], [ -5.19531388, 57.79091975, 438.101113406485581 ], [ -5.19527902, 57.7909647, 437.266154648812574 ], [ -5.19524277, 57.79101062, 436.342302545715484 ], [ -5.19521638, 57.79105979, 435.207257902858316 ], [ -5.19518499, 57.79110262, 433.840258957894605 ], [ -5.1951419, 57.79114938, 432.479299223659098 ], [ -5.19509709, 57.79119459, 431.254793390442046 ], [ -5.19502196, 57.79122652, 430.121635387861147 ], [ -5.19494162, 57.79125265, 428.997536746329331 ], [ -5.1948628, 57.79127997, 427.86626647393814 ], [ -5.19478669, 57.79130812, 426.927882554086011 ], [ -5.19470286, 57.79132544, 425.721683998003414 ], [ -5.19462007, 57.79133995, 424.524734447919741 ], [ -5.19454614, 57.79136572, 423.490284461870601 ], [ -5.19446483, 57.79138984, 422.401856509512925 ], [ -5.19438803, 57.79141637, 421.475362456080973 ], [ -5.19430415, 57.79144632, 420.567929899928629 ], [ -5.19425679, 57.79148675, 419.903209092171949 ], [ -5.19422937, 57.79153227, 419.580851914437574 ], [ -5.19416011, 57.79156977, 418.90877092078523 ], [ -5.19410045, 57.79160588, 418.121562363656324 ], [ -5.19404387, 57.79163983, 417.336618646789702 ], [ -5.19397596, 57.79167139, 416.62056291297273 ], [ -5.19392334, 57.79171556, 416.206480794529682 ], [ -5.19389564, 57.79176228, 415.617252845659664 ], [ -5.19386382, 57.79180928, 415.388318693873941 ], [ -5.19381176, 57.79185574, 415.078039937596088 ], [ -5.19374939, 57.79189689, 414.686039466753414 ], [ -5.19367161, 57.79192139, 413.906757850542476 ], [ -5.19359296, 57.79193859, 413.605727010349995 ], [ -5.19351185, 57.7919521, 413.287332758117827 ], [ -5.19341883, 57.79196938, 412.530698454616129 ], [ -5.19332848, 57.79199471, 411.971290539228335 ], [ -5.19324961, 57.79202308, 411.65214206685107 ], [ -5.19316289, 57.79205375, 411.486055597473296 ], [ -5.19308793, 57.79208786, 411.16388697477521 ], [ -5.19302316, 57.79212308, 410.703942385977768 ], [ -5.19296721, 57.79216485, 409.881628804783588 ], [ -5.19290913, 57.7922043, 409.434519037414702 ], [ -5.19284378, 57.79224242, 408.876621742144039 ], [ -5.19276729, 57.79227753, 408.377232093706539 ], [ -5.19269862, 57.7923106, 407.858025637930893 ], [ -5.19261079, 57.79233098, 407.478481788530758 ], [ -5.19252127, 57.7923628, 406.80036158415021 ], [ -5.19246288, 57.79239748, 406.332112944362223 ], [ -5.19239976, 57.79243746, 405.612093195129546 ], [ -5.1923404, 57.79247842, 404.940200756513491 ], [ -5.19228898, 57.792523, 404.247169445478335 ], [ -5.19220772, 57.79254828, 403.303311980006754 ], [ -5.19213169, 57.79256992, 402.39757750909439 ], [ -5.19207304, 57.79261221, 401.3693552888098 ], [ -5.19208817, 57.79266571, 400.811457993539136 ], [ -5.19207895, 57.79271442, 399.914217218567046 ], [ -5.19205224, 57.79277168, 398.765583534136226 ], [ -5.19199341, 57.79280867, 397.81021222240355 ], [ -5.19193683, 57.79284647, 396.615149312596088 ], [ -5.1919273, 57.79289119, 395.763771007978335 ], [ -5.19189521, 57.79293794, 394.718562485726636 ], [ -5.19184891, 57.7929848, 393.272295221496734 ], [ -5.19173074, 57.79300404, 392.06364327011562 ], [ -5.19164382, 57.79300345, 390.737600004909098 ], [ -5.19155461, 57.793017, 389.314735363447085 ], [ -5.19149418, 57.79305523, 388.020020572012925 ], [ -5.19143587, 57.79309469, 387.032188366376772 ], [ -5.19137922, 57.79313601, 386.04020359028857 ], [ -5.19129476, 57.79315654, 384.983671956639057 ], [ -5.19122272, 57.79313242, 384.07548409042812 ], [ -5.19118964, 57.7930873, 382.890990071873432 ], [ -5.19115872, 57.79304319, 381.603636556248432 ], [ -5.19108865, 57.79301701, 380.657324605564838 ], [ -5.19101774, 57.79304198, 379.485852873561441 ], [ -5.19095016, 57.79308185, 378.36571715753189 ], [ -5.19090991, 57.79312609, 377.442430719543609 ], [ -5.19091441, 57.79317139, 376.615965657810932 ], [ -5.19087067, 57.79321883, 375.726840378793042 ], [ -5.1908454, 57.793267, 374.815256342102202 ], [ -5.19087595, 57.79331499, 373.811003499607807 ], [ -5.19087932, 57.7933678, 372.61254332940689 ], [ -5.19087894, 57.79341336, 371.665665713614487 ], [ -5.19089117, 57.79345842, 370.475699239353901 ], [ -5.19090688, 57.79350959, 369.187401858634018 ], [ -5.19092759, 57.79355557, 368.188811116795307 ], [ -5.19097244, 57.79360169, 367.203054106471598 ], [ -5.19100574, 57.79364713, 365.941934808899077 ], [ -5.19096341, 57.79369171, 364.858980402160796 ], [ -5.19088901, 57.79372275, 363.761871288740053 ], [ -5.19081488, 57.79375728, 362.587947251351636 ], [ -5.19075044, 57.79379281, 361.752799938642397 ], [ -5.19068849, 57.79383237, 361.340794105425289 ], [ -5.19062704, 57.79387485, 360.047589934108316 ], [ -5.19057908, 57.79391947, 359.384568301505112 ], [ -5.19054013, 57.79396895, 358.640767729518473 ], [ -5.19050466, 57.79401187, 357.62556779578523 ], [ -5.19047641, 57.79405888, 356.799101644139057 ], [ -5.19045274, 57.7941027, 355.817497204267397 ], [ -5.19037513, 57.79417755, 354.897042361563706 ], [ -5.19032453, 57.79421908, 354.252328006094956 ], [ -5.1902642, 57.79425067, 353.607802205662495 ], [ -5.19019939, 57.79428851, 352.77416442315689 ], [ -5.19009, 57.79433251, 352.0099802888098 ], [ -5.19002315, 57.79436478, 351.297132170436441 ], [ -5.18997995, 57.79441009, 350.407063026323726 ], [ -5.18993595, 57.79445122, 349.006657142534664 ], [ -5.18991865, 57.79449768, 348.429697260070952 ], [ -5.18991541, 57.79455009, 347.377883861982241 ], [ -5.18990241, 57.79460173, 346.454975623979976 ], [ -5.18989208, 57.79465484, 345.766475083382886 ], [ -5.18988661, 57.79470311, 344.882256594962143 ], [ -5.18988343, 57.7947556, 344.126189046482807 ], [ -5.18987661, 57.79480848, 343.205356548749819 ], [ -5.18988144, 57.7948621, 342.057666184457105 ], [ -5.18987022, 57.79490706, 341.120413594822651 ], [ -5.18984571, 57.79495341, 340.266581894906324 ], [ -5.18980776, 57.79500192, 339.178154487505367 ], [ -5.18978066, 57.79504481, 338.171071139639878 ], [ -5.18974403, 57.79509259, 337.055087994062319 ], [ -5.18971319, 57.79514284, 336.234662143057847 ], [ -5.1896831, 57.79519572, 335.216820803946518 ], [ -5.18965024, 57.79524672, 334.350721037623941 ], [ -5.18961137, 57.79528879, 333.366662657496988 ], [ -5.18957999, 57.79534094, 332.272761159519916 ], [ -5.18953433, 57.79538552, 331.162440659554761 ], [ -5.18951755, 57.79543272, 330.147618380850815 ], [ -5.18949248, 57.79547883, 329.300014991655758 ], [ -5.18944837, 57.79552427, 328.239141687561187 ], [ -5.18936369, 57.79555595, 327.21790308805646 ], [ -5.18928995, 57.79558662, 326.160049934282711 ], [ -5.18920051, 57.79560611, 325.175425344090229 ], [ -5.18911778, 57.79561931, 324.296680401288882 ], [ -5.18903299, 57.79563618, 323.501544903242007 ], [ -5.18895587, 57.79565768, 322.532019429783588 ], [ -5.18887181, 57.79566224, 321.982615285496479 ], [ -5.1887793, 57.79566067, 321.08235490516023 ], [ -5.18868506, 57.79565403, 320.294768693002027 ], [ -5.18859987, 57.79565261, 319.552478196175855 ], [ -5.18850531, 57.79566022, 318.942490119829586 ], [ -5.18841301, 57.79567366, 318.231152621573472 ], [ -5.18835144, 57.79570459, 317.648153528381499 ], [ -5.18828146, 57.79573935, 317.230485594508707 ], [ -5.18819709, 57.79577015, 316.491403803039702 ], [ -5.18813139, 57.79580908, 315.720237137826246 ], [ -5.18805939, 57.7958438, 315.274070145638746 ], [ -5.18800724, 57.79589088, 314.856590766802242 ], [ -5.18795224, 57.79593598, 314.424012816188394 ], [ -5.18791547, 57.79597675, 314.021443454093003 ], [ -5.18785454, 57.79601957, 314.570847598380112 ], [ -5.18778569, 57.7960592, 314.232825093846088 ], [ -5.18773399, 57.79609697, 313.656054311375385 ], [ -5.18768992, 57.7961369, 313.270093596217691 ], [ -5.18766167, 57.79618791, 312.957739099670562 ], [ -5.1876232, 57.79623928, 312.658784544704019 ], [ -5.18762685, 57.79628503, 312.312646544215738 ], [ -5.18754681, 57.79633533, 311.901961686166089 ], [ -5.18747705, 57.7963755, 311.770036375758707 ], [ -5.18743074, 57.79642343, 311.788721307922515 ], [ -5.18737691, 57.7964636, 311.727194055725249 ], [ -5.18733321, 57.79650287, 311.408800348449859 ], [ -5.18728546, 57.79654982, 311.154953498735836 ], [ -5.18724622, 57.79659, 310.87940211149396 ], [ -5.18721834, 57.79663708, 309.663201419180893 ], [ -5.1872103, 57.79668395, 309.433512502293354 ], [ -5.18719875, 57.79672851, 309.486169493434488 ], [ -5.18722468, 57.79677409, 309.436532652614176 ], [ -5.18726863, 57.79682346, 309.329142930062574 ], [ -5.18733553, 57.79685191, 309.268370442967182 ], [ -5.18736717, 57.79689606, 309.199293904881245 ], [ -5.18732791, 57.79694123, 309.245722585301166 ], [ -5.18731595, 57.79699665, 309.182496702907144 ], [ -5.18727996, 57.79704301, 309.165321845903804 ], [ -5.18722823, 57.79707932, 308.82692223129726 ], [ -5.18716753, 57.79712513, 308.869009786228901 ], [ -5.18714185, 57.7971753, 308.924685837777417 ], [ -5.18705705, 57.79718682, 309.037360005955463 ], [ -5.18706694, 57.79723853, 309.069633434736147 ], [ -5.18708784, 57.79728864, 309.097377182992261 ], [ -5.18709897, 57.79733516, 308.998292056387925 ], [ -5.18713218, 57.79738493, 308.9788523591223 ], [ -5.18720711, 57.79741164, 309.050949047529116 ], [ -5.18722954, 57.7974628, 309.08926223199478 ], [ -5.18724232, 57.79750921, 309.1343699372473 ], [ -5.1872967, 57.79755439, 309.39954098827269 ], [ -5.18730228, 57.79760789, 309.672828080209058 ], [ -5.18729744, 57.79765699, 309.986692651916655 ], [ -5.18729247, 57.79770287, 310.382089838195952 ], [ -5.18728996, 57.79775769, 310.402472855599683 ], [ -5.18729023, 57.79781171, 310.284514241795307 ], [ -5.18739733, 57.79780883, 310.308483074628725 ], [ -5.18735923, 57.79787424, 310.637446218113666 ], [ -5.18734589, 57.79792885, 310.718601722612789 ], [ -5.18732142, 57.79797871, 311.162314774544996 ], [ -5.18733024, 57.79802942, 311.403139337707671 ], [ -5.18736433, 57.79807255, 311.583946178876772 ], [ -5.18739648, 57.79812476, 311.703225767848551 ], [ -5.18743362, 57.79817657, 312.065783315281635 ], [ -5.18746015, 57.79822291, 311.950089541739487 ], [ -5.18747381, 57.79826887, 312.159583996259585 ], [ -5.18749577, 57.7983175, 312.108437080278804 ], [ -5.18751297, 57.79836892, 312.413430845973551 ], [ -5.18753628, 57.79841282, 312.63330563671019 ], [ -5.18756506, 57.79846072, 313.155909897836011 ], [ -5.18758571, 57.79850481, 313.312747906171694 ], [ -5.18760583, 57.79855335, 313.151946427377027 ], [ -5.18763507, 57.79859681, 313.171386124642652 ], [ -5.18765382, 57.7986426, 313.169876049482241 ], [ -5.18767762, 57.79868882, 313.132506730111402 ], [ -5.18768901, 57.79873533, 313.058334301435366 ], [ -5.18770423, 57.79878535, 312.899231997794175 ], [ -5.18774635, 57.79883479, 312.541958895987534 ], [ -5.18778882, 57.79887535, 312.607260518650776 ], [ -5.1878381, 57.79892036, 312.10730466014769 ], [ -5.1878921, 57.79896456, 311.814578415902417 ], [ -5.18793221, 57.79900773, 311.13966637192226 ], [ -5.1879816, 57.7990464, 310.504010832545816 ], [ -5.18802749, 57.79909482, 309.699438318420562 ], [ -5.18806247, 57.79914364, 309.102850728611713 ], [ -5.18810569, 57.7991907, 308.372073533089917 ], [ -5.18814769, 57.79922993, 307.88136559067226 ], [ -5.18819496, 57.79927064, 306.712914553946518 ], [ -5.18823392, 57.79931412, 305.939105938398257 ], [ -5.18826943, 57.79935494, 305.35667305527187 ], [ -5.18829388, 57.79940753, 304.728000591718569 ], [ -5.18831052, 57.79945527, 304.03855564106982 ], [ -5.18833632, 57.79950509, 302.878031545262104 ], [ -5.18835028, 57.79955618, 301.907561661752027 ], [ -5.18837554, 57.79960274, 301.030703904183667 ], [ -5.18838541, 57.79964959, 300.00946530467894 ], [ -5.18839817, 57.79969783, 299.618786353960445 ], [ -5.18842025, 57.7997502, 299.025596024544996 ], [ -5.18843474, 57.79980277, 298.404661401916655 ], [ -5.18845333, 57.79985402, 297.885642956220522 ], [ -5.18848413, 57.7999001, 297.023506660356929 ], [ -5.18850717, 57.79995054, 296.415028659171128 ], [ -5.18853168, 57.80000146, 295.68123131332851 ], [ -5.18854908, 57.80004895, 294.65791642859773 ], [ -5.18857017, 57.800099, 293.664987242457926 ], [ -5.18859292, 57.80015126, 292.906465753723296 ], [ -5.18861463, 57.80020235, 292.420853156939017 ], [ -5.18863155, 57.80025084, 291.852953180481165 ], [ -5.18864492, 57.80029918, 291.520970431632065 ], [ -5.18865958, 57.80034898, 291.260139961138236 ], [ -5.18867413, 57.80040077, 290.384792278730288 ], [ -5.18867921, 57.80045036, 289.957687328779116 ], [ -5.18869165, 57.80049873, 289.377708385908022 ], [ -5.18871659, 57.80054264, 288.707326022452378 ], [ -5.18874641, 57.80059136, 288.222657290762925 ], [ -5.18875386, 57.80063812, 288.043737634826869 ], [ -5.18875449, 57.8006839, 287.585303121189838 ], [ -5.18874704, 57.80072865, 287.345611523115053 ], [ -5.18872333, 57.80078281, 287.337307472124564 ], [ -5.18868873, 57.8008348, 286.977769530055639 ], [ -5.1886717, 57.80087969, 286.847354839765444 ], [ -5.18866366, 57.80092717, 286.725998965567612 ], [ -5.18864769, 57.80097144, 285.929919602425912 ], [ -5.18862932, 57.80101716, 285.836307476484194 ], [ -5.18862976, 57.8010698, 285.739109535112846 ], [ -5.18860833, 57.80112359, 285.501682232343569 ], [ -5.18857781, 57.80116771, 285.145352450675034 ], [ -5.18857888, 57.80121367, 285.089864409206029 ], [ -5.18857952, 57.80126936, 284.848096525905248 ], [ -5.18858604, 57.80132474, 284.824882458173647 ], [ -5.18858874, 57.8013804, 284.630108920401597 ], [ -5.18860411, 57.80142801, 284.242260475054252 ], [ -5.18861127, 57.80148475, 284.05503676812765 ], [ -5.18861392, 57.80153504, 283.767406414472475 ], [ -5.18859645, 57.80158042, 283.512804254699915 ], [ -5.18855795, 57.80162427, 283.336149439026087 ], [ -5.18853375, 57.8016691, 283.27028160629726 ], [ -5.18851538, 57.80171372, 282.961890580209115 ], [ -5.18848521, 57.80176703, 282.562907578500131 ], [ -5.1884687, 57.80181323, 282.389083813154116 ], [ -5.18845097, 57.8018591, 282.11353242591224 ], [ -5.18840638, 57.80190713, 282.01237101408185 ], [ -5.18841231, 57.80195377, 281.92479864382517 ], [ -5.18842489, 57.80200645, 281.318396382908588 ], [ -5.18843587, 57.80205287, 281.244413054225561 ], [ -5.1884234, 57.80210257, 281.098522137128725 ], [ -5.18841284, 57.8021517, 280.758612447361713 ], [ -5.18839331, 57.80220047, 280.475134119201869 ], [ -5.18834766, 57.80224259, 279.811168621503725 ], [ -5.18834274, 57.8022879, 279.345751032043665 ], [ -5.18831768, 57.80233248, 278.973756468532201 ], [ -5.18830612, 57.8023835, 278.410197072605854 ], [ -5.1882964, 57.80243452, 277.833992500200736 ], [ -5.18829738, 57.80248835, 276.832193325483217 ], [ -5.18830639, 57.80253732, 276.269577794651752 ], [ -5.18830983, 57.80258357, 275.239468661612534 ], [ -5.18833149, 57.8026358, 274.356760248352259 ], [ -5.18833539, 57.80268871, 273.549545783892142 ], [ -5.18832442, 57.80273911, 272.545670323948627 ], [ -5.188311, 57.80279147, 271.770729015790835 ], [ -5.18829332, 57.80283772, 270.800070577244526 ], [ -5.18826391, 57.80288757, 270.196499911612534 ], [ -5.18826801, 57.80293902, 269.617841671430483 ], [ -5.1882661, 57.80299117, 268.890272636309135 ], [ -5.18825376, 57.8030368, 267.880357693158999 ], [ -5.1882321, 57.80308236, 267.052759938816791 ], [ -5.18820235, 57.80313135, 266.217990008658433 ], [ -5.18816699, 57.80318397, 265.43323457434974 ], [ -5.1881423, 57.80323632, 264.374437827959525 ], [ -5.18815049, 57.8032882, 263.685370532340073 ], [ -5.18816899, 57.80333514, 263.033672556091517 ], [ -5.18817103, 57.80341534, 262.482947164158588 ], [ -5.18815763, 57.80346343, 261.941092305760151 ], [ -5.18812596, 57.8035156, 261.155770661385873 ], [ -5.18808852, 57.80356967, 260.576735311131245 ], [ -5.18805258, 57.80362005, 259.75989527555646 ], [ -5.1880067, 57.80366862, 258.962683492283588 ], [ -5.18797341, 57.80371188, 258.285128953011849 ], [ -5.18793251, 57.80375207, 258.007312725507632 ], [ -5.18789751, 57.80379405, 257.389586808236459 ], [ -5.18784382, 57.80382998, 257.133475118260151 ], [ -5.18778018, 57.80387371, 256.690705658944466 ], [ -5.18772219, 57.80391831, 256.675795642203354 ], [ -5.18766295, 57.80396169, 256.248690964730599 ], [ -5.18758944, 57.80399242, 256.135262031450736 ], [ -5.18752, 57.80402592, 255.443175130467182 ], [ -5.18745056, 57.8040577, 254.743538671116596 ], [ -5.18737938, 57.80409131, 254.218669842206879 ], [ -5.18731948, 57.80412498, 253.827424408944438 ], [ -5.18728402, 57.80417032, 253.425798639465512 ], [ -5.18724696, 57.80421229, 253.068148155107963 ], [ -5.18720059, 57.8042514, 252.621603780369526 ], [ -5.18716778, 57.8042941, 252.050495098554535 ], [ -5.18714037, 57.80434236, 251.369920953918637 ], [ -5.1870993, 57.80439207, 250.978109310590668 ], [ -5.18706455, 57.80444319, 250.705011318647308 ], [ -5.18703533, 57.80448926, 249.56109559729893 ], [ -5.18701073, 57.80453322, 249.119269730599711 ], [ -5.18698268, 57.80458067, 248.199003442932309 ], [ -5.18694286, 57.80462883, 247.440481954197651 ], [ -5.18691423, 57.80467877, 246.503040809526908 ], [ -5.18686, 57.8047159, 246.031583736860199 ], [ -5.18680399, 57.80475617, 245.312319025207699 ], [ -5.18676031, 57.80480735, 244.516428489580619 ], [ -5.18671572, 57.8048459, 243.821132883239926 ], [ -5.18665946, 57.80488894, 243.058081986459086 ], [ -5.18660776, 57.80493503, 242.627013838527319 ], [ -5.18656781, 57.80497584, 241.950780546901342 ], [ -5.18652133, 57.80501986, 241.309085524318334 ], [ -5.18646226, 57.80506074, 240.266708597351254 ], [ -5.1864116, 57.80509743, 239.945483294791273 ], [ -5.18637164, 57.80513848, 239.039560813799369 ], [ -5.18632096, 57.80518014, 238.598867367231293 ], [ -5.18627517, 57.80522018, 238.376727736232397 ], [ -5.18623301, 57.8052593, 238.174027802499126 ], [ -5.18618843, 57.80530779, 237.307928036176605 ], [ -5.18614016, 57.8053508, 236.679444400137953 ], [ -5.18609341, 57.80539284, 235.95281923011143 ], [ -5.18602911, 57.80543182, 235.192599383658461 ], [ -5.185977, 57.80547601, 234.589783483128315 ], [ -5.18592835, 57.8055136, 233.899395212341489 ], [ -5.18587848, 57.80555298, 233.561750362836761 ], [ -5.18582279, 57.80559653, 232.589393566572113 ], [ -5.18577404, 57.80564389, 232.14077290660768 ], [ -5.18573353, 57.80568866, 231.599295703238539 ], [ -5.18569761, 57.80574097, 231.022713475804096 ], [ -5.18566482, 57.80578772, 230.043939541303558 ], [ -5.18561719, 57.80582923, 229.099515593288061 ], [ -5.18557925, 57.80587388, 228.296830264395766 ], [ -5.18552386, 57.8059346, 227.666082060573217 ], [ -5.18546609, 57.80597116, 227.010798268894916 ], [ -5.18541471, 57.80600883, 226.349663276567924 ], [ -5.18537145, 57.80605252, 225.427320976152885 ], [ -5.1853306, 57.8061012, 224.763921688520355 ], [ -5.18528111, 57.80614477, 223.96123663210642 ], [ -5.18523298, 57.80618536, 223.221965740644379 ], [ -5.18518107, 57.80622176, 222.89885325285141 ], [ -5.1851217, 57.80626525, 222.39493392388934 ], [ -5.18506192, 57.80630665, 221.704734208138774 ], [ -5.18499878, 57.80635277, 221.246865904567358 ], [ -5.18495672, 57.80640252, 220.803907617736996 ], [ -5.18491278, 57.80644398, 220.256390658682875 ], [ -5.18488424, 57.80648837, 219.949698262791401 ], [ -5.18485039, 57.80653926, 219.763794986075453 ], [ -5.1848315, 57.80659156, 219.079257370980571 ], [ -5.18483041, 57.80663753, 218.680462924307875 ], [ -5.18484367, 57.80669268, 218.670837353193207 ], [ -5.18484059, 57.80674495, 218.062359352007377 ], [ -5.18482267, 57.80678998, 217.409151300598324 ], [ -5.18479616, 57.80684222, 217.074337501421439 ], [ -5.18476796, 57.80688569, 216.415845004386 ], [ -5.18473471, 57.80693797, 215.751501851658588 ], [ -5.18469126, 57.806977, 214.955800143546156 ], [ -5.18464404, 57.80701514, 214.133298007315688 ], [ -5.18460121, 57.80706292, 213.635795544111176 ], [ -5.18453427, 57.80710534, 213.220769560573217 ], [ -5.18447969, 57.80714158, 212.516603693176449 ], [ -5.1844264, 57.80718783, 211.555005160636 ], [ -5.18441007, 57.80723793, 211.076941849740336 ], [ -5.18442083, 57.80728602, 210.28671314229058 ], [ -5.18442373, 57.80733186, 209.495541114702689 ], [ -5.18442243, 57.80738347, 208.911032491307026 ], [ -5.18437981, 57.80742524, 208.506764499014906 ], [ -5.18429775, 57.807451, 207.459291681457699 ], [ -5.18423304, 57.80748546, 206.708320023568461 ], [ -5.18416798, 57.80751854, 206.169673870527191 ], [ -5.18416802, 57.80757334, 205.903936609436215 ], [ -5.18417853, 57.80762114, 205.438141909903578 ], [ -5.18417515, 57.80766995, 204.651121907810932 ], [ -5.18413469, 57.80772089, 204.055289083103901 ], [ -5.18412042, 57.80776558, 203.553634594404144 ], [ -5.18407533, 57.80781257, 203.124831014256245 ], [ -5.18401834, 57.80785406, 202.492572735273285 ], [ -5.18396377, 57.80789206, 202.095099263767963 ], [ -5.18390591, 57.80792889, 201.553432960405814 ], [ -5.18383257, 57.80796572, 201.100471447431488 ], [ -5.18374596, 57.80797553, 200.114148771998998 ], [ -5.18366806, 57.80800401, 199.951082997898823 ], [ -5.18362223, 57.80804597, 199.348267097368705 ], [ -5.18356877, 57.80809048, 198.802071113481986 ], [ -5.18351678, 57.80813622, 198.278522987261283 ], [ -5.18345946, 57.80817988, 197.607762968776342 ], [ -5.18340328, 57.80821351, 196.922658598659154 ], [ -5.18335183, 57.80825131, 196.505179219822651 ], [ -5.18331058, 57.80829991, 195.45204430160976 ], [ -5.18327417, 57.8083458, 195.11496566217059 ], [ -5.18324621, 57.80839214, 194.698996358494526 ], [ -5.1832155, 57.80844464, 194.232068693873998 ], [ -5.18317957, 57.80849282, 193.705878617318461 ], [ -5.1831338, 57.80854248, 192.927917976274955 ], [ -5.18310607, 57.80858645, 192.930182816537211 ], [ -5.18306128, 57.80863637, 192.504399386710219 ], [ -5.18301552, 57.80867763, 192.275653789960785 ], [ -5.1829591, 57.80871831, 191.930648754560394 ], [ -5.18289523, 57.80875627, 191.601497056039165 ], [ -5.18285294, 57.80879762, 191.290840644731986 ], [ -5.18280197, 57.8088362, 191.011137231994809 ], [ -5.18274419, 57.80887312, 190.781259760070981 ], [ -5.18267598, 57.80890777, 190.775220004386 ], [ -5.18260702, 57.80894544, 190.350946649719418 ], [ -5.18253856, 57.8089782, 190.235819086242856 ], [ -5.18249438, 57.80901944, 190.046708194083266 ], [ -5.18245011, 57.8090587, 189.799466765163061 ], [ -5.18242764, 57.80911074, 189.916103858843314 ], [ -5.18240744, 57.80916041, 189.561284152335219 ], [ -5.1824059, 57.80921538, 189.047173042192924 ], [ -5.18243416, 57.80926812, 188.987155865156097 ], [ -5.18247044, 57.80931946, 188.651209645848041 ], [ -5.18244709, 57.80936579, 188.225426216021049 ], [ -5.1824152, 57.80940877, 187.964218635454642 ], [ -5.18240008, 57.80946146, 187.754347070861996 ], [ -5.18235178, 57.80951126, 186.69743723722641 ], [ -5.18229295, 57.80955069, 186.628360699140472 ], [ -5.1822511, 57.80959028, 186.262594446350278 ], [ -5.18219622, 57.80962688, 185.640527403590795 ], [ -5.18213614, 57.80966943, 185.097351025068207 ], [ -5.18207936, 57.80971639, 184.805190990888519 ], [ -5.18204927, 57.80976416, 184.128014106646049 ], [ -5.18199698, 57.80980793, 183.843025703325736 ], [ -5.18193166, 57.80984605, 183.412334937944877 ], [ -5.1818596, 57.80988271, 182.435825843706596 ], [ -5.18181672, 57.8099319, 182.055338129211606 ], [ -5.18179935, 57.8099809, 181.66918885901768 ], [ -5.1817849, 57.81002689, 181.162249924691508 ], [ -5.18173787, 57.81006953, 180.768550823652191 ], [ -5.18167486, 57.81010772, 180.958417025870375 ], [ -5.18161109, 57.81014019, 180.374852267569594 ], [ -5.18154703, 57.81018063, 179.481763518092748 ], [ -5.18149887, 57.81022112, 179.105051263977231 ], [ -5.18145303, 57.81026573, 178.521864160705746 ], [ -5.18140563, 57.81031247, 177.786557284659438 ], [ -5.18137025, 57.81035917, 177.580459545576019 ], [ -5.18132066, 57.81040809, 176.831185972926733 ], [ -5.18127684, 57.81045641, 176.320472123177836 ], [ -5.18125003, 57.81049945, 175.496082801714408 ], [ -5.1812238, 57.81054411, 174.706797959359477 ], [ -5.18122914, 57.81059754, 174.106624009164165 ], [ -5.18123469, 57.81065162, 173.692164235691791 ], [ -5.18123296, 57.8107053, 173.150497932329642 ], [ -5.18122827, 57.81075196, 172.429534862958832 ], [ -5.18120574, 57.81079706, 171.889378089800346 ], [ -5.1811889, 57.81085038, 171.660254838021586 ], [ -5.18112631, 57.81089287, 171.11519127426601 ], [ -5.18107483, 57.81093253, 170.715075307469135 ], [ -5.18104739, 57.81098433, 170.173786114179535 ], [ -5.18103728, 57.81103909, 169.490192364179535 ], [ -5.18103099, 57.81108391, 169.047423177342182 ], [ -5.18102291, 57.8111354, 168.684676529916118 ], [ -5.18100982, 57.81118798, 168.702417052028295 ], [ -5.18099287, 57.8112333, 168.255117639709653 ], [ -5.18096623, 57.81127655, 167.748556360412778 ], [ -5.18092975, 57.81132031, 167.149892485377904 ], [ -5.18089636, 57.81136432, 166.421002475089125 ], [ -5.18086121, 57.81140557, 165.791763801470267 ], [ -5.18082417, 57.8114544, 165.204801782776059 ], [ -5.18078387, 57.81149861, 164.623124754665014 ], [ -5.18074147, 57.81154536, 163.968595728088559 ], [ -5.18069181, 57.81159263, 163.526958416425629 ], [ -5.18064596, 57.81163128, 163.181198615923392 ], [ -5.1806001, 57.8116735, 162.70256963991892 ], [ -5.18055272, 57.8117183, 162.047662958313168 ], [ -5.18050766, 57.81176383, 161.366711158648002 ], [ -5.18045029, 57.8118091, 160.704255191153578 ], [ -5.18039647, 57.8118534, 160.213169593706596 ], [ -5.18035469, 57.8118988, 159.610730803248998 ], [ -5.18031059, 57.81194319, 159.020371524161391 ], [ -5.1802581, 57.81198605, 158.597607154741752 ], [ -5.1802199, 57.81203454, 158.165406314200453 ], [ -5.18016472, 57.81208093, 157.391220043622894 ], [ -5.1801103, 57.81212456, 156.840116179225561 ], [ -5.1800729, 57.81216541, 156.243339489423676 ], [ -5.18002802, 57.81221534, 155.486516630885717 ], [ -5.18000184, 57.81226569, 154.744037034066508 ], [ -5.17998117, 57.81230958, 154.067237804853363 ], [ -5.17997275, 57.81235607, 153.418747989005141 ], [ -5.17995553, 57.81240666, 152.769503953011821 ], [ -5.17993194, 57.81245582, 152.148570420296977 ], [ -5.17989505, 57.81249999, 151.33512764511562 ], [ -5.17982969, 57.81253879, 150.717213172808158 ], [ -5.1797753, 57.8125732, 149.976244196106137 ], [ -5.17971325, 57.81261217, 149.320205639326019 ], [ -5.17967036, 57.81265509, 148.56187325058437 ], [ -5.17965914, 57.81270903, 147.916026474984477 ], [ -5.17964332, 57.81276001, 147.188269429783588 ], [ -5.17964352, 57.81281059, 146.311035107099457 ], [ -5.17961428, 57.81286162, 145.369253926853929 ], [ -5.17955499, 57.81289647, 144.643006411856703 ], [ -5.17950736, 57.81293688, 143.845793538670335 ], [ -5.1794259, 57.81296246, 143.132756865260745 ], [ -5.17934595, 57.81299005, 142.46124153671721 ], [ -5.17926249, 57.81300889, 141.847478544948245 ], [ -5.17917124, 57.81302576, 141.322421433480599 ], [ -5.17908545, 57.81305072, 140.575790356122894 ], [ -5.17899201, 57.81307063, 140.174164859122328 ], [ -5.17889109, 57.81308672, 139.674775210684828 ], [ -5.17878868, 57.81310106, 139.093474202732835 ], [ -5.17868888, 57.81311295, 138.667312572919769 ], [ -5.17859838, 57.81313013, 138.130554150068207 ], [ -5.17851635, 57.81316161, 137.901808553318773 ], [ -5.17846672, 57.81319915, 137.756104556387953 ], [ -5.17840895, 57.81323365, 137.366935680829926 ], [ -5.17834752, 57.81327424, 137.081193057364516 ], [ -5.17828415, 57.8133108, 136.794696213754037 ], [ -5.17821704, 57.8133458, 136.353436012163627 ], [ -5.17815557, 57.81337789, 136.003523641209398 ], [ -5.17807777, 57.81341449, 135.671351792367318 ], [ -5.17801459, 57.81344508, 135.347862194501801 ], [ -5.1779444, 57.81347235, 134.974169000793665 ], [ -5.17786418, 57.8134966, 134.561597502467777 ], [ -5.17778184, 57.81351668, 134.289443920576019 ], [ -5.17770584, 57.8135423, 133.814966425110072 ], [ -5.17763898, 57.81357239, 133.560175165344447 ], [ -5.1775659, 57.81360642, 133.090604460475589 ], [ -5.17748313, 57.81363218, 132.625942726030814 ], [ -5.17739685, 57.81366294, 132.257156322919769 ], [ -5.17732114, 57.81369446, 131.809858000514652 ], [ -5.17723755, 57.81372449, 131.285177999119554 ], [ -5.17716595, 57.81376088, 130.971503072361742 ], [ -5.1770916, 57.81379462, 130.527223810363978 ], [ -5.17703208, 57.81382653, 130.132392834150238 ], [ -5.17696118, 57.81386493, 129.796823724914759 ], [ -5.1768898, 57.81389829, 129.292526195966644 ], [ -5.17681713, 57.81392848, 128.911660281485609 ], [ -5.17673789, 57.81395822, 128.519094145534183 ], [ -5.17665854, 57.81398158, 128.317149521859506 ], [ -5.17657669, 57.81401234, 127.892875622236176 ], [ -5.17649062, 57.8140406, 127.528619989563182 ], [ -5.17640445, 57.81405521, 127.134543233494554 ], [ -5.17629258, 57.81407597, 126.700832862749579 ], [ -5.17635504, 57.81398935, 126.247871349775238 ], [ -5.17639563, 57.81393791, 125.835675871608387 ], [ -5.17638532, 57.81388949, 125.073569112400804 ], [ -5.17639925, 57.8138396, 124.606641447780262 ], [ -5.17648389, 57.81385827, 124.046478222333832 ], [ -5.17655014, 57.81389593, 123.433848740609506 ], [ -5.1766421, 57.81391706, 122.924268400905262 ], [ -5.17670018, 57.8139561, 122.253509472333832 ], [ -5.17678467, 57.81398071, 121.657865202663075 ], [ -5.17683863, 57.81402585, 120.930107067548676 ], [ -5.17687818, 57.81406943, 120.213296023673124 ], [ -5.17692589, 57.81410992, 119.518000962289193 ], [ -5.17696613, 57.81415354, 118.90121891011286 ], [ -5.17699136, 57.81420437, 117.749565075361176 ], [ -5.1770485, 57.8142481, 117.16033821640471 ], [ -5.17712657, 57.81427975, 116.755693658996776 ], [ -5.17721926, 57.81430918, 116.633393374747342 ], [ -5.17727752, 57.81434414, 116.011703442060394 ], [ -5.17734465, 57.81438196, 115.57006722031096 ], [ -5.17741108, 57.81441402, 115.159758382420335 ], [ -5.177462, 57.8144536, 114.835309996028883 ], [ -5.17752104, 57.81449468, 114.602111585603453 ], [ -5.17758115, 57.81453471, 114.274149461617014 ], [ -5.17764729, 57.81457071, 114.090920535391859 ], [ -5.17754699, 57.81455862, 113.950351484285093 ], [ -5.17745691, 57.81455744, 113.771336642569594 ], [ -5.17738243, 57.81458587, 113.567598566223324 ] ] ] } }
]
}
