{
"type": "FeatureCollection",
"name": "AnTeallach",
"crs": { "type": "name", "properties": { "name": "urn:ogc:def:crs:OGC:1.3:CRS84" } },
"features": [
{ "type": "Feature", "properties": { "name": "22 Apr 2026 08:09:11", "cmt": null, "desc": null, "src": "FitoTrack", "link1_href": null, "link1_text": null, "link1_type": null, "link2_href": null, "link2_text": null, "link2_type": null, "number": 0, "type": "hiking" }, "geometry": { "type": "MultiLineString", "coordinates": [ [ [ -5.21336427, 57.83895208, 62.490261882290675 ], [ -5.21342805, 57.83890997, 62.662292194965062 ], [ -5.2137167, 57.83866412, 62.60115404188889 ], [ -5.21363049, 57.83860737, 62.867203236224825 ], [ -5.21355319, 57.83858401, 63.110819791178663 ], [ -5.21350301, 57.83853911, 63.329247507058163 ], [ -5.21347365, 57.83849694, 63.540088368060765 ], [ -5.21339216, 57.83847513, 63.585297980225945 ], [ -5.21334132, 57.83843119, 64.037882383127723 ], [ -5.21326754, 57.83839528, 64.538403361782869 ], [ -5.21320073, 57.83835886, 65.100454317419022 ], [ -5.21315149, 57.83831524, 65.714594419260536 ], [ -5.21308535, 57.838272, 66.151322760499383 ], [ -5.21304393, 57.83823073, 66.330622251291786 ], [ -5.21300517, 57.83818961, 66.972694656425716 ], [ -5.21295622, 57.83815232, 67.593252168981522 ], [ -5.21289544, 57.83810848, 68.545226220320814 ], [ -5.2128435, 57.83806929, 69.124637318256077 ], [ -5.21282343, 57.83802115, 69.824462060164564 ], [ -5.21277949, 57.83798233, 70.539007173864334 ], [ -5.21272912, 57.83794517, 71.303376593507195 ], [ -5.21267134, 57.83790666, 72.16664476454514 ], [ -5.21259963, 57.83786905, 73.002734852435765 ], [ -5.21253933, 57.8378359, 73.818820667865452 ], [ -5.21245983, 57.83780429, 74.616408471297376 ], [ -5.21240012, 57.8377724, 75.568003232737098 ], [ -5.21231819, 57.83774469, 76.60943738452282 ], [ -5.21225562, 57.83771232, 77.842245088903397 ], [ -5.21217942, 57.83768014, 78.827435344204744 ], [ -5.2121194, 57.83764221, 79.922092152240467 ], [ -5.21206507, 57.83760011, 80.965411854388904 ], [ -5.21198738, 57.83757221, 81.971362782123279 ], [ -5.21192496, 57.8375395, 82.972409099087571 ], [ -5.21184356, 57.83751492, 83.892675386754973 ], [ -5.21176812, 57.83748477, 84.816717134801848 ], [ -5.21168918, 57.83746541, 86.07859065251948 ], [ -5.2115918, 57.83744603, 86.970170416749397 ], [ -5.21146859, 57.83742865, 88.144848674282883 ], [ -5.21140856, 57.83739702, 89.496182292446946 ], [ -5.21135186, 57.83735939, 90.758057989991585 ], [ -5.21130697, 57.83731547, 91.825159604807439 ], [ -5.21124221, 57.83727874, 92.890373489433543 ], [ -5.21118604, 57.83723513, 94.101668481063015 ], [ -5.21115193, 57.83719305, 95.367694569232654 ], [ -5.21111344, 57.83714737, 96.583139951487126 ], [ -5.21106219, 57.83711085, 97.951460961531765 ], [ -5.21104225, 57.8370627, 99.27523938647596 ], [ -5.21100934, 57.83701863, 100.73037854663221 ], [ -5.21096569, 57.83697742, 102.338768264824168 ], [ -5.2109269, 57.83693029, 103.730491897636668 ], [ -5.21086312, 57.83689247, 105.239230824115467 ], [ -5.21081363, 57.83684968, 106.527528204835335 ], [ -5.21076852, 57.83680942, 107.772039400426848 ], [ -5.21071434, 57.83676633, 108.956910529054085 ], [ -5.21064997, 57.83672968, 110.309754767335335 ], [ -5.21061507, 57.83668792, 111.516140788540696 ], [ -5.21057748, 57.83664158, 112.838787883267258 ], [ -5.21058371, 57.83659663, 114.010447080393376 ], [ -5.21051815, 57.83655797, 115.304028361782883 ], [ -5.2104712, 57.83651611, 116.608556734411223 ], [ -5.21043488, 57.83647365, 118.033119461113273 ], [ -5.21043621, 57.83642231, 119.524493885638933 ], [ -5.21044028, 57.83637734, 120.933582020404558 ], [ -5.21047191, 57.83633335, 122.195455538122204 ], [ -5.21046973, 57.83628837, 123.621151774868849 ], [ -5.21053481, 57.83623108, 124.921527577045183 ], [ -5.21055886, 57.83618682, 126.356283174840954 ], [ -5.21054988, 57.836142, 127.692140021241613 ], [ -5.21060414, 57.83610363, 128.878142480086495 ], [ -5.21064635, 57.83606462, 130.295156465856564 ], [ -5.21070125, 57.83602994, 131.496635696464836 ], [ -5.21077567, 57.83600735, 132.755867263847648 ], [ -5.21082753, 57.83596781, 133.927528640800773 ], [ -5.21086021, 57.83592465, 135.023696068953683 ], [ -5.21087816, 57.83587681, 135.879038388987141 ], [ -5.2108848, 57.83582516, 136.811762388010578 ], [ -5.21093313, 57.83578536, 137.612748541749426 ], [ -5.21093717, 57.83573689, 138.514141887173537 ], [ -5.21093844, 57.83568504, 139.40911782188337 ], [ -5.21093978, 57.8356339, 140.365244443674641 ], [ -5.21094938, 57.83558161, 141.076016276821974 ], [ -5.21093302, 57.83552968, 141.954384109550773 ], [ -5.21089851, 57.83548836, 142.851624884522863 ], [ -5.21086325, 57.83544144, 143.818321487480461 ], [ -5.21083058, 57.83539676, 144.726886463763947 ], [ -5.21079969, 57.83535161, 145.790591908099884 ], [ -5.21076675, 57.8353092, 146.807489927073078 ], [ -5.21074359, 57.83526443, 147.960276181955891 ], [ -5.21073498, 57.83521518, 149.344826004082023 ], [ -5.21070988, 57.83517036, 150.531959793144523 ], [ -5.2106244, 57.83515036, 151.811574922887814 ], [ -5.21062246, 57.83509389, 153.211603696604328 ], [ -5.21062517, 57.83504698, 154.383262893730461 ], [ -5.21062781, 57.83500079, 155.822925282123322 ], [ -5.21063564, 57.83494969, 157.303731905309689 ], [ -5.21060957, 57.83490392, 158.872865118897863 ], [ -5.21056416, 57.83486139, 160.622429153496086 ], [ -5.21053557, 57.83481458, 162.206282738875558 ], [ -5.21053484, 57.83476692, 163.859967082486037 ], [ -5.21060713, 57.83473096, 165.551022380337599 ], [ -5.21065458, 57.83469289, 167.331158488736037 ], [ -5.210733, 57.83467182, 169.159233352714836 ], [ -5.21081499, 57.83465071, 171.034115642056349 ], [ -5.21088065, 57.8346152, 173.027523845181349 ], [ -5.2109501, 57.83458301, 175.065472453579787 ], [ -5.21102836, 57.83456162, 177.047933565465939 ], [ -5.21107517, 57.83450879, 179.306698649868849 ], [ -5.21112143, 57.83446063, 181.138926084299641 ], [ -5.21111755, 57.83440593, 183.238400310025099 ], [ -5.21115211, 57.83436119, 185.207649490410148 ], [ -5.21117505, 57.83431437, 187.194638102993849 ], [ -5.21118937, 57.83426676, 188.681482846994953 ], [ -5.21119731, 57.83421783, 190.691499152100988 ], [ -5.21119283, 57.83416402, 192.514667225482697 ], [ -5.21122001, 57.83411634, 194.408045346994953 ], [ -5.21124161, 57.83406724, 196.578863130895627 ], [ -5.21125083, 57.83401268, 198.638328811699211 ], [ -5.21126937, 57.83396714, 200.721951335415724 ], [ -5.21134871, 57.83390504, 202.882576248222648 ], [ -5.21143226, 57.83388248, 204.907123280170197 ], [ -5.21153469, 57.83390788, 206.892226342391183 ], [ -5.2116543, 57.83393422, 209.259893404333127 ], [ -5.21174037, 57.83395339, 211.31860268516462 ], [ -5.21182181, 57.8339719, 213.414491095460363 ], [ -5.21191246, 57.83395374, 215.508681420516183 ], [ -5.21200087, 57.83395612, 218.330064215577579 ], [ -5.21208106, 57.8339353, 220.836638573836524 ], [ -5.21216012, 57.83391717, 223.194489874757267 ], [ -5.21224451, 57.83394193, 225.323786313791885 ], [ -5.21229564, 57.83390592, 227.20527347897044 ], [ -5.21238326, 57.8338973, 229.083929048864405 ], [ -5.21244881, 57.83385464, 230.742332717949239 ], [ -5.21253723, 57.83385185, 232.39035605081753 ], [ -5.21262299, 57.83386427, 234.254291248920225 ], [ -5.2126673, 57.83382286, 235.892880290493878 ], [ -5.21273227, 57.83379097, 237.449178682653468 ], [ -5.21273286, 57.8337394, 239.071157442419093 ], [ -5.21275369, 57.83369486, 240.712765544400128 ], [ -5.21281175, 57.83365184, 242.158468233434718 ], [ -5.21294454, 57.83361832, 243.593600941303038 ], [ -5.21302042, 57.83359118, 244.727324608992774 ], [ -5.21309224, 57.83356333, 246.031098761476017 ], [ -5.2131693, 57.83354374, 247.494351237759503 ], [ -5.21319638, 57.83349251, 249.036306368200343 ], [ -5.21327722, 57.83343902, 250.53598593363003 ], [ -5.21333046, 57.83340111, 252.19382284769253 ], [ -5.21340003, 57.83337421, 253.59290775631419 ], [ -5.2134736, 57.83334474, 254.952169405309718 ], [ -5.21355761, 57.83332852, 256.339740467670197 ], [ -5.21366373, 57.83334752, 257.711834758267344 ], [ -5.21373959, 57.83332696, 259.030329282541857 ], [ -5.2138156, 57.83330042, 260.359391608155704 ], [ -5.21388888, 57.83327355, 261.740922369874454 ], [ -5.21396536, 57.8332472, 262.918809332765079 ], [ -5.21404205, 57.83321409, 264.072916562815294 ], [ -5.21413132, 57.83318181, 265.162854045376719 ], [ -5.21422053, 57.83316466, 266.038767392893419 ], [ -5.21429999, 57.83313994, 266.761617647497246 ], [ -5.21439006, 57.83312911, 267.447099127686954 ], [ -5.21447948, 57.83313153, 268.258467797469336 ], [ -5.21455639, 57.83309878, 269.154954352296329 ], [ -5.21463736, 57.83306743, 269.994819900566426 ], [ -5.21470034, 57.83303364, 270.898098796353281 ], [ -5.21476106, 57.83299197, 271.655111299840996 ], [ -5.21483528, 57.83296396, 272.416651304026232 ], [ -5.21490872, 57.83293405, 273.181212548445899 ], [ -5.21496677, 57.83290118, 273.850085926654572 ], [ -5.21500194, 57.8328577, 274.725434698976017 ], [ -5.21501199, 57.83280868, 275.579833153914649 ], [ -5.21503417, 57.83275668, 276.634856347274024 ], [ -5.21502604, 57.83270626, 277.654585961531836 ], [ -5.21498903, 57.83266075, 278.772457927212656 ], [ -5.21491574, 57.83263611, 280.179279041888947 ], [ -5.21484662, 57.83260176, 281.319230475343204 ], [ -5.21482353, 57.83255408, 282.420302514266211 ], [ -5.21476504, 57.83251853, 283.450412464740509 ], [ -5.21467522, 57.83247779, 284.408049706649024 ], [ -5.21466237, 57.83243283, 285.444197777938086 ], [ -5.21459917, 57.83240061, 286.393529878942559 ], [ -5.21451042, 57.83239077, 287.434209810583184 ], [ -5.21441875, 57.83235441, 288.570008673585392 ], [ -5.21435345, 57.8323258, 289.623898356900156 ], [ -5.21427066, 57.83231367, 291.085265282820899 ], [ -5.21418938, 57.83228632, 291.910031169400156 ], [ -5.21410622, 57.8322599, 292.717624378803009 ], [ -5.21403253, 57.83223735, 293.818319307653439 ], [ -5.21394221, 57.8322059, 294.454920346994982 ], [ -5.21390944, 57.83214757, 295.255529390661252 ], [ -5.21377748, 57.83211961, 296.189007609829787 ], [ -5.21372284, 57.83208162, 297.066808687536252 ], [ -5.21374738, 57.83202871, 298.002359922190294 ], [ -5.2137262, 57.83197686, 298.844867420795197 ], [ -5.2137464, 57.83193275, 299.584892532402307 ], [ -5.21379775, 57.83189672, 300.486283697999454 ], [ -5.21384133, 57.83185336, 301.434294823836467 ], [ -5.21386878, 57.83179073, 302.521777821185822 ], [ -5.21387007, 57.83174399, 303.093829823138947 ], [ -5.21386758, 57.83169795, 304.236237921632267 ], [ -5.2138886, 57.83164812, 305.503018229946974 ], [ -5.21396397, 57.83162603, 306.436683914238245 ], [ -5.21403493, 57.8315956, 307.617779582486037 ], [ -5.21413856, 57.83155171, 308.648076998083127 ], [ -5.21420707, 57.83152494, 309.664975017056349 ], [ -5.21429341, 57.83149368, 310.720939895683557 ], [ -5.21435593, 57.83145497, 311.656117290005568 ], [ -5.21441876, 57.83142127, 312.805318819372189 ], [ -5.21441845, 57.83137485, 314.219879409843713 ], [ -5.21441741, 57.83132367, 315.218471241595978 ], [ -5.21438597, 57.83127982, 316.272550569860471 ], [ -5.21436724, 57.83121838, 317.213011864852092 ], [ -5.21441821, 57.83117601, 318.06627789965961 ], [ -5.21439382, 57.83112597, 318.851410171562463 ], [ -5.21435663, 57.83108034, 319.730344759313596 ], [ -5.2143821, 57.83102924, 320.517744051305783 ], [ -5.21440338, 57.83098257, 321.254183347483263 ], [ -5.21442926, 57.83093785, 322.071967248152873 ], [ -5.21448221, 57.83088737, 322.992799200929142 ], [ -5.21456166, 57.83086523, 323.740752343367717 ], [ -5.21464409, 57.83083684, 324.910147790145061 ], [ -5.21471358, 57.83080388, 325.688863741247189 ], [ -5.21474416, 57.83075866, 326.572326919609338 ], [ -5.21473164, 57.83071373, 327.545060553468204 ], [ -5.21473803, 57.83066151, 328.482689163261682 ], [ -5.2147371, 57.83061092, 329.227245045306915 ], [ -5.21477108, 57.83055725, 330.23772565356586 ], [ -5.2147985, 57.83049847, 331.11533708632254 ], [ -5.21485466, 57.83045728, 331.849511542237735 ], [ -5.21488255, 57.83040605, 332.755244923236603 ], [ -5.21490643, 57.83036021, 333.63776423650387 ], [ -5.21491995, 57.83031199, 334.368919632011682 ], [ -5.21489259, 57.83026275, 334.934932423236603 ], [ -5.21491205, 57.83021688, 335.996560492433048 ], [ -5.21492421, 57.83016954, 336.622212260708693 ], [ -5.21494439, 57.8301245, 337.541157573208693 ], [ -5.21495762, 57.83007616, 338.279484599575881 ], [ -5.21500852, 57.83003611, 339.157285677282346 ], [ -5.21503108, 57.82998985, 340.036785930142287 ], [ -5.21508202, 57.82994876, 341.100677749687463 ], [ -5.21512944, 57.82990744, 342.190238122176311 ], [ -5.2152087, 57.8298582, 343.355858108574125 ], [ -5.21530043, 57.82984408, 344.680391843576956 ], [ -5.21539371, 57.82984219, 345.945663711601469 ], [ -5.21544438, 57.82988359, 347.198856068256077 ], [ -5.21548962, 57.8298448, 348.650219768032855 ], [ -5.21556948, 57.82982792, 350.024013233783421 ], [ -5.21563109, 57.82988448, 351.283056246129945 ], [ -5.215714, 57.82989816, 352.777073710903949 ], [ -5.21577611, 57.82993213, 354.10972294186098 ], [ -5.21583924, 57.82996768, 355.415572289656723 ], [ -5.21594508, 57.82994482, 356.53457558555516 ], [ -5.21600477, 57.82990833, 357.696044091414535 ], [ -5.21609209, 57.82990658, 358.667079640033421 ], [ -5.21615911, 57.82993847, 359.525063910401684 ], [ -5.2161916, 57.82988623, 360.599715356062973 ], [ -5.21624368, 57.82985027, 361.60661014889223 ], [ -5.21615949, 57.82988427, 362.616713647078598 ], [ -5.21616488, 57.82993733, 363.710615145055726 ], [ -5.21621482, 57.82999142, 364.852077198627171 ], [ -5.21630163, 57.83000505, 366.143771839740452 ], [ -5.21636995, 57.83003454, 367.436598900984848 ], [ -5.21635197, 57.83007935, 368.911742333602035 ], [ -5.21639286, 57.83011954, 370.478987817000473 ], [ -5.21646554, 57.83015512, 372.145885182025609 ], [ -5.2165415, 57.83017841, 373.817312227575258 ], [ -5.2166577, 57.83019625, 375.543471459578598 ], [ -5.21675525, 57.83023001, 377.423827294539535 ], [ -5.21683914, 57.83020843, 379.411383752059066 ], [ -5.2169109, 57.83018138, 381.159247521590316 ], [ -5.21696098, 57.83011614, 382.753859643172348 ], [ -5.21696332, 57.83006387, 384.342621109062407 ], [ -5.21703535, 57.83003692, 385.863628101947484 ], [ -5.21709225, 57.83000074, 387.256484154891098 ], [ -5.21714122, 57.82995672, 388.473440157262758 ], [ -5.21722808, 57.82992552, 389.701342160959769 ], [ -5.21729768, 57.82989362, 390.664828968646702 ], [ -5.21734704, 57.82984912, 391.711547021102035 ], [ -5.21737977, 57.82980059, 392.652762536238754 ], [ -5.21743183, 57.82975531, 395.554733535820219 ], [ -5.21747785, 57.8297147, 396.486324024799046 ], [ -5.21752118, 57.82967297, 397.315053926794008 ], [ -5.2176031, 57.82969049, 398.016954953928519 ], [ -5.2176822, 57.82970704, 398.708852754919008 ], [ -5.21774232, 57.82974032, 399.518709714670706 ], [ -5.21783541, 57.82973615, 400.265152236992094 ], [ -5.2178458, 57.82966379, 400.976866845320785 ], [ -5.21789859, 57.82959712, 401.611579064559066 ], [ -5.2179355, 57.82955085, 402.449746527589184 ], [ -5.21800246, 57.82951734, 403.013305923515532 ], [ -5.2180725, 57.82949222, 403.629144110596997 ], [ -5.21817111, 57.82950062, 404.130044379151684 ], [ -5.21825809, 57.82947441, 404.685299724087542 ], [ -5.21831804, 57.82943568, 403.330568845530081 ], [ -5.21837296, 57.82940029, 403.742197568674612 ], [ -5.21842431, 57.82936381, 404.305379854528383 ], [ -5.21848984, 57.82932495, 405.054652882220921 ], [ -5.21856979, 57.82930377, 405.939626680700258 ], [ -5.21871431, 57.82928036, 406.879332665633285 ], [ -5.21879987, 57.82927177, 407.771288450022269 ], [ -5.21888187, 57.8292586, 408.859527847343657 ], [ -5.21896834, 57.8292384, 409.950597750036195 ], [ -5.21905674, 57.82923048, 410.822169972064671 ], [ -5.21914321, 57.82922009, 411.166608797399476 ], [ -5.21920419, 57.82915743, 412.103672831997642 ], [ -5.21929926, 57.82911087, 413.129252012033874 ], [ -5.2193474, 57.82907381, 414.203525257709146 ], [ -5.2193582, 57.82902399, 415.236654268590826 ], [ -5.21938845, 57.82897935, 416.404161985178405 ], [ -5.21950537, 57.82895386, 417.350472845948502 ], [ -5.21955765, 57.82890586, 418.095405838066256 ], [ -5.21960489, 57.82886227, 418.788058949115396 ], [ -5.21967741, 57.82883733, 419.643024159076333 ], [ -5.21976229, 57.8288159, 420.423061085345864 ], [ -5.21985693, 57.82880259, 421.161576666749284 ], [ -5.21998, 57.82877316, 421.941047927910006 ], [ -5.22005315, 57.82875018, 422.997392096436784 ], [ -5.22013582, 57.82873686, 424.614086955532798 ], [ -5.22022222, 57.82872964, 425.7485659332811 ], [ -5.22030757, 57.82870593, 426.871910354667818 ], [ -5.22038568, 57.82867874, 427.915608256802329 ], [ -5.22047957, 57.82863639, 429.072547082137135 ], [ -5.22052903, 57.82859614, 430.245528344344166 ], [ -5.22059722, 57.82856243, 431.475507723180669 ], [ -5.22069507, 57.82851994, 432.921774987410572 ], [ -5.22077586, 57.82850557, 434.546962452533364 ], [ -5.22086483, 57.82848821, 435.700881127547291 ], [ -5.2209691, 57.82848808, 436.992764323696861 ], [ -5.22105702, 57.82848394, 438.220477772357583 ], [ -5.22114271, 57.82848135, 439.445926380756021 ], [ -5.2211763, 57.82841516, 440.528880787494302 ], [ -5.22127939, 57.82841426, 441.579184655379322 ], [ -5.22138856, 57.82836683, 442.489825916888833 ], [ -5.22146381, 57.82834259, 443.357246658378756 ], [ -5.22154865, 57.82833397, 444.145776190675065 ], [ -5.22163593, 57.82833048, 445.001117420795083 ], [ -5.2217321, 57.82832785, 445.795874718855885 ], [ -5.22181661, 57.82831526, 446.64460998322528 ], [ -5.22190402, 57.82831394, 447.359722941860923 ], [ -5.22198717, 57.82829545, 448.015006188582447 ], [ -5.22203164, 57.82825649, 448.854116426793951 ], [ -5.22215141, 57.82826632, 449.62867980744403 ], [ -5.22224356, 57.82827319, 450.353984547259927 ], [ -5.22233084, 57.8282882, 451.280856800677896 ], [ -5.22242221, 57.82828988, 452.236605222483092 ], [ -5.22251236, 57.82828331, 453.294269276263833 ], [ -5.22259346, 57.82826837, 454.290406622803971 ], [ -5.22264896, 57.82823435, 455.215768256104752 ], [ -5.22272103, 57.82820787, 456.301554258127624 ], [ -5.22264069, 57.82823034, 457.053847436141041 ], [ -5.22268667, 57.82818315, 457.879936477714693 ], [ -5.22278195, 57.82817599, 458.780764158029967 ], [ -5.22286909, 57.82816397, 459.501161017335221 ], [ -5.22295635, 57.82814941, 460.029993589182311 ], [ -5.22302888, 57.82812444, 460.558826161029458 ], [ -5.22312299, 57.82809755, 461.163718346785572 ], [ -5.2232093, 57.82807251, 461.645367473110923 ], [ -5.22328705, 57.82804949, 462.022646482248717 ], [ -5.22336938, 57.82802966, 462.184013626152193 ], [ -5.22346435, 57.82799711, 462.51807320518401 ], [ -5.22354258, 57.82796686, 462.744175761685142 ], [ -5.22363186, 57.82794047, 463.149009964042818 ], [ -5.22371079, 57.82791926, 463.377378450719732 ], [ -5.22378042, 57.82789255, 463.827131258336919 ], [ -5.22385503, 57.82786714, 464.083619513428971 ], [ -5.22393117, 57.82784498, 464.236682606341958 ], [ -5.22401059, 57.82782249, 464.516952774101412 ], [ -5.22409929, 57.82780775, 464.915747765730885 ], [ -5.22419182, 57.82778354, 465.294913415144947 ], [ -5.2242713, 57.82776548, 465.560650676235923 ], [ -5.22435998, 57.82773258, 466.021916240200767 ], [ -5.22443567, 57.82770653, 466.311433234132096 ], [ -5.22451673, 57.8276729, 466.809313352365905 ], [ -5.22460585, 57.82767629, 467.21150451447528 ], [ -5.22470019, 57.82766074, 467.826021726389342 ], [ -5.22477857, 57.82763937, 468.238782869665044 ], [ -5.22486199, 57.82761585, 468.76742579656235 ], [ -5.22492187, 57.82758029, 469.257944638986999 ], [ -5.22502043, 57.82757129, 469.852834688512701 ], [ -5.22511221, 57.82757371, 470.467350810513267 ], [ -5.22519587, 57.82756361, 471.413474206160572 ], [ -5.22534919, 57.82755251, 472.119904913819596 ], [ -5.22543608, 57.82754443, 472.87634957237151 ], [ -5.22551785, 57.82752491, 473.684697001919517 ], [ -5.22560981, 57.82750274, 474.455107812117603 ], [ -5.22567278, 57.82746323, 475.267230702045083 ], [ -5.22577862, 57.82743081, 476.168812602505454 ], [ -5.2258853, 57.82742117, 477.108708232388267 ], [ -5.22596886, 57.82741149, 477.854206889614829 ], [ -5.22605726, 57.82739343, 478.647643212508228 ], [ -5.22615198, 57.82740191, 479.454858221925065 ], [ -5.22623361, 57.82738437, 480.256599685722506 ], [ -5.22632063, 57.82736369, 480.995303822162271 ], [ -5.22640513, 57.82734847, 481.869898374338561 ], [ -5.22648476, 57.82733, 482.364001942279458 ], [ -5.22656704, 57.82731784, 482.976254313931236 ], [ -5.2266595, 57.82730529, 483.597001471436784 ], [ -5.22675608, 57.82729498, 484.293240397915611 ], [ -5.22684369, 57.82730396, 484.842456532123208 ], [ -5.22693148, 57.82731779, 485.463955729946861 ], [ -5.22701764, 57.82731881, 485.903328201347506 ], [ -5.22710881, 57.82731807, 486.233611230086353 ], [ -5.22719877, 57.82730838, 486.740928909355318 ], [ -5.22726708, 57.82727923, 487.305432170376548 ], [ -5.22734399, 57.82725756, 487.836339937536138 ], [ -5.227436, 57.82725145, 488.482754558071861 ], [ -5.22752304, 57.82723766, 489.068772711671159 ], [ -5.22760647, 57.82721611, 489.635917923027193 ], [ -5.22768416, 57.8271894, 490.277802863038346 ], [ -5.22776166, 57.82713376, 490.877599703161138 ], [ -5.2278259, 57.82709822, 491.513254697580749 ], [ -5.22790142, 57.82707615, 492.140039975901061 ], [ -5.22798568, 57.82705797, 492.843640178189048 ], [ -5.22802204, 57.82701588, 493.643682466833013 ], [ -5.22806386, 57.82696925, 494.468071243339693 ], [ -5.22812567, 57.82693342, 495.215457630756021 ], [ -5.22820194, 57.82688172, 495.988134371129888 ], [ -5.22827204, 57.82685272, 496.851781832067388 ], [ -5.2283393, 57.8268188, 497.668998977714693 ], [ -5.22840816, 57.82678628, 498.527360358155534 ], [ -5.22845069, 57.82674378, 499.485751820209146 ], [ -5.22850521, 57.8267023, 500.365817738177896 ], [ -5.22857284, 57.8266742, 501.320056629779458 ], [ -5.22863095, 57.82663875, 502.386778954695728 ], [ -5.22869705, 57.8265738, 503.465771525845298 ], [ -5.2287549, 57.82653916, 504.463606957625416 ], [ -5.22876496, 57.82648976, 505.491449888010436 ], [ -5.22881226, 57.82645083, 506.797111770683443 ], [ -5.22886668, 57.82641089, 507.810613619176763 ], [ -5.22892371, 57.82637224, 508.922632749338561 ], [ -5.22900503, 57.82634689, 509.967650536726978 ], [ -5.22905026, 57.82630536, 510.950953061838561 ], [ -5.22915127, 57.8262872, 511.963133935164478 ], [ -5.22917581, 57.82624023, 513.032310745292875 ], [ -5.22927799, 57.8262291, 514.063362381035063 ], [ -5.22934282, 57.8261973, 515.033265509522721 ], [ -5.22942774, 57.82618608, 515.966554083741471 ], [ -5.2295169, 57.82620232, 516.941930757848581 ], [ -5.22960723, 57.82618982, 517.850116444232526 ], [ -5.22966431, 57.82615342, 518.833421149171159 ], [ -5.2297545, 57.8261478, 519.815969454137644 ], [ -5.22981809, 57.82611539, 520.505036749757096 ], [ -5.22987571, 57.82608162, 521.513062872803971 ], [ -5.22996094, 57.82605373, 522.541097627965769 ], [ -5.23001201, 57.82601142, 523.545540115409949 ], [ -5.23006409, 57.82596861, 524.585086537005964 ], [ -5.23014889, 57.8259562, 525.816385801096317 ], [ -5.23024716, 57.82594752, 526.768359852435651 ], [ -5.23033906, 57.82594115, 527.804697568674442 ], [ -5.23043092, 57.82593082, 528.935212531007096 ], [ -5.23054289, 57.82591677, 529.953998280170026 ], [ -5.23059252, 57.82587795, 531.001283087647721 ], [ -5.23068259, 57.82587881, 532.229563291330692 ], [ -5.23076904, 57.82586486, 533.538431699533817 ], [ -5.23084714, 57.82584568, 534.729343128802839 ], [ -5.23093416, 57.82581529, 535.93875039024249 ], [ -5.2309957, 57.82578429, 537.193641922050574 ], [ -5.23108217, 57.82577845, 538.496282564489206 ], [ -5.2311844, 57.82575033, 539.93179238242999 ], [ -5.23127117, 57.82573369, 541.333706706509247 ], [ -5.23135228, 57.82571993, 542.679189668981394 ], [ -5.23142798, 57.82569659, 544.214160633685651 ], [ -5.23154152, 57.82565671, 545.714784064210221 ], [ -5.23162976, 57.82563302, 547.043658924701276 ], [ -5.23171804, 57.82561597, 548.625058024868622 ], [ -5.2318025, 57.8256128, 550.110204683629831 ], [ -5.23188848, 57.82561757, 551.432662133406552 ], [ -5.23197616, 57.82560272, 552.680192389405534 ], [ -5.23209711, 57.82559808, 553.863175787843034 ], [ -5.23218896, 57.82558079, 555.205260400008115 ], [ -5.23227815, 57.82557135, 556.609818854249284 ], [ -5.23236607, 57.82556104, 557.905475330951276 ], [ -5.2324622, 57.82554707, 559.101481015940067 ], [ -5.23257744, 57.82550272, 560.290692180142059 ], [ -5.23268806, 57.82548924, 561.409318365968034 ], [ -5.23277548, 57.82546305, 562.558141695348581 ], [ -5.23286475, 57.82545536, 563.670917225482526 ], [ -5.23295841, 57.8254441, 564.807662133406552 ], [ -5.2330419, 57.82542564, 565.877028588484677 ], [ -5.2331127, 57.82539275, 566.853349127686784 ], [ -5.23320002, 57.8253748, 567.975184018869754 ], [ -5.23327146, 57.82534146, 569.116268962368622 ], [ -5.23334695, 57.82531218, 570.429479585973581 ], [ -5.23342948, 57.8252843, 571.515454143032684 ], [ -5.23351119, 57.82526467, 572.393065575789365 ], [ -5.23358864, 57.82524144, 573.382408401542762 ], [ -5.23369219, 57.8252222, 574.454039696883115 ], [ -5.23378679, 57.82522653, 575.467164435303971 ], [ -5.23387927, 57.82521361, 576.500670556258115 ], [ -5.23400378, 57.82518806, 577.368847697720184 ], [ -5.23409282, 57.82518741, 578.332520880616471 ], [ -5.23417022, 57.82521406, 579.366970866665497 ], [ -5.23426413, 57.82520826, 580.280632278495887 ], [ -5.23435881, 57.82520652, 581.388498838205692 ], [ -5.23445526, 57.82520241, 582.278378337368622 ], [ -5.23453761, 57.82518325, 583.107676084299442 ], [ -5.2346249, 57.82516714, 583.943201596994754 ], [ -5.23471981, 57.82515051, 584.849691377965769 ], [ -5.23479776, 57.82519419, 585.880932658657798 ], [ -5.23488988, 57.82520053, 586.896888992363188 ], [ -5.23497775, 57.8252079, 587.88547759797143 ], [ -5.23505661, 57.82518538, 588.923323754500416 ], [ -5.2351408, 57.82519343, 589.814713873780534 ], [ -5.23524725, 57.82518769, 590.780087321743736 ], [ -5.23533245, 57.82518292, 591.636186041749284 ], [ -5.23540772, 57.82515607, 592.641193104388776 ], [ -5.23548021, 57.82513246, 593.719429275566313 ], [ -5.23555838, 57.82510684, 594.628183896799555 ], [ -5.23565399, 57.82509339, 595.732089710834089 ], [ -5.23570858, 57.82505338, 596.792207159913346 ], [ -5.23579157, 57.82503241, 597.943293149729243 ], [ -5.23587802, 57.82500751, 599.086830398613188 ], [ -5.2359663, 57.82500107, 600.438353661726978 ], [ -5.23604327, 57.82497601, 601.591704491805103 ], [ -5.23608579, 57.82492951, 602.618416091972563 ], [ -5.23613809, 57.82488671, 603.687028326905534 ], [ -5.23618902, 57.82484821, 604.849817807932368 ], [ -5.23626445, 57.82482436, 606.083759022357526 ], [ -5.2363614, 57.82482599, 607.511717919539478 ], [ -5.23644705, 57.82480596, 608.733013957485923 ], [ -5.23652161, 57.82477852, 610.06943755890893 ], [ -5.23661392, 57.82474329, 611.578930705532798 ], [ -5.23667672, 57.8247119, 612.692460455811784 ], [ -5.23675239, 57.824688, 613.907718372943464 ], [ -5.2368297, 57.82465071, 615.095421096855375 ], [ -5.23691652, 57.82462935, 616.233299514824125 ], [ -5.23700471, 57.82462073, 617.158095483016041 ], [ -5.23708358, 57.8246032, 618.299180426514909 ], [ -5.23713093, 57.82456551, 619.492921271241471 ], [ -5.23719669, 57.82453632, 620.742339257430103 ], [ -5.2372698, 57.82450943, 621.804721546771589 ], [ -5.23734853, 57.82449053, 622.877484172329673 ], [ -5.23743552, 57.82447298, 623.801903030449125 ], [ -5.23751096, 57.82445269, 624.788226795795026 ], [ -5.23760016, 57.82443189, 625.569208677072993 ], [ -5.23769192, 57.8244173, 626.333390631593034 ], [ -5.23775481, 57.82438449, 627.487120751570728 ], [ -5.23782882, 57.82435962, 628.739368153216901 ], [ -5.23789556, 57.82432914, 629.834779181397721 ], [ -5.23797797, 57.824312, 631.005871623501548 ], [ -5.23806187, 57.82429808, 632.153940732737055 ], [ -5.23813853, 57.82426614, 633.426950986643305 ], [ -5.23820037, 57.8242276, 634.640321173585221 ], [ -5.23828397, 57.82421536, 635.883511394009361 ], [ -5.23835949, 57.82419207, 637.499072743060651 ], [ -5.23843985, 57.82420629, 638.995733248082956 ], [ -5.23851981, 57.82422327, 640.357636847413346 ], [ -5.238604, 57.82421113, 641.781632819093034 ], [ -5.23869055, 57.82419344, 643.345102842112055 ], [ -5.23878731, 57.8241682, 644.90970855500268 ], [ -5.23885815, 57.82413867, 646.371262946046159 ], [ -5.23894433, 57.82412329, 647.920956462368736 ], [ -5.23902948, 57.82413524, 649.417050212368736 ], [ -5.23912384, 57.82413877, 650.680057240130964 ], [ -5.2392039, 57.82415351, 652.075743798445728 ], [ -5.23932008, 57.82414891, 653.271939128384361 ], [ -5.2393989, 57.82412708, 654.399057920237055 ], [ -5.23947495, 57.82409816, 655.544105789238188 ], [ -5.23953834, 57.82406056, 656.550058896799555 ], [ -5.23961386, 57.82403299, 657.632635103551706 ], [ -5.23970497, 57.82401876, 658.808446871129831 ], [ -5.23978947, 57.82400025, 659.827609730365339 ], [ -5.23987578, 57.8239735, 660.809593460136625 ], [ -5.23994667, 57.8239431, 661.648892253384361 ], [ -5.24001761, 57.82391608, 662.478377465437916 ], [ -5.24010177, 57.82389571, 662.900575079835221 ], [ -5.24018788, 57.82388092, 663.582660389545026 ], [ -5.24027747, 57.82385764, 664.471975313512644 ], [ -5.24035044, 57.82383476, 665.255219855225846 ], [ -5.24042545, 57.82380377, 665.942022310582956 ], [ -5.24051097, 57.82378341, 666.859457002965769 ], [ -5.24058551, 57.82383252, 667.361678246687916 ], [ -5.24057419, 57.82378622, 667.606086990410063 ], [ -5.24049816, 57.82375038, 667.862388870292875 ], [ -5.24063909, 57.82370439, 668.089058181816313 ], [ -5.24070757, 57.82366447, 668.415190819930103 ], [ -5.2407663, 57.82362931, 668.841538824952409 ], [ -5.24081804, 57.82359098, 669.23221832062768 ], [ -5.24087462, 57.82355127, 669.555142253384361 ], [ -5.24092853, 57.82351199, 669.990741444232526 ], [ -5.24100177, 57.8234794, 670.266480841553971 ], [ -5.24108454, 57.82345842, 670.473897920934519 ], [ -5.24115536, 57.82342265, 670.634509754779401 ], [ -5.24124859, 57.82340536, 670.716041824394438 ], [ -5.24133717, 57.82338822, 670.612048817279401 ], [ -5.24143375, 57.82338504, 670.963848918423423 ], [ -5.24152993, 57.82338978, 671.349054868479243 ], [ -5.24162308, 57.82341005, 671.701609189768305 ], [ -5.24172749, 57.82342384, 672.041707979528269 ], [ -5.24182082, 57.82343411, 672.406720012173423 ], [ -5.24185761, 57.8233818, 672.59696441437768 ], [ -5.24199041, 57.82336336, 672.830048956788346 ], [ -5.24208007, 57.82337333, 673.165615886196861 ], [ -5.24216837, 57.82337084, 673.599891922050688 ], [ -5.2422636, 57.8233606, 673.961882714461353 ], [ -5.24235625, 57.82334977, 674.279522746548423 ], [ -5.24245151, 57.8233452, 674.451271316581938 ], [ -5.24254103, 57.82332367, 674.743431350761625 ], [ -5.24261886, 57.82329669, 675.158269869176706 ], [ -5.24268522, 57.82325988, 675.403812122943464 ], [ -5.24270865, 57.82320798, 675.785999012591901 ], [ -5.24275179, 57.8231615, 676.224237973947993 ], [ -5.24281859, 57.82312053, 676.634544632011625 ], [ -5.24285937, 57.82308072, 677.033904198836353 ], [ -5.2428849, 57.82303751, 677.549901949254831 ], [ -5.24293255, 57.82299923, 678.086095796911081 ], [ -5.24299138, 57.8229624, 678.623987729807368 ], [ -5.24304918, 57.82292026, 679.166596808350846 ], [ -5.24310165, 57.82287651, 679.830373751012644 ], [ -5.24314872, 57.82283829, 680.700436442837486 ], [ -5.24320551, 57.82280092, 681.648070458601978 ], [ -5.24323244, 57.822758, 682.606651565605375 ], [ -5.24328874, 57.8227148, 683.590897955811784 ], [ -5.24334605, 57.82267657, 684.523996885080919 ], [ -5.24338733, 57.82263281, 685.476535511615452 ], [ -5.24341314, 57.82258845, 686.265066133825371 ], [ -5.24343965, 57.82254536, 687.225532791191313 ], [ -5.24347681, 57.82250333, 688.136362607737055 ], [ -5.24351611, 57.82245663, 688.909606103133228 ], [ -5.24355369, 57.82241601, 689.743431350761625 ], [ -5.24359987, 57.8223782, 690.617269502965769 ], [ -5.24364685, 57.82233138, 691.318227754918894 ], [ -5.24369937, 57.82228831, 691.98502593781518 ], [ -5.24374138, 57.82224817, 692.461200428607526 ], [ -5.24380146, 57.82220123, 693.040990816442331 ], [ -5.24387233, 57.82217123, 693.628517410331938 ], [ -5.24394394, 57.82214649, 694.167163563373151 ], [ -5.24400365, 57.82211409, 694.700338350622019 ], [ -5.24405814, 57.82207675, 695.266352231760493 ], [ -5.24410858, 57.82203201, 695.888230719483659 ], [ -5.24416825, 57.82199699, 696.436313343646589 ], [ -5.24423421, 57.82196655, 697.0202563019335 ], [ -5.24430108, 57.82192541, 697.462460368618736 ], [ -5.24436501, 57.8218902, 697.941468634522721 ], [ -5.24442712, 57.82185835, 698.387635626710221 ], [ -5.24449205, 57.82182108, 698.978560570906666 ], [ -5.24454317, 57.82177938, 699.628748471994868 ], [ -5.24457871, 57.82172031, 700.3500902863085 ], [ -5.24460134, 57.82167049, 701.129749012591901 ], [ -5.2446689, 57.82163657, 702.012459060722563 ], [ -5.24472687, 57.82160237, 702.632449818255964 ], [ -5.24478375, 57.82156086, 703.293018055560651 ], [ -5.2448577, 57.82153014, 703.927918829835221 ], [ -5.24490477, 57.82149026, 704.58867671208975 ], [ -5.24495106, 57.82145187, 705.332854394148853 ], [ -5.2450141, 57.82141755, 706.055327538680103 ], [ -5.24506362, 57.82136979, 707.121295643451276 ], [ -5.24513778, 57.82132987, 708.159518910052839 ], [ -5.24520761, 57.82129936, 709.019955485806236 ], [ -5.24524721, 57.82125785, 709.927389131872019 ], [ -5.24529963, 57.82122156, 710.841238008825144 ], [ -5.24537448, 57.82120082, 711.916455119595298 ], [ -5.24543381, 57.82116801, 712.991105475343034 ], [ -5.24547807, 57.82112478, 714.018383830532798 ], [ -5.2455261, 57.82108683, 715.333482184327409 ], [ -5.24559875, 57.82104417, 716.689155838066313 ], [ -5.24567501, 57.82102236, 718.026900414656666 ], [ -5.24570621, 57.82098006, 719.460899612480375 ], [ -5.2457403, 57.82093631, 720.823934542028269 ], [ -5.24580446, 57.82090146, 722.191124221855375 ], [ -5.24584655, 57.82084592, 723.450922544260493 ], [ -5.24591589, 57.82081895, 724.621827521241471 ], [ -5.24599191, 57.82079146, 725.884644904053971 ], [ -5.24606215, 57.82075856, 727.120284203719166 ], [ -5.2461294, 57.82072655, 728.296660546492603 ], [ -5.24618195, 57.82068533, 729.190690436280534 ], [ -5.24623558, 57.82064198, 730.148325498362055 ], [ -5.24627929, 57.82060289, 731.014423084857526 ], [ -5.24634007, 57.82054782, 731.877503790772721 ], [ -5.24636642, 57.82050352, 732.741530541609791 ], [ -5.24640197, 57.82046023, 733.706526879500416 ], [ -5.24644176, 57.82041444, 734.612262440326276 ], [ -5.24646208, 57.82036979, 735.475909901263776 ], [ -5.24648613, 57.82032412, 736.427883952603111 ], [ -5.24650606, 57.82027882, 737.354188361085221 ], [ -5.24654828, 57.82023781, 738.269550037982526 ], [ -5.24662093, 57.82020131, 739.386667783518305 ], [ -5.24668673, 57.8201651, 740.447729097692331 ], [ -5.24675666, 57.82013575, 741.585420050538346 ], [ -5.24680877, 57.82008482, 742.777842099924555 ], [ -5.24681875, 57.8200363, 743.862497861643305 ], [ -5.24684814, 57.81998749, 745.092853260638776 ], [ -5.24684971, 57.81994239, 746.26224761750268 ], [ -5.24683901, 57.81989593, 747.444284971018419 ], [ -5.24690485, 57.81984964, 748.53950853407639 ], [ -5.24692611, 57.81980518, 749.531491130337599 ], [ -5.24695727, 57.81975946, 750.623880918284044 ], [ -5.24700335, 57.81971722, 751.555848517335335 ], [ -5.24706527, 57.81967601, 752.470830904333184 ], [ -5.24712003, 57.81963688, 753.348817267335335 ], [ -5.2471635, 57.81959497, 754.239076056397835 ], [ -5.24720217, 57.81954828, 755.25767434043803 ], [ -5.24726826, 57.81951298, 756.183224528775099 ], [ -5.24731147, 57.8194687, 757.21389905444471 ], [ -5.24736076, 57.81942913, 758.244573580114434 ], [ -5.24739472, 57.81938281, 759.264492839321974 ], [ -5.24744212, 57.81934075, 760.360658087647835 ], [ -5.24747789, 57.81929172, 761.548550456509474 ], [ -5.24751113, 57.81925017, 762.64169446460096 ], [ -5.24752065, 57.81920307, 763.950562872804085 ], [ -5.24755937, 57.81915134, 765.159215914098809 ], [ -5.24760743, 57.81911401, 766.359184524589864 ], [ -5.2476532, 57.8190725, 767.552740084020684 ], [ -5.24770326, 57.8190317, 768.883694499478224 ], [ -5.24775751, 57.8189903, 770.096497931397835 ], [ -5.24782113, 57.81895852, 771.258533192279515 ], [ -5.24787636, 57.81890891, 772.44962990684428 ], [ -5.24792516, 57.81886337, 773.707730144009474 ], [ -5.24797812, 57.81882517, 774.921287796074239 ], [ -5.24802674, 57.81878511, 776.144284099087599 ], [ -5.2480447, 57.81873917, 777.37916917860764 ], [ -5.2480823, 57.81869715, 778.555547701208184 ], [ -5.24813974, 57.81865916, 779.80025072157639 ], [ -5.24821118, 57.81861568, 780.91245949668803 ], [ -5.24827417, 57.81858556, 782.097709915214864 ], [ -5.24831574, 57.81854506, 783.599841786029515 ], [ -5.24834972, 57.81849736, 785.021947847692559 ], [ -5.2483948, 57.8184519, 786.47331154746928 ], [ -5.24842083, 57.81840715, 787.934863758685765 ], [ -5.24847465, 57.81836687, 789.292991897636739 ], [ -5.24852872, 57.81832234, 790.81230080528178 ], [ -5.2485881, 57.8182888, 792.064550386755059 ], [ -5.24864183, 57.81824863, 793.377573545237169 ], [ -5.24870161, 57.81820943, 794.53432054579514 ], [ -5.24877094, 57.81818298, 795.571037551933614 ], [ -5.24883802, 57.81814402, 796.49545423022596 ], [ -5.24889642, 57.81810592, 797.460638033239434 ], [ -5.24896523, 57.81807749, 798.385813291330919 ], [ -5.24902056, 57.81804358, 799.377987712368849 ], [ -5.24909713, 57.8180174, 800.251636219623265 ], [ -5.24916729, 57.81799237, 801.198513835415724 ], [ -5.24923961, 57.81796581, 802.12425148887553 ], [ -5.24931278, 57.81794005, 803.047726481900099 ], [ -5.24940314, 57.81789168, 803.99497902793803 ], [ -5.24949919, 57.81785252, 804.770108073696974 ], [ -5.24957151, 57.8178236, 805.689053386196974 ], [ -5.2496351, 57.81779331, 806.682169492502794 ], [ -5.2496983, 57.81775442, 807.624142497525099 ], [ -5.2497658, 57.81772545, 808.793724319511739 ], [ -5.24982515, 57.8176922, 809.93405286303846 ], [ -5.24989112, 57.81766089, 811.102880464880059 ], [ -5.24997541, 57.81763547, 812.280579962647835 ], [ -5.2500498, 57.81759977, 813.29313576621928 ], [ -5.25013689, 57.81757353, 814.251527228272835 ], [ -5.25021273, 57.81754664, 815.120083659634474 ], [ -5.25027691, 57.817515, 815.973917539377794 ], [ -5.25034619, 57.81748415, 816.790759754779515 ], [ -5.25043089, 57.81745785, 817.57759447157639 ], [ -5.25050666, 57.81743794, 818.419535215159044 ], [ -5.25057364, 57.81741044, 819.239773601040724 ], [ -5.25064328, 57.81738339, 819.943373803328655 ], [ -5.25071593, 57.81734992, 820.825894206509474 ], [ -5.25076474, 57.81731243, 821.564977632848809 ], [ -5.25080502, 57.81726401, 822.431833799143419 ], [ -5.25086908, 57.81723035, 823.21998949110764 ], [ -5.25091752, 57.81719346, 824.120249326487169 ], [ -5.25097457, 57.8171566, 825.005411680002794 ], [ -5.25103463, 57.8171177, 825.94040051928846 ], [ -5.25111057, 57.81708766, 826.958994443674669 ], [ -5.25117216, 57.81705533, 828.007787691442559 ], [ -5.25122682, 57.81701828, 829.09848157397596 ], [ -5.25130407, 57.81698516, 830.268063395962599 ], [ -5.25137887, 57.81695866, 831.37480080528178 ], [ -5.25145007, 57.81692866, 832.554762963484905 ], [ -5.2515167, 57.81689428, 833.825698022078655 ], [ -5.2515918, 57.81686233, 834.995846599087599 ], [ -5.25164513, 57.81681957, 836.191472994176934 ], [ -5.25169422, 57.81678293, 837.349353504779515 ], [ -5.25175702, 57.81674014, 838.71031105918803 ], [ -5.25181039, 57.8166992, 839.91330090991346 ], [ -5.25187345, 57.8166608, 841.368435710415724 ], [ -5.25190738, 57.81661747, 842.674662168284044 ], [ -5.25194797, 57.81657236, 844.109607411029515 ], [ -5.25195943, 57.8165217, 845.620611177770684 ], [ -5.25201513, 57.8164803, 847.082163388987169 ], [ -5.25198287, 57.81643096, 848.675830555560765 ], [ -5.25204571, 57.81637835, 850.37405530444471 ], [ -5.25208778, 57.81633613, 851.991129453440294 ], [ -5.25213326, 57.81629566, 853.515909726877794 ], [ -5.25210495, 57.81624906, 855.066734573417989 ], [ -5.25211681, 57.81620014, 856.69154710829514 ], [ -5.25207134, 57.8161578, 858.231804153496114 ], [ -5.2521458, 57.81612668, 859.779612119455919 ], [ -5.25221599, 57.81610001, 861.355160563931349 ], [ -5.25227369, 57.81605943, 862.837857097134474 ], [ -5.25233624, 57.81602073, 864.35055676928846 ], [ -5.25240146, 57.81598853, 865.773229585973809 ], [ -5.25245912, 57.81595498, 867.20987073413221 ], [ -5.25253822, 57.8159122, 868.67897386610764 ], [ -5.25258273, 57.81587177, 870.095421096855489 ], [ -5.25261479, 57.81582891, 871.345595483016155 ], [ -5.2526675, 57.81578902, 872.684850679723809 ], [ -5.25270339, 57.81574155, 874.015421445627794 ], [ -5.25273131, 57.81569633, 875.461121954835335 ], [ -5.25278671, 57.81565988, 876.706387370571974 ], [ -5.25284731, 57.81562829, 877.982606329835335 ], [ -5.25291174, 57.81559556, 879.182195650426934 ], [ -5.25299926, 57.81555551, 880.434257766777364 ], [ -5.25305056, 57.81551676, 881.648382173864434 ], [ -5.2531164, 57.81548014, 882.967443453161309 ], [ -5.25318272, 57.81545188, 884.504116862759474 ], [ -5.25323851, 57.81541795, 885.730884266498265 ], [ -5.25329716, 57.81538422, 886.96482766075053 ], [ -5.25337422, 57.81535246, 888.068923119734905 ], [ -5.25341635, 57.81531265, 889.239638451766155 ], [ -5.25346525, 57.81527583, 890.346938256453655 ], [ -5.25353249, 57.81523883, 891.439332404054085 ], [ -5.25362268, 57.81521927, 892.46208107871928 ], [ -5.25369861, 57.81519201, 893.57919446460096 ], [ -5.25377237, 57.81516284, 894.73141614428846 ], [ -5.25384651, 57.81512666, 895.786064407402364 ], [ -5.25388685, 57.81508109, 896.867132173864434 ], [ -5.25397637, 57.81503806, 897.81967298022596 ], [ -5.25404532, 57.81500712, 898.843742630058614 ], [ -5.25412316, 57.81498861, 899.692667539377794 ], [ -5.2541921, 57.81495474, 900.654455171911309 ], [ -5.25427474, 57.81493319, 901.547922666330919 ], [ -5.254364, 57.81488824, 902.413645322580919 ], [ -5.25445919, 57.8148768, 903.393930967112169 ], [ -5.25454929, 57.81486128, 904.519728783797405 ], [ -5.25460861, 57.81481781, 905.614573056955919 ], [ -5.25465728, 57.81477649, 906.749996989712599 ], [ -5.25470646, 57.81473759, 907.91109056532639 ], [ -5.25475884, 57.81469274, 909.14522142470139 ], [ -5.25481665, 57.81465217, 910.394070476040724 ], [ -5.25484599, 57.81460711, 911.589696871130059 ], [ -5.25487658, 57.81456052, 912.833828776821974 ], [ -5.25486646, 57.81451266, 913.764100470460448 ], [ -5.25487534, 57.81446361, 914.688896438652478 ], [ -5.25485549, 57.8144172, 915.554810919679198 ], [ -5.25485379, 57.81437053, 916.505084705951617 ], [ -5.25484614, 57.8143199, 917.617668411308728 ], [ -5.2548508, 57.81427046, 918.567187977435992 ], [ -5.25484637, 57.81422045, 919.475752953719393 ], [ -5.25484168, 57.81417388, 920.392998001152478 ], [ -5.25484776, 57.81412605, 921.258720657402478 ], [ -5.25484762, 57.81407776, 922.362624291610018 ], [ -5.25482575, 57.81402795, 923.148321138708297 ], [ -5.2548293, 57.81397898, 923.598642881174783 ], [ -5.25487282, 57.81393716, 923.589016765103338 ], [ -5.25500407, 57.81390806, 924.167673642893533 ], [ -5.25508449, 57.81389344, 924.882408401543103 ], [ -5.25517009, 57.8138786, 925.371038423864547 ], [ -5.25524418, 57.81385588, 925.670934664098922 ], [ -5.25533146, 57.8138314, 926.194860445348922 ], [ -5.25541787, 57.81381786, 926.302439267893533 ], [ -5.25550038, 57.8138031, 926.568365084020797 ], [ -5.25557709, 57.81377719, 926.775405053328768 ], [ -5.2556582, 57.81375215, 926.941869722692672 ], [ -5.25572456, 57.81371903, 926.982449382290838 ], [ -5.25579161, 57.81368302, 926.821647903496228 ], [ -5.255855, 57.81364562, 926.584221145683728 ], [ -5.25592513, 57.8136125, 926.538170120293103 ], [ -5.25599722, 57.81357286, 927.193269171632323 ], [ -5.25607007, 57.81353993, 927.327080032402478 ], [ -5.25608142, 57.81348276, 927.384453079277478 ], [ -5.25611763, 57.81354552, 927.652833380616698 ], [ -5.25603921, 57.81352708, 928.393612712368963 ], [ -5.25594356, 57.81351491, 928.539316709299783 ], [ -5.2558554, 57.81351458, 928.881680339322088 ], [ -5.25577385, 57.81353244, 929.122882557514117 ], [ -5.25568862, 57.81354056, 929.243108736364547 ], [ -5.25560331, 57.81354904, 929.486006859969393 ], [ -5.25550186, 57.81355697, 929.576787935583297 ], [ -5.25541565, 57.8135765, 929.507521752547518 ], [ -5.25532392, 57.81360682, 929.940853923306463 ], [ -5.25524983, 57.81363652, 930.508563709857867 ], [ -5.2551624, 57.81365178, 930.882255813652478 ], [ -5.25506658, 57.81365868, 930.759579509243963 ], [ -5.25497658, 57.8136689, 930.915663842391268 ], [ -5.25488976, 57.8136904, 931.065518229947088 ], [ -5.25479458, 57.81370515, 931.186498628942672 ], [ -5.25470886, 57.81372422, 931.381649821743963 ], [ -5.25461622, 57.81375007, 931.742511463764117 ], [ -5.25452669, 57.81376303, 932.145648670795367 ], [ -5.25443742, 57.81377101, 932.954373210415838 ], [ -5.25434621, 57.81377842, 933.057047422190408 ], [ -5.25426213, 57.81376976, 934.057147694232867 ], [ -5.2541721, 57.81377027, 934.767732062257323 ], [ -5.25408378, 57.81377564, 935.411504732458297 ], [ -5.25399434, 57.81378003, 935.600992734690408 ], [ -5.25390792, 57.81379049, 936.040742316163573 ], [ -5.25381994, 57.81380786, 936.675643090438143 ], [ -5.25373179, 57.81379861, 936.997620978272948 ], [ -5.25362385, 57.81378189, 937.549858352714978 ], [ -5.25353515, 57.81378644, 937.993950149589978 ], [ -5.25344654, 57.81378966, 938.376322324534158 ], [ -5.25335605, 57.81379201, 938.891942964880172 ], [ -5.25327245, 57.81380318, 939.326404286029742 ], [ -5.25317672, 57.81380276, 939.420581532123492 ], [ -5.25312563, 57.81376549, 940.340468529891268 ], [ -5.25322814, 57.81375246, 940.458427688652478 ], [ -5.25330239, 57.81372097, 941.125036226598922 ], [ -5.25336725, 57.81368668, 941.498353400147948 ], [ -5.25341558, 57.81364625, 942.419373907960448 ], [ -5.25346836, 57.81360581, 942.991238444790838 ], [ -5.25350555, 57.81356219, 943.708052758406893 ], [ -5.25355762, 57.8135249, 944.255572987201617 ], [ -5.25360475, 57.81348763, 945.100343146241698 ], [ -5.25365275, 57.81345063, 945.538959217670367 ], [ -5.25373128, 57.8134299, 946.519244862201617 ], [ -5.25380284, 57.81339007, 946.656451893451617 ], [ -5.25387954, 57.81335892, 946.957106713485018 ], [ -5.25395985, 57.81334067, 947.085446208462713 ], [ -5.25404795, 57.81331161, 945.736377430560992 ], [ -5.2541247, 57.81329163, 945.730147484969393 ], [ -5.25420478, 57.81326326, 945.593690314210448 ], [ -5.25428343, 57.81323524, 945.651817581230603 ], [ -5.25436093, 57.81320352, 945.588781343786422 ], [ -5.25444497, 57.81317196, 945.705227702603338 ], [ -5.25449624, 57.81313162, 946.113836275427047 ], [ -5.25456219, 57.81309708, 946.509610026822088 ], [ -5.25462227, 57.81305888, 946.122516346576617 ], [ -5.25464011, 57.8129986, 946.002856922748492 ], [ -5.25465408, 57.81294599, 946.203292016219393 ], [ -5.25463548, 57.81289924, 946.776098238317672 ], [ -5.25455866, 57.81284232, 947.088075079835448 ], [ -5.25449856, 57.8128108, 947.305870315605603 ], [ -5.25443015, 57.81278021, 949.018063395962713 ], [ -5.25435545, 57.81275553, 949.718454892893533 ], [ -5.2542688, 57.8127432, 950.035340704835448 ], [ -5.25417892, 57.81272037, 950.557378755895797 ], [ -5.25411473, 57.8126864, 951.061677374757323 ], [ -5.25404547, 57.81265517, 950.915785912703768 ], [ -5.25397863, 57.81261889, 950.954098552212713 ], [ -5.25389807, 57.81259195, 951.327603190884588 ], [ -5.25381721, 57.81257311, 951.640338612201617 ], [ -5.25374189, 57.81254837, 952.207860933630172 ], [ -5.25365564, 57.81251826, 951.822275693674783 ], [ -5.25358406, 57.81247925, 952.053664330672518 ], [ -5.25351645, 57.812448, 952.662707996967242 ], [ -5.25345375, 57.8124143, 953.223817267335448 ], [ -5.25337509, 57.812382, 953.760952800259588 ], [ -5.25330285, 57.81235446, 953.792093808909158 ], [ -5.25322215, 57.81232922, 954.296579892893533 ], [ -5.25312483, 57.81231355, 954.469649438094393 ], [ -5.25304742, 57.81229557, 954.662912900706033 ], [ -5.25297065, 57.8122647, 955.153622477993963 ], [ -5.25292091, 57.8122266, 955.232702242223922 ], [ -5.25285983, 57.8121924, 954.958846215438143 ], [ -5.2527971, 57.8121546, 955.358770357458297 ], [ -5.25270942, 57.81215686, 955.497682013429198 ], [ -5.25262312, 57.81215637, 955.678869234411422 ], [ -5.25254139, 57.81212903, 955.732471180560992 ], [ -5.25250653, 57.81208582, 955.675098133685992 ], [ -5.25242202, 57.81203052, 955.618287482179198 ], [ -5.25236863, 57.81199346, 955.939515509522948 ], [ -5.25228361, 57.81199548, 955.975565488596658 ], [ -5.25219135, 57.8119938, 956.386816011755172 ], [ -5.25209752, 57.812001, 956.724649961252908 ], [ -5.25201803, 57.8120167, 957.145526600482867 ], [ -5.25192603, 57.81202205, 957.518464484132323 ], [ -5.25184165, 57.81201954, 957.926506301933728 ], [ -5.25175083, 57.81199989, 958.478176921353338 ], [ -5.25167804, 57.81196892, 959.002290167726073 ], [ -5.25154504, 57.81196838, 959.229711519567672 ], [ -5.25144252, 57.81198772, 960.528574521799783 ], [ -5.25138245, 57.8120239, 961.508855806677047 ], [ -5.25130803, 57.81204556, 962.767710263987283 ], [ -5.25122413, 57.81202253, 964.132635103552047 ], [ -5.25128659, 57.81206552, 964.812828323418103 ], [ -5.2513296, 57.8121079, 966.298349912424783 ], [ -5.2512504, 57.81213014, 967.249757208741698 ], [ -5.25123927, 57.81217684, 968.515408366665838 ], [ -5.25129007, 57.81221646, 969.325074591554198 ], [ -5.25127545, 57.8122777, 970.218542085973922 ], [ -5.25128991, 57.8123221, 971.049723203440408 ], [ -5.25134649, 57.81237375, 971.855993257848922 ], [ -5.25144189, 57.81237927, 972.083798259243963 ], [ -5.25135884, 57.81236355, 972.158160877826617 ], [ -5.25128175, 57.81233197, 971.460603156007323 ], [ -5.25132888, 57.81228664, 970.812492630058728 ], [ -5.25132853, 57.81224146, 969.823526914377908 ], [ -5.25138492, 57.81220383, 969.008951719065408 ], [ -5.25144313, 57.81216402, 968.168898705672518 ], [ -5.25150513, 57.81212529, 966.847762231063143 ], [ -5.25153416, 57.81208206, 964.969483771241698 ], [ -5.25156608, 57.81203329, 962.761105388150213 ], [ -5.25163779, 57.81200469, 961.152148914935992 ], [ -5.25172145, 57.81197766, 959.604720238875643 ], [ -5.2518063, 57.81198294, 958.007844366944823 ], [ -5.25189237, 57.81198277, 956.717848900985018 ], [ -5.25198553, 57.81197397, 955.257992595181463 ], [ -5.25208646, 57.81197784, 954.220333903775213 ], [ -5.2521726, 57.81198774, 953.210607515661422 ], [ -5.25225644, 57.81197424, 952.146716786029742 ], [ -5.2523664, 57.81197114, 950.939764009802047 ], [ -5.25245575, 57.81197994, 949.506327207346658 ], [ -5.25254248, 57.81196961, 947.921719401822088 ], [ -5.25263212, 57.81197744, 946.984088612201617 ], [ -5.25271533, 57.81198633, 946.122703811699353 ], [ -5.25283701, 57.81196486, 945.825262056677047 ], [ -5.25292145, 57.81198688, 945.471009650147948 ], [ -5.25299653, 57.81200996, 944.737397589601073 ], [ -5.25306835, 57.81204132, 944.112122931397948 ], [ -5.25313735, 57.81207132, 943.365492943953768 ], [ -5.25321361, 57.81209213, 942.817031029891268 ], [ -5.25318883, 57.81213878, 942.467683234132323 ], [ -5.25324263, 57.81210399, 942.177221285192672 ], [ -5.25336673, 57.81213861, 941.943378162982867 ], [ -5.25344802, 57.81217063, 941.587046201487283 ], [ -5.25351973, 57.81220027, 941.508912482179198 ], [ -5.25358058, 57.81223612, 941.717840181677047 ], [ -5.25367806, 57.81228853, 941.512875407681463 ], [ -5.2537583, 57.81232347, 941.802962426375643 ], [ -5.25383747, 57.81235574, 941.570065349087713 ], [ -5.25390627, 57.81238187, 941.227134964043103 ], [ -5.25398335, 57.81241097, 941.032550526264117 ], [ -5.25404797, 57.8124415, 941.001409517614547 ], [ -5.25410563, 57.81247622, 941.054065418842242 ], [ -5.25417103, 57.81251323, 941.050856713485018 ], [ -5.25423876, 57.81254006, 941.163344506453768 ], [ -5.25433005, 57.81255794, 941.157868781007323 ], [ -5.25440994, 57.81258264, 941.221659238596658 ], [ -5.25448165, 57.81261619, 941.237515300259588 ], [ -5.25454735, 57.81265641, 941.436062663540838 ], [ -5.25460322, 57.81270069, 941.423227842112283 ], [ -5.25467952, 57.81272933, 941.646503162982867 ], [ -5.25475225, 57.81275721, 941.688778727993963 ], [ -5.25480378, 57.81280141, 941.704630430002908 ], [ -5.25483798, 57.81284351, 941.633668341554198 ], [ -5.25486979, 57.81288736, 942.194965077045367 ], [ -5.25493877, 57.81291372, 942.219688674980603 ], [ -5.25496834, 57.81295864, 941.973202556118963 ], [ -5.25499246, 57.81300304, 941.894310257011853 ], [ -5.25502203, 57.81304695, 941.562514428328768 ], [ -5.25504022, 57.81309369, 941.257146822302047 ], [ -5.25505038, 57.81316193, 940.794940662982867 ], [ -5.25501451, 57.81321532, 940.527881336810992 ], [ -5.25499597, 57.81326457, 939.848629802212713 ], [ -5.25498703, 57.81331145, 939.280353260639117 ], [ -5.25495175, 57.81335394, 938.434632697022948 ], [ -5.25491526, 57.81340148, 937.538148322022948 ], [ -5.25486717, 57.8134421, 936.707908889824353 ], [ -5.25484125, 57.81349166, 935.879177897915838 ], [ -5.25485094, 57.81354432, 934.617681490270797 ], [ -5.25485898, 57.8135924, 933.621169213485018 ], [ -5.2548458, 57.81364587, 932.766393648473922 ], [ -5.2548518, 57.81369568, 931.749308164377908 ], [ -5.25485781, 57.81374341, 930.677299758964978 ], [ -5.25485699, 57.81379295, 929.573391765103338 ], [ -5.25487508, 57.81383756, 928.425887231063143 ], [ -5.25488914, 57.81389044, 927.249887998362283 ], [ -5.25486564, 57.81394205, 926.222797108295367 ], [ -5.25483587, 57.81399038, 925.180796201487283 ], [ -5.25481715, 57.8140371, 924.030654076766268 ], [ -5.25482872, 57.81408849, 923.245898914935992 ], [ -5.25485672, 57.81413807, 922.403012126431463 ], [ -5.25485092, 57.81419492, 921.615802479389117 ], [ -5.25485146, 57.81424432, 920.730073370851073 ], [ -5.25484435, 57.81429386, 919.923044736643533 ], [ -5.2548454, 57.81434683, 919.078836972971658 ], [ -5.25485108, 57.81439894, 918.318997233853338 ], [ -5.25488189, 57.81444576, 917.628419318116698 ], [ -5.25493499, 57.81448299, 916.940295887592242 ], [ -5.25498465, 57.81452828, 916.396176188931463 ], [ -5.25501264, 57.81457826, 915.885460159355603 ], [ -5.25507192, 57.81461306, 915.257918481063143 ], [ -5.25512859, 57.81464999, 914.877621501431463 ], [ -5.25516332, 57.81469855, 914.496757766777478 ], [ -5.25522168, 57.81476119, 913.943953637313143 ], [ -5.25523723, 57.814807, 913.397758743339978 ], [ -5.2552796, 57.81484967, 912.847600923864547 ], [ -5.25530101, 57.81489807, 912.226855946185992 ], [ -5.25533792, 57.81494153, 911.826931804165838 ], [ -5.25534357, 57.81499365, 911.183163493618963 ], [ -5.25538169, 57.81503623, 910.831740502547518 ], [ -5.25537767, 57.81508326, 910.446347087368963 ], [ -5.25536195, 57.81512939, 909.900531483295367 ], [ -5.25534198, 57.81518046, 909.278278065326617 ], [ -5.25534235, 57.81523379, 908.65847913256971 ], [ -5.25531585, 57.81527949, 908.016406727435765 ], [ -5.25530054, 57.81532431, 907.402079160471544 ], [ -5.25528333, 57.81537238, 906.648085717391155 ], [ -5.25524427, 57.81541843, 905.67648450366346 ], [ -5.25520051, 57.81546419, 905.048001140103224 ], [ -5.25515214, 57.81550928, 904.273434489712599 ], [ -5.25511807, 57.81555908, 903.54435646934428 ], [ -5.25512215, 57.81560746, 902.62295667163221 ], [ -5.25507814, 57.81565509, 901.855753476877794 ], [ -5.2550407, 57.81569753, 900.97587502403178 ], [ -5.25501237, 57.81574689, 900.122799724087599 ], [ -5.255016, 57.81579526, 899.527153274589864 ], [ -5.25497984, 57.81584081, 898.68162453575053 ], [ -5.25494713, 57.8158893, 897.516380569511739 ], [ -5.25489278, 57.81593504, 896.67746106616346 ], [ -5.25481437, 57.81596937, 895.479563291330919 ], [ -5.25476052, 57.81601378, 894.692920399310765 ], [ -5.2546809, 57.81603883, 893.98667824668803 ], [ -5.25461049, 57.81611511, 893.018473203440294 ], [ -5.2545682, 57.81615509, 891.976476656286309 ], [ -5.25451708, 57.8161943, 891.198893125315294 ], [ -5.25442907, 57.81621281, 890.42130959434428 ], [ -5.25435705, 57.81623675, 889.711291981342015 ], [ -5.25429208, 57.8162685, 888.627769729667989 ], [ -5.25428152, 57.81632011, 887.45780861778178 ], [ -5.25428054, 57.81637108, 886.350321347971544 ], [ -5.25428908, 57.81641972, 885.492149612480489 ], [ -5.25430033, 57.81647008, 884.948217378942559 ], [ -5.25425023, 57.81651229, 884.074377046911309 ], [ -5.2542173, 57.81655564, 883.246779565047405 ], [ -5.2541691, 57.81659766, 882.060966751152364 ], [ -5.25412502, 57.81663927, 881.144663388987169 ], [ -5.25408142, 57.81668282, 880.26327649585096 ], [ -5.25405713, 57.81672925, 879.437566744176934 ], [ -5.2540295, 57.81677171, 878.450296933909044 ], [ -5.25399516, 57.81681593, 877.517575114712599 ], [ -5.25396565, 57.81686728, 876.641092832346544 ], [ -5.25394719, 57.81691383, 875.865397031565294 ], [ -5.25391153, 57.81695685, 875.096306106621114 ], [ -5.25385719, 57.81699585, 874.29380715293803 ], [ -5.25381519, 57.81704061, 873.269737503105489 ], [ -5.25377765, 57.81708142, 872.331919248362169 ], [ -5.25373283, 57.81712607, 871.419583171353224 ], [ -5.25370256, 57.81716895, 870.68239183485764 ], [ -5.25364834, 57.81721459, 869.983508778217015 ], [ -5.25359863, 57.81725096, 869.119861317279515 ], [ -5.25354122, 57.81728649, 868.303585856900099 ], [ -5.25349763, 57.81733314, 867.762108108574239 ], [ -5.25346583, 57.81737986, 866.732567092949239 ], [ -5.25343707, 57.81742791, 865.929880674143419 ], [ -5.25341121, 57.81748098, 864.835415690884474 ], [ -5.25340456, 57.81752611, 864.124077102714864 ], [ -5.25338239, 57.81757016, 863.392919527380059 ], [ -5.25337795, 57.81762321, 862.389610549980489 ], [ -5.25338676, 57.81767807, 861.958353574534044 ], [ -5.253362, 57.81773103, 861.38951027793803 ], [ -5.25334513, 57.81777689, 860.631741374478224 ], [ -5.25330979, 57.81782111, 860.123100540214864 ], [ -5.25328766, 57.81786639, 859.863592134801934 ], [ -5.25327099, 57.8179164, 858.943138382011739 ], [ -5.25325925, 57.81796137, 858.264641067558614 ], [ -5.25324255, 57.81800664, 857.449119827324239 ], [ -5.25322272, 57.81805419, 857.124120699255059 ], [ -5.25319771, 57.81810402, 856.561882278496114 ], [ -5.25316264, 57.81814715, 856.146856294958184 ], [ -5.2531191, 57.81819718, 855.57914650840678 ], [ -5.25311899, 57.81824259, 855.114298398752794 ], [ -5.25308172, 57.81829227, 854.753061826487169 ], [ -5.25306557, 57.81834734, 854.09928810996928 ], [ -5.25302749, 57.81838845, 853.579704544121114 ], [ -5.25298986, 57.81843957, 853.450798294121114 ], [ -5.25295285, 57.81848428, 853.093337182234905 ], [ -5.2529149, 57.81852964, 852.560352039935765 ], [ -5.25287825, 57.81858036, 852.592814023752794 ], [ -5.25283548, 57.81862527, 852.34934914512553 ], [ -5.25277692, 57.81866604, 851.922621850203655 ], [ -5.25273013, 57.81871201, 851.508537551933614 ], [ -5.25268868, 57.81875651, 851.521180548585335 ], [ -5.25264728, 57.8188016, 851.519480283518419 ], [ -5.25266431, 57.81885357, 851.52268898887553 ], [ -5.25255465, 57.81889169, 851.536086205672405 ], [ -5.25249869, 57.81892799, 851.632530471855489 ], [ -5.25244759, 57.81896906, 851.675939546911309 ], [ -5.25240487, 57.81901529, 851.670463821464864 ], [ -5.2523829, 57.81906533, 851.486451544679085 ], [ -5.2523284, 57.81910708, 851.477771473529515 ], [ -5.25229786, 57.81916372, 851.498344680839864 ], [ -5.25225756, 57.81920988, 851.666697080393419 ], [ -5.25223867, 57.81926164, 851.94583264819471 ], [ -5.252232, 57.81931435, 852.121169213484905 ], [ -5.25219583, 57.81935762, 852.321037551933614 ], [ -5.25214406, 57.81939846, 852.075310012871114 ], [ -5.25209633, 57.81944525, 852.102300630895684 ], [ -5.25203812, 57.8194864, 852.147972366386739 ], [ -5.25201079, 57.81954192, 852.036430618339864 ], [ -5.2519948, 57.81958639, 852.038693278775099 ], [ -5.25196712, 57.81963675, 852.07266370288221 ], [ -5.25194707, 57.81968788, 852.032275868060765 ], [ -5.25192219, 57.81974018, 852.185526426096544 ], [ -5.25191371, 57.81978818, 852.14438001147596 ], [ -5.25189569, 57.81983584, 852.164953218786309 ], [ -5.25188441, 57.81988492, 852.142117351040724 ], [ -5.25190697, 57.81993868, 851.931681211252794 ], [ -5.25191477, 57.81999356, 851.915825149589864 ], [ -5.25191137, 57.82004383, 851.85109300673264 ], [ -5.25189864, 57.82009422, 851.644048677770684 ], [ -5.25188781, 57.82013934, 851.466261986922405 ], [ -5.25188884, 57.82018502, 851.228460298864434 ], [ -5.25188027, 57.82023808, 851.065771089880059 ], [ -5.25186052, 57.82029053, 850.578274577603224 ], [ -5.25185722, 57.82034418, 850.168157564489434 ], [ -5.25186135, 57.82039333, 849.924880150984905 ], [ -5.25189613, 57.82044159, 849.355090809467015 ], [ -5.25192852, 57.82049055, 848.636205660192559 ], [ -5.25193898, 57.82056254, 847.81785500450053 ], [ -5.25193185, 57.82061054, 846.91947853965678 ], [ -5.25191477, 57.82065634, 846.182470308630059 ], [ -5.25193447, 57.82070841, 845.43527356616346 ], [ -5.25193207, 57.82075483, 844.71034593642014 ], [ -5.25189815, 57.82080606, 844.113382871409044 ], [ -5.25187169, 57.82085824, 843.259548991665724 ], [ -5.25186534, 57.82091427, 842.378162098529515 ], [ -5.25183558, 57.82095724, 841.469976412145684 ], [ -5.25180478, 57.8210001, 840.664835508127794 ], [ -5.25179233, 57.82105171, 840.00313158095139 ], [ -5.25177026, 57.8211033, 839.082486003384474 ], [ -5.25173774, 57.82115333, 838.205628790772835 ], [ -5.25171085, 57.82119639, 837.479380185862169 ], [ -5.25167507, 57.82124287, 836.762757697022835 ], [ -5.25164416, 57.82129054, 836.144279739433614 ], [ -5.25161586, 57.82133684, 835.363866793005059 ], [ -5.2516075, 57.82139249, 834.496823161587599 ], [ -5.25157115, 57.82143383, 833.856071731621114 ], [ -5.25152128, 57.82147516, 832.922783157402364 ], [ -5.25146437, 57.82151302, 831.92985451621928 ], [ -5.25138175, 57.82154199, 830.868413912145684 ], [ -5.25130992, 57.82157603, 829.867746885080919 ], [ -5.25124226, 57.82161595, 828.942009231621114 ], [ -5.25117102, 57.82165457, 827.852073928886739 ], [ -5.25111473, 57.82168831, 826.51338548720139 ], [ -5.25104738, 57.82172783, 825.508188779612169 ], [ -5.25101953, 57.82177309, 824.251034587368849 ], [ -5.25098583, 57.8218146, 823.292455660192559 ], [ -5.25098077, 57.82186557, 822.140988200650099 ], [ -5.25095268, 57.82190838, 821.04557717246928 ], [ -5.25088965, 57.82194691, 820.053402751431349 ], [ -5.25084595, 57.82199085, 818.966671794400099 ], [ -5.25080481, 57.82203025, 817.98959485522596 ], [ -5.25079448, 57.822081, 817.262404565047405 ], [ -5.25075827, 57.82213251, 816.610893508964864 ], [ -5.25070537, 57.82217733, 815.926358073696974 ], [ -5.2506446, 57.8222109, 815.350530611364434 ], [ -5.2505739, 57.82224727, 814.795276356342015 ], [ -5.25052285, 57.82229291, 814.558983108574239 ], [ -5.25048727, 57.82234449, 814.172268718228224 ], [ -5.25046396, 57.82239335, 813.82499611778178 ], [ -5.25044208, 57.82244518, 813.335986805560765 ], [ -5.25043634, 57.82249152, 813.00834572715678 ], [ -5.25041805, 57.82253698, 812.546135208183614 ], [ -5.25038733, 57.82258903, 812.430443069511739 ], [ -5.2503799, 57.82264065, 812.214718669400099 ], [ -5.25034483, 57.82269314, 812.04391614428846 ], [ -5.25033238, 57.82273778, 811.795163005337599 ], [ -5.2503205, 57.82278251, 811.52206555835096 ], [ -5.25032596, 57.82282998, 811.167808792167989 ], [ -5.25036407, 57.82287697, 810.61595070762553 ], [ -5.25039767, 57.82292965, 810.21602220595139 ], [ -5.250359, 57.82298008, 809.88856859267014 ], [ -5.25034167, 57.82302915, 809.724937698417989 ], [ -5.25036265, 57.82307631, 809.462033122525099 ], [ -5.25035643, 57.82312626, 808.777493327603224 ], [ -5.25028318, 57.82309126, 808.01425305835096 ], [ -5.25018704, 57.82308036, 807.388790935025099 ], [ -5.25014744, 57.82312552, 806.373780646241585 ], [ -5.25009884, 57.82316699, 805.450872408239434 ], [ -5.25000486, 57.82315956, 804.681402193395684 ], [ -5.24995731, 57.8232005, 803.81039563647596 ], [ -5.24993626, 57.82324552, 802.998462391498265 ], [ -5.24993343, 57.8232954, 802.265421445627794 ], [ -5.24998814, 57.82333035, 801.551440907123265 ], [ -5.25006344, 57.82335963, 800.690060466275099 ], [ -5.25014344, 57.82338874, 799.839060361643419 ], [ -5.25021391, 57.82341609, 798.860287517056349 ], [ -5.25023245, 57.82346027, 798.199529634801934 ], [ -5.25020894, 57.82351081, 797.860562175259474 ], [ -5.25022435, 57.82356375, 797.466676154054085 ], [ -5.25019923, 57.82361635, 797.351171480505059 ], [ -5.25016589, 57.82365971, 797.167154844065294 ], [ -5.25011361, 57.82370544, 796.67814553184428 ], [ -5.25006809, 57.82374598, 796.011728818674669 ], [ -5.25002507, 57.82379479, 795.680124814768419 ], [ -5.24998072, 57.82383377, 795.33908215991346 ], [ -5.24993848, 57.82387695, 795.016724982179085 ], [ -5.24990292, 57.82391852, 794.814781448417989 ], [ -5.24986255, 57.82395886, 794.47694749892014 ], [ -5.24981628, 57.82400642, 794.099667399868849 ], [ -5.24977058, 57.82405558, 793.634435640661309 ], [ -5.24972397, 57.82409862, 793.24545423022596 ], [ -5.24970007, 57.82414827, 792.843075602993849 ], [ -5.24960327, 57.82419382, 792.740968146241585 ], [ -5.24953156, 57.82423541, 792.312540586252794 ], [ -5.24948314, 57.82428104, 791.85995618335096 ], [ -5.24940316, 57.82431146, 791.306214728272835 ], [ -5.24933372, 57.8243424, 791.176554258127794 ], [ -5.24928389, 57.82439109, 790.824564512034044 ], [ -5.24924533, 57.82443117, 790.45125169813889 ], [ -5.24918717, 57.82447569, 790.410484573417989 ], [ -5.24911573, 57.82451248, 790.166073649868849 ], [ -5.24903896, 57.82454587, 789.934305722971544 ], [ -5.24895417, 57.82456334, 789.777279704556349 ], [ -5.24885319, 57.82457712, 789.550233282960335 ], [ -5.24876475, 57.82459095, 789.27128518028178 ], [ -5.24869509, 57.82461711, 789.079721982737169 ], [ -5.24864152, 57.82465349, 788.548624570627794 ], [ -5.24856942, 57.82468996, 788.162851865549669 ], [ -5.24849119, 57.82471638, 787.973551328440294 ], [ -5.24843394, 57.82476112, 788.23362648887553 ], [ -5.248366, 57.82479714, 788.16926927626389 ], [ -5.24828809, 57.82482973, 788.100194918005059 ], [ -5.24822597, 57.82486455, 788.200035354667989 ], [ -5.24815386, 57.82489361, 787.82370130053846 ], [ -5.2480809, 57.82492028, 787.75990648329514 ], [ -5.24801627, 57.82494916, 787.29977551928846 ], [ -5.24796802, 57.82499084, 786.723381301933614 ], [ -5.24792122, 57.82503427, 786.275893334578655 ], [ -5.24784344, 57.82505745, 786.090555722971544 ], [ -5.24776118, 57.82507833, 785.921636568395684 ], [ -5.24768454, 57.82510038, 785.906726551654515 ], [ -5.24760109, 57.82512421, 785.454521438652364 ], [ -5.24751102, 57.82515412, 785.19387952319471 ], [ -5.24743062, 57.8251759, 784.84434426231303 ], [ -5.24734897, 57.82519522, 784.48216164512553 ], [ -5.24725671, 57.82521576, 784.183019625036309 ], [ -5.24717282, 57.82524615, 783.656826823696974 ], [ -5.24710106, 57.82528332, 783.264261777659044 ], [ -5.24701638, 57.82531421, 782.622189372525099 ], [ -5.24692117, 57.8253356, 782.461954648752794 ], [ -5.24682981, 57.82536075, 782.490074417167989 ], [ -5.24676699, 57.82539195, 782.28208840293803 ], [ -5.24663857, 57.82543677, 781.662664400426934 ], [ -5.24656147, 57.82546561, 781.263115188652364 ], [ -5.24649282, 57.82549431, 780.887914644567559 ], [ -5.24644383, 57.82553525, 781.077969401821974 ], [ -5.24636287, 57.82557011, 780.745044422748265 ], [ -5.24627881, 57.82558373, 780.479681001989434 ], [ -5.2461954, 57.82560628, 780.141472122246114 ], [ -5.24612869, 57.82563653, 779.759095587647835 ], [ -5.2460599, 57.82566414, 779.593389498083184 ], [ -5.24597316, 57.82567678, 779.355583450371114 ], [ -5.24586105, 57.82567077, 779.27537453575053 ], [ -5.24575374, 57.82567638, 778.90658704272596 ], [ -5.24567142, 57.82568985, 778.29622240126389 ], [ -5.24557561, 57.82571085, 778.04124367637553 ], [ -5.24548956, 57.8257312, 777.647545120292989 ], [ -5.24538961, 57.82574133, 777.051903030449239 ], [ -5.24529474, 57.82573303, 776.453993920516155 ], [ -5.24520414, 57.82574101, 775.709251663261739 ], [ -5.24511091, 57.82574315, 775.109267358016155 ], [ -5.24502571, 57.82576316, 774.47946301928846 ], [ -5.24493707, 57.82576857, 773.911561407960335 ], [ -5.24485323, 57.8257878, 773.292704160471544 ], [ -5.24476418, 57.8257876, 772.354698440605489 ], [ -5.24466906, 57.82579776, 771.403478609411309 ], [ -5.24458174, 57.82582621, 770.65835706225721 ], [ -5.244492, 57.82585454, 769.90266771376389 ], [ -5.24441276, 57.82587158, 769.244176851598809 ], [ -5.24432869, 57.82588954, 768.367698928886739 ], [ -5.24423545, 57.82591015, 767.797722122246114 ], [ -5.24415153, 57.82592962, 766.93332044116346 ], [ -5.24406298, 57.82591747, 766.189519869176934 ], [ -5.24396196, 57.82592462, 765.467613479667989 ], [ -5.24386935, 57.82594485, 764.784961414935765 ], [ -5.24379605, 57.82598608, 763.994168132290724 ], [ -5.24373239, 57.82601558, 763.11428967944471 ], [ -5.24364756, 57.82603963, 762.366713647078655 ], [ -5.24359488, 57.82607661, 761.819760173306349 ], [ -5.24353751, 57.82611163, 761.24940843642014 ], [ -5.2434458, 57.8261327, 760.489376872525099 ], [ -5.24336335, 57.82614306, 760.012256336810765 ], [ -5.24329728, 57.82617437, 759.37150490684428 ], [ -5.24321566, 57.82615267, 758.764536435862169 ], [ -5.24312044, 57.82616264, 758.066032669121114 ], [ -5.24305554, 57.82620076, 757.55777112475721 ], [ -5.24300641, 57.82624559, 756.788113444790724 ], [ -5.24291565, 57.82626496, 755.989389951487169 ], [ -5.24283252, 57.82629135, 755.171231120571974 ], [ -5.24276088, 57.8263203, 754.330423887034044 ], [ -5.24267885, 57.8263443, 753.243505464880059 ], [ -5.24259569, 57.82636115, 752.270583275984905 ], [ -5.24251363, 57.82637988, 751.124779007011739 ], [ -5.24244162, 57.82641058, 749.849314267893419 ], [ -5.24238191, 57.82644423, 748.634243815884474 ], [ -5.24232545, 57.82648114, 747.417477458462599 ], [ -5.24223948, 57.82649122, 746.383969157681349 ], [ -5.2421901, 57.82645304, 745.360653727993849 ], [ -5.24219411, 57.8264027, 744.323941081509474 ], [ -5.24213294, 57.82636558, 743.335921410750416 ], [ -5.2420465, 57.8263701, 742.230884266498151 ], [ -5.24196982, 57.82639105, 740.866338716832956 ], [ -5.24190008, 57.82642209, 739.582568836810651 ], [ -5.2418247, 57.82644702, 738.524145113317331 ], [ -5.24173077, 57.82645832, 737.72599273469018 ], [ -5.24165119, 57.82648915, 736.852719157681236 ], [ -5.24156663, 57.82651786, 735.946233736364206 ], [ -5.24147996, 57.82652834, 735.274341297748151 ], [ -5.24138706, 57.82652738, 734.458447307095298 ], [ -5.24130763, 57.82655473, 733.430981486782798 ], [ -5.24126617, 57.8265943, 732.129663999338618 ], [ -5.2412003, 57.82662252, 730.729258115549555 ], [ -5.24112036, 57.82664377, 729.457002081788346 ], [ -5.24104484, 57.82666735, 728.163608265521589 ], [ -5.24097882, 57.82669878, 726.974397101319596 ], [ -5.24091528, 57.82673082, 725.861998681258228 ], [ -5.24083336, 57.82675541, 724.66240718083975 ], [ -5.24074275, 57.82677012, 723.245018264824125 ], [ -5.24067188, 57.82679771, 721.573777594483659 ], [ -5.24057861, 57.82680252, 719.873475470460221 ], [ -5.2404873, 57.82679341, 718.1601488800585 ], [ -5.24041633, 57.82676709, 716.307537883267173 ], [ -5.24033198, 57.82676571, 714.307147694232526 ], [ -5.24024371, 57.82676323, 712.553431089182368 ], [ -5.24016379, 57.8267447, 711.089232567976978 ], [ -5.2400766, 57.82674297, 709.50235992219018 ], [ -5.23999469, 57.82673026, 707.727505534634361 ], [ -5.23990452, 57.82673753, 706.275197969762644 ], [ -5.23983545, 57.82670216, 705.129206235666743 ], [ -5.23974403, 57.82669861, 704.111931106621 ], [ -5.23969391, 57.82673852, 702.531284046771589 ], [ -5.23963435, 57.82677573, 701.205995001710221 ], [ -5.23955756, 57.82680029, 699.930532442418894 ], [ -5.2394692, 57.82682677, 698.379328305979243 ], [ -5.2394193, 57.82686525, 697.567772171074125 ], [ -5.23934774, 57.82689423, 696.598433617781666 ], [ -5.2393111, 57.82694114, 695.553036540493736 ], [ -5.23922453, 57.82694324, 693.938608701487055 ], [ -5.23913235, 57.826968, 692.790541772078541 ], [ -5.23904665, 57.82697623, 691.972568226459089 ], [ -5.23898846, 57.82701938, 691.127418777519438 ], [ -5.23893016, 57.82706199, 689.791372286168894 ], [ -5.23882879, 57.82708229, 688.301318836810651 ], [ -5.23873769, 57.82707478, 686.809567302212486 ], [ -5.23865423, 57.82708576, 686.020849214879831 ], [ -5.2386101, 57.82712615, 684.975641782541743 ], [ -5.23856673, 57.82717112, 684.366785581369868 ], [ -5.23854445, 57.82722163, 683.840407494734791 ], [ -5.23851511, 57.82726418, 682.808222348947993 ], [ -5.23845743, 57.82730133, 682.006671620013776 ], [ -5.23841239, 57.82734715, 681.409706375175688 ], [ -5.23835784, 57.82739091, 681.060735689489206 ], [ -5.23830567, 57.82743216, 680.399977807234791 ], [ -5.23824321, 57.8274735, 679.455554676654401 ], [ -5.23818627, 57.82750855, 678.774036121966901 ], [ -5.23814056, 57.82755153, 678.214439651542875 ], [ -5.23810092, 57.82759181, 677.893403448975846 ], [ -5.23801927, 57.82761705, 677.372686373082956 ], [ -5.23795433, 57.8276537, 676.824036993897721 ], [ -5.23788997, 57.82768686, 676.440152019009361 ], [ -5.2378177, 57.82772651, 675.715226569093034 ], [ -5.23775301, 57.82776182, 675.186960752268305 ], [ -5.23768428, 57.82780202, 674.70908599640893 ], [ -5.23763458, 57.82784098, 674.090603679165611 ], [ -5.23756401, 57.82786599, 673.477594907541743 ], [ -5.23748736, 57.82789485, 673.079933425956938 ], [ -5.23742206, 57.82792852, 672.586017323138776 ], [ -5.23735219, 57.82796513, 671.953381389126548 ], [ -5.23731084, 57.82800437, 671.193162360108659 ], [ -5.23727367, 57.82804744, 670.504472174561784 ], [ -5.2371867, 57.82806428, 669.692161819511625 ], [ -5.23712287, 57.82809633, 669.012720639963618 ], [ -5.2370701, 57.82813438, 668.355171463066313 ], [ -5.23700055, 57.82816594, 667.702906186838618 ], [ -5.23693825, 57.82820087, 667.396213245990339 ], [ -5.23685109, 57.82822948, 666.963635295376548 ], [ -5.23677731, 57.82826475, 666.575410284913346 ], [ -5.23671191, 57.82829465, 666.422536836950144 ], [ -5.23664504, 57.82832295, 666.300614752686784 ], [ -5.23656633, 57.82834743, 666.461416231481394 ], [ -5.23649502, 57.82838339, 666.498597540772721 ], [ -5.23641729, 57.82840576, 666.812839222552839 ], [ -5.236344, 57.82843897, 667.195403222273853 ], [ -5.23628851, 57.82847309, 667.612316936001548 ], [ -5.23625595, 57.82851782, 667.974874483434519 ], [ -5.23624186, 57.82856381, 668.363099493897721 ], [ -5.2361866, 57.82860283, 668.817194516916743 ], [ -5.23611443, 57.82864208, 669.224671759522721 ], [ -5.23603145, 57.82867342, 669.438129139545026 ], [ -5.23596904, 57.82870438, 669.642339693395456 ], [ -5.23589663, 57.8287293, 669.652342919539478 ], [ -5.23582647, 57.82877273, 669.709718146241471 ], [ -5.23574879, 57.82880879, 670.087942110387644 ], [ -5.23567352, 57.82883041, 669.673293236922291 ], [ -5.23563017, 57.82887957, 669.668573911447993 ], [ -5.23557034, 57.82891421, 669.441904599924555 ], [ -5.23551009, 57.82895346, 669.1384203644335 ], [ -5.23547213, 57.82901173, 668.812287726319596 ], [ -5.23541833, 57.829051, 668.498612799561784 ], [ -5.23530985, 57.82908518, 668.115861334718034 ], [ -5.23524779, 57.82912164, 667.837100697162214 ], [ -5.23516069, 57.82914945, 667.564567825371 ], [ -5.23506848, 57.82917436, 667.352621065465769 ], [ -5.23498657, 57.8291913, 667.054610375594166 ], [ -5.23492211, 57.82923401, 666.665062210136625 ], [ -5.2348882, 57.82928133, 666.410460595320728 ], [ -5.23485728, 57.82933391, 665.76310210969018 ], [ -5.23479874, 57.82936738, 665.898990345599714 ], [ -5.23471911, 57.82939043, 665.722901739991471 ], [ -5.23467244, 57.82942828, 665.785937977435651 ], [ -5.23462675, 57.82947503, 666.013361509104243 ], [ -5.23460817, 57.82952104, 666.234557275008228 ], [ -5.23455416, 57.82955696, 666.40215327458975 ], [ -5.23453793, 57.82960314, 666.848507731899986 ], [ -5.23449181, 57.82964188, 667.144443226459089 ], [ -5.23444604, 57.82967966, 667.466046184048423 ], [ -5.23439772, 57.82972198, 667.781231730923423 ], [ -5.23436918, 57.82977483, 668.209657111085221 ], [ -5.23432158, 57.82981741, 668.636574050956938 ], [ -5.23428099, 57.82986117, 668.863997582625416 ], [ -5.2342772, 57.82990809, 669.069529111643305 ], [ -5.23426276, 57.82995502, 669.040088368060651 ], [ -5.23426313, 57.83000905, 668.967803124617603 ], [ -5.23424023, 57.83006172, 668.937416336113188 ], [ -5.23423351, 57.83012053, 668.969311564907798 ], [ -5.23420561, 57.83016454, 669.080476202882096 ], [ -5.23420978, 57.83021084, 669.791248036029401 ], [ -5.23423769, 57.83026005, 669.729155663680103 ], [ -5.23424515, 57.83030809, 669.606477179444596 ], [ -5.23422567, 57.83035308, 669.486065715298423 ], [ -5.2342377, 57.83040377, 669.642147868618736 ], [ -5.23424596, 57.83044874, 670.111340373501548 ], [ -5.2342929, 57.83049019, 669.990172509383228 ], [ -5.23430688, 57.83054722, 669.491159971018305 ], [ -5.23424927, 57.83050869, 669.627804606899986 ], [ -5.23423576, 57.83045096, 669.767466123362055 ], [ -5.23423094, 57.83039704, 670.008855806676706 ], [ -5.23423641, 57.83034619, 669.916566290772721 ], [ -5.23424056, 57.83029751, 669.678195667865339 ], [ -5.23428348, 57.83024828, 669.003661278914478 ], [ -5.23428727, 57.8301969, 668.312329143032798 ], [ -5.23425133, 57.83015583, 667.913344506453541 ], [ -5.23416313, 57.83014775, 666.565029948696861 ], [ -5.234073, 57.83016241, 666.186995629500416 ], [ -5.23398111, 57.83017046, 665.505477074812916 ], [ -5.23388157, 57.83017021, 663.60398345734643 ], [ -5.2337927, 57.83015202, 663.071565070069596 ], [ -5.23371361, 57.83013297, 662.989276600482526 ], [ -5.23362556, 57.83011779, 662.302474145125416 ], [ -5.23353487, 57.8301276, 661.144970744595298 ], [ -5.23344137, 57.83013558, 660.009926101738188 ], [ -5.23334517, 57.83013365, 659.689456654193464 ], [ -5.23324882, 57.83014629, 658.724460316302839 ], [ -5.23315715, 57.83013972, 658.653118937954673 ], [ -5.2330774, 57.83012385, 657.499576283099714 ], [ -5.23301831, 57.83008619, 656.499853121129831 ], [ -5.23297732, 57.8300462, 656.540997355923423 ], [ -5.23288799, 57.83006082, 655.224390561838618 ], [ -5.2328155, 57.83009444, 654.166537953021589 ], [ -5.23274468, 57.83012183, 653.67148834015893 ], [ -5.23269478, 57.8301604, 653.0947191925585 ], [ -5.23261232, 57.83017822, 652.482843930979243 ], [ -5.23258375, 57.83022243, 651.923057815605375 ], [ -5.23260576, 57.83026734, 651.355912604249284 ], [ -5.23259408, 57.8303127, 650.814247390800688 ], [ -5.23254858, 57.830351, 648.717979690605375 ], [ -5.23251109, 57.83039133, 648.4467699738085 ], [ -5.23246559, 57.83043945, 647.186404896380964 ], [ -5.23241268, 57.83048442, 646.784024089321861 ], [ -5.23236449, 57.83052546, 646.054189668981394 ], [ -5.23230285, 57.83055613, 645.701635347692331 ], [ -5.23222966, 57.83058592, 645.779771246827409 ], [ -5.2321338, 57.83059702, 645.451940523473581 ], [ -5.23204998, 57.83060539, 644.878944656425688 ], [ -5.23197509, 57.83062667, 643.665951579556236 ], [ -5.23189251, 57.83065268, 642.49259429719018 ], [ -5.23183431, 57.83068736, 641.093321923445728 ], [ -5.23183646, 57.83074139, 639.563632679584089 ], [ -5.23179979, 57.83078744, 638.548622390800688 ], [ -5.23174587, 57.83082452, 638.212109416470298 ], [ -5.23165941, 57.83084322, 637.626468372943464 ], [ -5.2315944, 57.83087404, 637.400365816442331 ], [ -5.23158883, 57.83092235, 636.157177775845298 ], [ -5.23160087, 57.83096713, 634.682034343228111 ], [ -5.23162119, 57.83101322, 633.714206410052839 ], [ -5.23162709, 57.83106316, 632.169419684327409 ], [ -5.23159634, 57.83110686, 631.336536121966901 ], [ -5.23157513, 57.83115496, 631.781759249059519 ], [ -5.23152791, 57.83119306, 631.251038947022721 ], [ -5.23147947, 57.8312317, 630.936040865270456 ], [ -5.23144873, 57.83127959, 630.903578881453541 ], [ -5.23142443, 57.83133069, 631.110054275566313 ], [ -5.23137969, 57.83136949, 630.711636394009361 ], [ -5.23142982, 57.83140575, 630.384749535750416 ], [ -5.23134332, 57.83137991, 629.276693331090769 ], [ -5.23137389, 57.83143055, 628.280178874478111 ], [ -5.23140904, 57.83147312, 627.653203951207956 ], [ -5.23132935, 57.83148855, 627.706616252407798 ], [ -5.23133489, 57.83153482, 626.230341489572993 ], [ -5.23135678, 57.83158186, 625.659987572859791 ], [ -5.23128326, 57.83161249, 624.243917452184519 ], [ -5.23113679, 57.83160855, 622.218426555142173 ], [ -5.23104979, 57.8316106, 621.253242752128813 ], [ -5.23095499, 57.83161001, 620.399788162285063 ], [ -5.23085579, 57.83161654, 618.899731486782798 ], [ -5.23075208, 57.83162392, 617.528581061280534 ], [ -5.23065812, 57.83162314, 616.88877349640893 ], [ -5.23056806, 57.83164142, 615.970394938931236 ], [ -5.23048311, 57.83166076, 615.179976586531666 ], [ -5.23039447, 57.83168074, 614.096077224785063 ], [ -5.23031498, 57.83169727, 613.531386498641041 ], [ -5.23021339, 57.83170148, 612.94895416047143 ], [ -5.23011929, 57.83169666, 612.809290464182368 ], [ -5.23002528, 57.83171842, 612.119656413540611 ], [ -5.22994285, 57.83175272, 611.630082526124284 ], [ -5.22986003, 57.83177988, 610.971589484132096 ], [ -5.22981096, 57.83182099, 610.457477284076276 ], [ -5.22974861, 57.83186161, 609.366408471297291 ], [ -5.22968272, 57.83189058, 608.555419091414478 ], [ -5.22960541, 57.83191271, 608.411792469623151 ], [ -5.2295401, 57.83194376, 607.414144502965769 ], [ -5.22946808, 57.83197234, 606.680347157123151 ], [ -5.22937133, 57.83198092, 605.557570580672291 ], [ -5.22929854, 57.83195088, 604.998163755197993 ], [ -5.22922201, 57.83192266, 604.127534308350846 ], [ -5.22913622, 57.83192498, 603.354857567976978 ], [ -5.2290503, 57.83194227, 602.360418306676706 ], [ -5.22896355, 57.83194105, 601.329931246129831 ], [ -5.22886747, 57.83193661, 600.774674811280534 ], [ -5.22877571, 57.83194881, 600.064280088205805 ], [ -5.22871534, 57.83198069, 598.755788790075144 ], [ -5.22864912, 57.83202052, 597.897614874757096 ], [ -5.22857452, 57.83204634, 597.274038301793894 ], [ -5.22848751, 57.83205271, 595.781720012173423 ], [ -5.22842639, 57.83209393, 594.651582159913346 ], [ -5.22833358, 57.83210667, 593.976291370990339 ], [ -5.22824082, 57.83209133, 593.149258464321861 ], [ -5.22813583, 57.83206976, 592.298068714740339 ], [ -5.22806303, 57.83204628, 591.520862293841901 ], [ -5.2279924, 57.83202059, 590.553411470739206 ], [ -5.2279102, 57.8319992, 589.842829282541743 ], [ -5.22788734, 57.83194965, 589.174145549282798 ], [ -5.22781231, 57.83197111, 587.643324975203541 ], [ -5.22776579, 57.83201004, 586.858946923445728 ], [ -5.22771391, 57.83205466, 586.28519683625268 ], [ -5.22766093, 57.83209549, 584.775516224505964 ], [ -5.22764408, 57.83213965, 583.774472087368622 ], [ -5.22757927, 57.8321709, 583.035578305979129 ], [ -5.22749382, 57.83216941, 581.866371414238074 ], [ -5.22742402, 57.83214366, 581.074821731620887 ], [ -5.22734565, 57.83212534, 580.379526670236942 ], [ -5.22725624, 57.83211945, 580.586002064349714 ], [ -5.22719111, 57.83208888, 580.288745594623151 ], [ -5.22711233, 57.8320651, 579.414909622245887 ], [ -5.22701798, 57.8320497, 579.034610462787214 ], [ -5.22693623, 57.83202526, 578.290999535750302 ], [ -5.22684833, 57.83200857, 578.721312646101865 ], [ -5.22675884, 57.83199159, 578.250988811001434 ], [ -5.2266652, 57.83197346, 578.080750861085221 ], [ -5.22657441, 57.83193297, 578.535410459299442 ], [ -5.22648914, 57.83190706, 578.057725348389909 ], [ -5.22640316, 57.83189456, 578.056971128244754 ], [ -5.22637599, 57.83184261, 577.881638922608659 ], [ -5.22642438, 57.83180368, 577.062534046771589 ], [ -5.22643617, 57.83175868, 576.280420835276004 ], [ -5.22645111, 57.8317139, 574.086200428607526 ], [ -5.22647736, 57.8316691, 572.202258778216901 ], [ -5.226506, 57.83162505, 571.369375215856394 ], [ -5.22652737, 57.83157935, 569.841952992084089 ], [ -5.22647191, 57.83154328, 569.09683144492999 ], [ -5.2263851, 57.8315313, 567.112295137731394 ], [ -5.22630108, 57.83154488, 565.863631371687802 ], [ -5.22622168, 57.83156403, 564.336019502965769 ], [ -5.22622071, 57.83151569, 562.512095029611942 ], [ -5.22621569, 57.83147026, 561.516901548166629 ], [ -5.22618939, 57.83142593, 559.592569883127567 ], [ -5.22615072, 57.831382, 558.315784168841901 ], [ -5.22608515, 57.83135043, 556.995401914377567 ], [ -5.22602839, 57.83139, 555.976805810164365 ], [ -5.22595597, 57.83142031, 554.658688395962372 ], [ -5.22587642, 57.83145258, 553.584794440186784 ], [ -5.22578455, 57.83141176, 552.363121292167762 ], [ -5.22582882, 57.83137126, 551.016127709578427 ], [ -5.22586509, 57.83132415, 549.428688308769324 ], [ -5.22590742, 57.83128178, 548.526917853272721 ], [ -5.22595116, 57.83123315, 546.954388469204559 ], [ -5.22594884, 57.8311825, 545.650614316721317 ], [ -5.22588582, 57.831151, 544.353634685024872 ], [ -5.2257899, 57.83114021, 543.228591088484677 ], [ -5.22571121, 57.83111784, 542.721463054165497 ], [ -5.22563027, 57.83110348, 541.726459217670026 ], [ -5.22554198, 57.83108378, 540.918113967949012 ], [ -5.22545041, 57.83108777, 540.002000250733659 ], [ -5.22537093, 57.83106269, 539.334070737619754 ], [ -5.22532425, 57.83101522, 538.185057763289365 ], [ -5.22529024, 57.83097242, 536.831836414935651 ], [ -5.22523514, 57.83093586, 535.992725086810651 ], [ -5.2251618, 57.83089955, 534.617419911029401 ], [ -5.22509291, 57.83086386, 533.548243100901004 ], [ -5.22500121, 57.83085146, 532.276553822162214 ], [ -5.22492352, 57.83087108, 530.637777315465769 ], [ -5.22481478, 57.83090532, 529.668251297050574 ], [ -5.22478421, 57.83094871, 528.048349912424442 ], [ -5.22471094, 57.83097726, 526.179130813652137 ], [ -5.22468983, 57.83102739, 524.948962879779401 ], [ -5.22460807, 57.83105649, 523.561202172469052 ], [ -5.22452706, 57.83103406, 521.960550840158817 ], [ -5.22447967, 57.8309965, 521.013108649171159 ], [ -5.22443947, 57.83103878, 520.105110427909949 ], [ -5.22441522, 57.83108276, 518.636759336252567 ], [ -5.22439379, 57.83113446, 517.247867298724714 ], [ -5.22436664, 57.8311778, 516.409322725622019 ], [ -5.22435091, 57.83122603, 515.277297143172177 ], [ -5.22436204, 57.83127458, 514.405346721157684 ], [ -5.22433643, 57.83132459, 513.459602615409949 ], [ -5.22434015, 57.83137429, 512.356076091274872 ], [ -5.22432363, 57.83142199, 511.357484259522664 ], [ -5.22427209, 57.83146396, 510.998889637591844 ], [ -5.22421554, 57.83150327, 509.628870542307254 ], [ -5.22416407, 57.8315451, 508.323965059606394 ], [ -5.22408747, 57.83156621, 507.284983213205749 ], [ -5.22401782, 57.83159352, 505.450301293562916 ], [ -5.22393331, 57.83157696, 504.588731207764909 ], [ -5.22387452, 57.83153975, 504.208244583183443 ], [ -5.22380966, 57.83156979, 503.543334130476978 ], [ -5.22371576, 57.83156665, 502.666099807792818 ], [ -5.22367953, 57.83152534, 501.859073353412271 ], [ -5.22364356, 57.83148141, 501.120369216972506 ], [ -5.2236333, 57.83143425, 500.722518090437916 ], [ -5.2236271, 57.83138228, 499.897752203858659 ], [ -5.22363019, 57.83133343, 499.105071191023853 ], [ -5.22360122, 57.83128556, 498.261619827324068 ], [ -5.22358364, 57.83124036, 497.712593338066256 ], [ -5.22358611, 57.8311897, 497.378155559048423 ], [ -5.22359755, 57.83113403, 496.430523723110923 ], [ -5.2235864, 57.83107883, 495.597263050677896 ], [ -5.22354042, 57.83104078, 494.142313535471374 ], [ -5.22346884, 57.83107443, 493.009344087926763 ], [ -5.22339726, 57.83110182, 492.099458136475846 ], [ -5.22331517, 57.8310828, 491.047079073278326 ], [ -5.22329177, 57.83103536, 490.140214362061784 ], [ -5.22324207, 57.83098922, 488.780575602993736 ], [ -5.22315889, 57.83095964, 487.307507365689048 ], [ -5.22309337, 57.83092396, 486.252673817279458 ], [ -5.22302398, 57.8308842, 485.114041179165611 ], [ -5.222951, 57.83086146, 483.962009144427896 ], [ -5.22287583, 57.83083701, 482.683714989851978 ], [ -5.22281863, 57.83080146, 481.445810849924499 ], [ -5.22275079, 57.8307702, 480.961520863177896 ], [ -5.22266506, 57.83078838, 480.789961938094166 ], [ -5.22259583, 57.83075549, 479.811377648543385 ], [ -5.22252398, 57.8307209, 478.782966873222506 ], [ -5.2224353, 57.83069878, 477.823066970878756 ], [ -5.2223468, 57.83068187, 476.879585525566256 ], [ -5.22226565, 57.83066859, 475.586003154263267 ], [ -5.22216892, 57.83065547, 474.735001959718034 ], [ -5.22207379, 57.83064279, 474.231459740828541 ], [ -5.22197827, 57.83065249, 473.304398932374284 ], [ -5.2218899, 57.8306638, 472.410933617781666 ], [ -5.22180728, 57.83067345, 471.276643195069596 ], [ -5.22172014, 57.83066013, 470.172549915912271 ], [ -5.22160384, 57.83063894, 469.120736517823502 ], [ -5.22154354, 57.83067325, 467.253402969413912 ], [ -5.22156241, 57.83072147, 465.653128747176197 ], [ -5.22157427, 57.83076828, 464.649253014754322 ], [ -5.22163892, 57.83080811, 463.449094759313482 ], [ -5.2216946, 57.83084652, 462.001506519916177 ], [ -5.22174657, 57.83089099, 460.633375154821294 ], [ -5.22177628, 57.83094329, 459.288080747385436 ], [ -5.22181276, 57.83098805, 457.997141416330749 ], [ -5.22185269, 57.83103213, 456.584280001012701 ], [ -5.22189293, 57.83107168, 455.328444604109791 ], [ -5.22191138, 57.83111731, 453.880666719762701 ], [ -5.22191917, 57.83117299, 452.773177270125416 ], [ -5.221866, 57.8312105, 451.497525065884361 ], [ -5.22185199, 57.83125676, 449.926127012033874 ], [ -5.22178655, 57.83128545, 448.79523384971526 ], [ -5.22171145, 57.8313209, 447.338963359341392 ], [ -5.22163568, 57.83134444, 445.653947272218034 ], [ -5.22155401, 57.83135689, 444.052352074812916 ], [ -5.22146338, 57.83133669, 442.121038423864263 ], [ -5.22139531, 57.83130455, 440.772912421143815 ], [ -5.22130802, 57.83132202, 438.907278047887701 ], [ -5.22122977, 57.83134478, 437.563114970669517 ], [ -5.22114151, 57.83135072, 435.992095116805103 ], [ -5.22106173, 57.8313708, 434.592067433002114 ], [ -5.22098219, 57.83139537, 433.133343547329673 ], [ -5.22091677, 57.83142786, 431.102944769776627 ], [ -5.2208601, 57.83146204, 429.493799741526061 ], [ -5.22080115, 57.83149491, 428.082447856411704 ], [ -5.22073545, 57.83152819, 426.566725854109791 ], [ -5.22066667, 57.83155831, 425.099508272497076 ], [ -5.22059609, 57.8315847, 424.329663127407798 ], [ -5.22054382, 57.83161999, 423.237648269706881 ], [ -5.22045149, 57.8316023, 422.683525344902193 ], [ -5.22037671, 57.8315711, 421.259151173236489 ], [ -5.22030782, 57.83154406, 420.474017811420083 ], [ -5.22026176, 57.83149641, 419.080974293353677 ], [ -5.22018232, 57.83147668, 417.591297954067954 ], [ -5.22012107, 57.83144383, 416.218825463484791 ], [ -5.22005953, 57.83148002, 414.855412333950767 ], [ -5.22006396, 57.8315303, 414.074431542586353 ], [ -5.22002985, 57.83157271, 412.968640178189048 ], [ -5.21994495, 57.83154843, 411.767538057653326 ], [ -5.21987015, 57.83152744, 410.487734372873717 ], [ -5.21978627, 57.83151876, 409.25737897387819 ], [ -5.21974398, 57.83156537, 407.54103332306903 ], [ -5.21970815, 57.83160786, 405.967370428956372 ], [ -5.2196304, 57.83163273, 404.186100810513324 ], [ -5.21956053, 57.83166207, 403.035767950929028 ], [ -5.21951391, 57.83170449, 401.979047762243226 ], [ -5.21952553, 57.83175318, 400.812294265800688 ], [ -5.21953868, 57.83179912, 399.832765021241528 ], [ -5.2194453, 57.83177238, 398.561831052561331 ], [ -5.21940335, 57.83172946, 397.459248393521136 ], [ -5.21934117, 57.83169093, 395.637400205393362 ], [ -5.21927109, 57.83166284, 394.234163816233206 ], [ -5.21919498, 57.83163754, 393.02815381518684 ], [ -5.21911828, 57.83161639, 391.898014873013324 ], [ -5.21903823, 57.83160001, 390.391540786796782 ], [ -5.21894556, 57.83159192, 389.166469288470921 ], [ -5.21893106, 57.83163869, 388.047277437536195 ], [ -5.21896515, 57.83168574, 386.630452006802386 ], [ -5.21897447, 57.83173241, 385.069811399241019 ], [ -5.21905616, 57.83180948, 382.801796218925688 ], [ -5.21908366, 57.83185574, 381.254934297887758 ], [ -5.2190845, 57.83190329, 379.362877151542875 ], [ -5.21908791, 57.83194916, 377.846778039168441 ], [ -5.21908718, 57.8319988, 376.210266372734282 ], [ -5.21907992, 57.83204512, 374.728328419330296 ], [ -5.21905568, 57.83209328, 373.084268011964184 ], [ -5.21902575, 57.8321409, 371.536839335903949 ], [ -5.21900571, 57.83218828, 369.597976944023344 ], [ -5.2189801, 57.83223146, 367.835580267823559 ], [ -5.21894933, 57.83227478, 366.235117490549612 ], [ -5.21888158, 57.83230379, 364.387601839391664 ], [ -5.21882481, 57.83234177, 362.870748506872133 ], [ -5.21877568, 57.83238117, 361.34785596362434 ], [ -5.21868415, 57.8323703, 359.89762577389223 ], [ -5.21859246, 57.83235545, 357.718882138987112 ], [ -5.2184588, 57.83233376, 356.055760234341449 ], [ -5.21836584, 57.83230711, 354.019699356132719 ], [ -5.2183309, 57.83235355, 352.213893604877171 ], [ -5.21829619, 57.83239759, 350.768758760778383 ], [ -5.21826693, 57.83245142, 349.434410354667875 ], [ -5.21822082, 57.83248985, 347.570096956579164 ], [ -5.21813486, 57.83250161, 346.568675709369359 ], [ -5.21805837, 57.83246724, 345.509689590507719 ], [ -5.21803232, 57.83242146, 344.17515262936098 ], [ -5.21795163, 57.83239258, 343.069739464949691 ], [ -5.2178756, 57.83237102, 341.767475932583636 ], [ -5.21778293, 57.83235453, 340.732836301584769 ], [ -5.21769902, 57.83234498, 340.002247661099318 ], [ -5.21759099, 57.8323373, 339.715748637661818 ], [ -5.21750168, 57.83232363, 339.154831192070276 ], [ -5.21741639, 57.83232659, 338.766039426584825 ], [ -5.21731803, 57.83233572, 337.920323222622756 ], [ -5.21722862, 57.83232922, 336.921731390870548 ], [ -5.21713543, 57.83232841, 335.937672465786818 ], [ -5.21704568, 57.83235519, 335.352786732318634 ], [ -5.21696914, 57.8323833, 334.110917487061954 ], [ -5.2168792, 57.83239415, 332.871502727017287 ], [ -5.21680274, 57.83241845, 331.961993885638947 ], [ -5.2167241, 57.83244059, 331.069848456300235 ], [ -5.21664156, 57.83246433, 330.348507731900099 ], [ -5.21655621, 57.83247364, 329.524684620502228 ], [ -5.21646844, 57.83249579, 328.58988542616629 ], [ -5.21638826, 57.83252036, 327.241949068395627 ], [ -5.21636233, 57.83256338, 326.077650057165158 ], [ -5.21631835, 57.83260993, 324.992052610178575 ], [ -5.21638872, 57.83266356, 324.255424758964807 ], [ -5.21644726, 57.83269953, 322.962030942698107 ], [ -5.21651474, 57.83272962, 321.808867577742717 ], [ -5.21656724, 57.83276949, 320.073460429654006 ], [ -5.21649632, 57.83280068, 318.854429231969846 ], [ -5.21641274, 57.83281962, 317.480070101110471 ], [ -5.21631324, 57.83282159, 316.466757897566936 ], [ -5.2162618, 57.83285834, 315.221491391916857 ], [ -5.21630806, 57.83289653, 313.984717492293498 ], [ -5.21637957, 57.83292445, 312.651879706300235 ], [ -5.21634453, 57.8329718, 311.283371231132776 ], [ -5.21640253, 57.83300877, 310.156063884243849 ], [ -5.21647061, 57.83304739, 309.225039060373888 ], [ -5.21653165, 57.83308895, 307.713093608364943 ], [ -5.21658009, 57.83312865, 305.96485163884762 ], [ -5.21663157, 57.83316966, 304.57105281072262 ], [ -5.21668649, 57.83320785, 303.526789243479357 ], [ -5.21666502, 57.83325471, 302.682960769706995 ], [ -5.2166539, 57.83330155, 301.576979760359905 ], [ -5.21660057, 57.83333739, 301.275760365131134 ], [ -5.21655134, 57.83338319, 299.813072464042932 ], [ -5.21647596, 57.83340992, 298.701997198976017 ], [ -5.2163906, 57.83341875, 297.552796759522892 ], [ -5.21630398, 57.8334119, 296.376605702045197 ], [ -5.21620583, 57.83341105, 295.151344558769495 ], [ -5.21611821, 57.83340795, 294.685171114294064 ], [ -5.21601203, 57.83340573, 293.811522607039592 ], [ -5.21592185, 57.83340961, 293.544840390940294 ], [ -5.21582064, 57.8334145, 292.969956793702579 ], [ -5.21572872, 57.83340163, 292.732719680839807 ], [ -5.21566347, 57.8334354, 292.572482777240509 ], [ -5.21555214, 57.83339447, 292.341848360387871 ], [ -5.21547016, 57.83337265, 292.332034779193634 ], [ -5.21540413, 57.83333928, 291.757528292028496 ], [ -5.21533621, 57.83329911, 291.157923276682482 ], [ -5.21526292, 57.83327431, 290.465647275705919 ], [ -5.21519371, 57.83324569, 290.274081898334259 ], [ -5.21512399, 57.83320736, 288.997865118897892 ], [ -5.21506201, 57.83316874, 288.595484311838732 ], [ -5.21497409, 57.83316575, 287.107318592670197 ], [ -5.21487569, 57.83317628, 285.694267532402364 ], [ -5.2147823, 57.83316853, 284.078329073278496 ], [ -5.21466204, 57.8331625, 283.468718651961524 ], [ -5.21454087, 57.83315893, 282.347073405728281 ], [ -5.2144575, 57.83314724, 280.895522240828711 ], [ -5.2143885, 57.83311196, 279.443971075929142 ], [ -5.21430374, 57.83311536, 277.607211781146759 ], [ -5.21421842, 57.83313869, 276.012033994455919 ], [ -5.21413529, 57.83315614, 274.982111509104357 ], [ -5.21406042, 57.83318112, 273.615867874199239 ], [ -5.21398503, 57.83320353, 271.941987433351017 ], [ -5.21390425, 57.83323391, 271.257826928328711 ], [ -5.21382511, 57.83325729, 269.619994286727149 ], [ -5.21374431, 57.833287, 268.572709479249454 ], [ -5.21367233, 57.83331139, 266.998292364991642 ], [ -5.21358359, 57.83332699, 265.987811756732697 ], [ -5.21349055, 57.83332527, 264.212203149031836 ], [ -5.21340034, 57.83334002, 261.351940959439219 ], [ -5.21332467, 57.8333687, 259.782240990828711 ], [ -5.21324923, 57.83339172, 258.496585560443634 ], [ -5.21318539, 57.83342973, 257.112223203440294 ], [ -5.21313644, 57.83347278, 255.584611334718204 ], [ -5.21312483, 57.83351986, 254.135325010080948 ], [ -5.21303451, 57.83354436, 253.137677043423565 ], [ -5.21295572, 57.8335731, 251.917891625594336 ], [ -5.21287853, 57.83359879, 250.629404599924698 ], [ -5.21279999, 57.83362535, 249.853708799143448 ], [ -5.21273115, 57.83366379, 248.595421096855489 ], [ -5.21271254, 57.83370958, 247.72932133053294 ], [ -5.21272709, 57.83375692, 246.113947446604385 ], [ -5.21266829, 57.83379332, 245.041561931118878 ], [ -5.2126045, 57.83383006, 245.104787813512843 ], [ -5.21254805, 57.83386408, 243.152526025008399 ], [ -5.21245155, 57.8338427, 241.255184977993878 ], [ -5.21236954, 57.83386645, 239.619806821604385 ], [ -5.21229184, 57.83388733, 237.959892532402364 ], [ -5.21220234, 57.83389816, 236.155597401263975 ], [ -5.21210551, 57.83389374, 234.111610672050801 ], [ -5.2120159, 57.83390875, 231.739413929584288 ], [ -5.21193137, 57.83392869, 229.099595465577579 ], [ -5.21184698, 57.83393004, 226.404476970181378 ], [ -5.21176443, 57.83394384, 223.945841367502823 ], [ -5.21165637, 57.83393069, 221.79465292581753 ], [ -5.21157832, 57.8339123, 219.796904687117774 ], [ -5.21149741, 57.83389241, 217.727627604947003 ], [ -5.21140141, 57.83388119, 215.579270758546329 ], [ -5.21131876, 57.83389799, 213.943702957207051 ], [ -5.21123746, 57.83393053, 212.17941855081753 ], [ -5.21120869, 57.83397781, 210.379840565326475 ], [ -5.21121177, 57.83403058, 208.530815383964864 ], [ -5.21117932, 57.83407543, 206.627621501431378 ], [ -5.21113507, 57.83411801, 204.724240153775128 ], [ -5.21112295, 57.8341678, 203.09433554300503 ], [ -5.21113329, 57.83421831, 201.835478905867774 ], [ -5.21109733, 57.83426595, 200.29993900631419 ], [ -5.21109577, 57.83431411, 198.601712077603253 ], [ -5.21106946, 57.83436055, 196.741929449952551 ], [ -5.21108477, 57.83442249, 194.738709845460363 ], [ -5.21104799, 57.83446358, 192.519955485806349 ], [ -5.21099546, 57.8345043, 190.479364927073078 ], [ -5.21097387, 57.8345486, 188.328930705532912 ], [ -5.21090661, 57.83457846, 186.218886498641183 ], [ -5.21083216, 57.83460452, 184.205096912982697 ], [ -5.21077438, 57.83463816, 182.197722558211495 ], [ -5.21068265, 57.83464556, 180.152604498780676 ], [ -5.21061729, 57.83468158, 178.275080259104328 ], [ -5.2105633, 57.83472052, 176.512306472832023 ], [ -5.21049536, 57.83475119, 174.695178700092072 ], [ -5.21051155, 57.8347998, 173.049797317558586 ], [ -5.21055013, 57.83484419, 171.450087670516183 ], [ -5.21059099, 57.83488372, 169.917191901124426 ], [ -5.21063535, 57.83492287, 168.341264166749426 ], [ -5.21062781, 57.83496893, 166.997856399589836 ], [ -5.21061849, 57.83501392, 165.834877273613273 ], [ -5.21062815, 57.83506269, 164.632266712787384 ], [ -5.21065148, 57.83510925, 163.288858945627766 ], [ -5.21069749, 57.83515489, 162.255729934746086 ], [ -5.21072221, 57.83520031, 161.127102702603224 ], [ -5.21073144, 57.83524612, 160.288368484550773 ], [ -5.21074592, 57.83529976, 159.096702835136711 ], [ -5.21079407, 57.83533896, 157.959014062117745 ], [ -5.21080452, 57.83538896, 157.001753930281808 ], [ -5.2108481, 57.83543016, 155.496790464182453 ], [ -5.21089434, 57.83547082, 154.432710089600988 ], [ -5.21091867, 57.83551447, 153.657014288819738 ], [ -5.2109366, 57.83556255, 152.887356608853224 ], [ -5.21093229, 57.83561296, 151.942554188373322 ], [ -5.21093177, 57.83566851, 151.049465983853224 ], [ -5.2109291, 57.83572003, 150.271880273055245 ], [ -5.21090829, 57.83576927, 149.698884406007238 ], [ -5.21086369, 57.83581621, 148.432858317837599 ], [ -5.2108528, 57.83586239, 147.204578114154572 ], [ -5.21082955, 57.83590642, 145.972145340019523 ], [ -5.21079422, 57.83594906, 144.984690244455891 ], [ -5.21073251, 57.83598465, 144.179174410192502 ], [ -5.210656, 57.83601039, 142.397150571604328 ], [ -5.21059776, 57.83605225, 141.468204212787384 ], [ -5.21053639, 57.83609284, 140.119512544958127 ], [ -5.2105131, 57.83614109, 138.451859869874426 ], [ -5.21051101, 57.83620636, 137.428167330114377 ], [ -5.21046623, 57.8362511, 136.159499291609933 ], [ -5.21040939, 57.8362919, 135.07427895469587 ], [ -5.21038754, 57.83634136, 133.719926276124426 ], [ -5.21035852, 57.83638902, 132.086246204974884 ], [ -5.2103427, 57.83643613, 130.79266274375837 ], [ -5.21040933, 57.83648156, 129.701027175957023 ], [ -5.21046652, 57.83652297, 128.439907878384474 ], [ -5.21053249, 57.83655175, 127.292028414098766 ], [ -5.21057146, 57.83659852, 125.728181281007238 ], [ -5.21056776, 57.83664562, 124.846794387871086 ], [ -5.21061845, 57.83668498, 123.522636673027336 ], [ -5.21066144, 57.836725, 122.571796131732683 ], [ -5.21073291, 57.8367654, 121.469590582765051 ], [ -5.21077791, 57.83680652, 119.926501942279558 ], [ -5.21083252, 57.83684616, 118.736724023055231 ], [ -5.21088572, 57.83688733, 117.106442302212599 ], [ -5.21094859, 57.83692507, 115.654701492363273 ], [ -5.21099415, 57.83696471, 114.578540516498308 ], [ -5.21101997, 57.8370118, 113.611091873222648 ], [ -5.21105599, 57.83705774, 112.113677148055231 ], [ -5.21109836, 57.83710317, 110.79065294325612 ], [ -5.21115371, 57.83714535, 109.208684908239348 ], [ -5.21118833, 57.83718874, 107.713157913261668 ], [ -5.21125477, 57.83722502, 106.31992366033198 ], [ -5.21130826, 57.83726644, 105.12184060020364 ], [ -5.21137937, 57.83729527, 103.290367385917918 ], [ -5.21142502, 57.83733617, 102.257238375036223 ], [ -5.21147848, 57.83737111, 101.055382034355418 ], [ -5.21154138, 57.83740707, 99.86069514470698 ], [ -5.21163499, 57.83742566, 98.894377831648953 ], [ -5.2117225, 57.83744533, 97.817839745711453 ], [ -5.21180259, 57.83747038, 96.251348482458098 ], [ -5.21186701, 57.83750384, 94.713543742642258 ], [ -5.21194318, 57.83753142, 93.99484387866346 ], [ -5.21201836, 57.837558, 92.939822865131092 ], [ -5.21207994, 57.83759755, 91.828557955114348 ], [ -5.21214918, 57.83763233, 90.986425386754973 ], [ -5.21221431, 57.8376673, 89.986512579835335 ], [ -5.21229893, 57.83770066, 89.071532372664578 ], [ -5.21237868, 57.83772768, 88.498157215717029 ], [ -5.21242859, 57.83776563, 87.235904408099842 ], [ -5.21249383, 57.83779878, 86.145023060443592 ], [ -5.21257146, 57.83783342, 84.876732132011668 ], [ -5.21264404, 57.83787025, 83.695634283936897 ], [ -5.21270438, 57.83791042, 82.941076265661223 ], [ -5.21276451, 57.83794677, 82.185386917167918 ], [ -5.21281605, 57.83799314, 81.698077870013904 ], [ -5.21283104, 57.83804542, 80.610594872664578 ], [ -5.21291253, 57.83808202, 79.686930234690251 ], [ -5.21296647, 57.83812293, 79.018056856481536 ], [ -5.2130183, 57.83816791, 78.378251471436883 ], [ -5.21306512, 57.83821335, 77.504038388987098 ], [ -5.21311929, 57.83824823, 76.74306078017014 ], [ -5.21317517, 57.83829224, 76.104386725343133 ], [ -5.21321388, 57.8383322, 75.450235898752723 ], [ -5.2132882, 57.83837052, 74.861386149868807 ], [ -5.21335913, 57.83840358, 74.491844436699154 ], [ -5.21342579, 57.83844247, 73.966033105086439 ], [ -5.21350148, 57.8384827, 73.086911052212557 ], [ -5.21356819, 57.83852657, 72.522597436141126 ], [ -5.21363981, 57.83856232, 71.853724057932411 ], [ -5.21372037, 57.83859668, 71.169751018032869 ], [ -5.21373133, 57.83864718, 70.116617734690223 ], [ -5.21371718, 57.83869225, 69.233343111364334 ], [ -5.21366634, 57.83873878, 68.307790743200272 ], [ -5.21361789, 57.83878298, 67.367515823417904 ], [ -5.21358015, 57.8388292, 66.550298677770584 ], [ -5.21353974, 57.83887193, 66.064873001152279 ], [ -5.21345591, 57.83889517, 65.927094855225945 ], [ -5.21338393, 57.83892153, 65.639841611643348 ], [ -5.21333159, 57.83896082, 65.347683757290682 ], [ -5.21330087, 57.83900741, 64.815832125036209 ], [ -5.21324539, 57.83905128, 64.500269468088661 ], [ -5.21325137, 57.83910531, 64.210751384243807 ], [ -5.21329401, 57.83914558, 63.770245402798487 ], [ -5.21335582, 57.83918261, 63.522625773892237 ], [ -5.21345079, 57.8392084, 63.852531692558536 ], [ -5.21353453, 57.83923252, 64.214524664796258 ], [ -5.21362087, 57.83925808, 64.222452695627723 ], [ -5.21369717, 57.8392851, 64.560665935025057 ], [ -5.2137613, 57.83932313, 64.975504453440223 ], [ -5.21384988, 57.83935209, 64.375707613317459 ], [ -5.21393137, 57.83938499, 63.928786400984869 ], [ -5.21400354, 57.83941948, 63.619641154751612 ], [ -5.214079, 57.83945307, 63.425244182095362 ], [ -5.21414269, 57.83949216, 63.253872722134425 ], [ -5.21421122, 57.83953031, 62.996818801933536 ], [ -5.21429501, 57.83956197, 64.140545695767244 ], [ -5.2143643, 57.83959637, 64.103496852886479 ], [ -5.21443149, 57.83963147, 64.194148731830296 ], [ -5.21451929, 57.83966371, 64.142743952222702 ], [ -5.2145883, 57.83970331, 63.794107533099826 ], [ -5.21465673, 57.83974197, 63.848888959423611 ], [ -5.21472944, 57.83977743, 64.200751972797093 ], [ -5.21478403, 57.83982082, 63.798559175817459 ] ] ] } }
]
}
